Alimento,Valor Calórico,Gordura,Gorduras Saturadas,Gordura MonoSaturada,Gorduras Poliinsaturadas,Hidratos de Carbono, Açúcares,Proteína,Fibra,Colesterol,Potássio,Água,Vitamina A,Vitamina B1,Vitamina B12,Vitamina B12,Vitamina B2,Vitamina B3,Vitamina B5,Vitamina B6,Vitamina C,Vitamina D,Vitamina E,Vitamina K,Cálcio,Cobre,Ferro,Magnésio,Manganês,Fósforo,Potássio,Selénio,Zinco,Densidade Nutricional
Queijo cremoso,51,5.0,2.9,1.3,0.2,0.8,0.5,0.9,0.0,14.6,0.016,7.6,0.2,0.033,0.064,0.092,0.097,0.084,0.052,0.096,0.004,0.0,0.0,0.1,0.008,14.1,0.082,0.027,1.3,0.091,15.5,19.1,0.039,7.07
Queijo Neufchâtel,215,19.4,10.9,4.9,0.8,3.1,2.7,7.8,0.0,62.9,0.3,53.6,0.2,0.099,0.079,0.09,0.1,0.2,0.5,0.078,0.0,0.0,0.3,0.045,99.5,0.034,0.1,8.5,0.088,117.3,129.2,0.054,0.7,130.1
Requeijão cremoso light Catupiry,49,3.6,2.3,0.9,0.0,0.9,3.4,0.8,0.1,0.0,0.0,0.0,0.0,0.0,0.0,0.0,0.0,0.0,0.0,0.0,0.0,0.0,0.0,0.0,0.0,0.0,0.0,0.0,0.0,0.0,0.0,0.0,0.0,5.4
Queijo ricotta,30,2.0,1.3,0.5,0.002,1.5,0.091,1.5,0.0,9.8,0.017,14.7,0.075,0.019,0.079,0.091,0.027,0.041,0.016,0.007,0.006,0.0,0.001,0.011,0.097,41.2,0.097,0.096,4.0,0.024,30.8,43.8,0.035,5.196
Queijo cremoso baixo em gordura,30,2.3,1.4,0.6,0.042,1.2,0.9,1.2,0.0,8.1,0.046,10.0,0.016,0.08,0.062,0.049,0.026,0.08,0.1,0.003,0.0,0.036,0.009,0.019,22.2,0.072,0.008,1.2,0.098,22.8,37.1,0.034,0.053,27.007
Queijo cremoso sem gordura,19,0.2,0.1,0.091,0.075,1.4,1.0,2.8,0.0,2.2,0.1,12.9,0.063,0.02,0.089,0.092,0.021,0.025,0.2,0.038,0.0,0.0,0.049,0.059,63.2,0.039,0.053,4.0,0.028,94.1,50.0,0.013,0.3,67.679
Queijo Gruyère,116,9.1,5.3,2.8,0.5,0.1,0.1,8.3,0.0,30.8,0.2,9.3,0.061,0.021,0.072,0.078,0.004,0.043,0.2,0.051,0.0,0.034,0.035,0.048,283.1,0.033,0.094,10.1,0.002,169.4,22.7,0.079,1.1,300.694
Queijo cheddar,113,9.3,5.3,2.6,0.3,0.9,0.1,6.4,0.0,27.7,0.2,10.3,0.054,0.031,0.005,0.073,0.1,0.01,0.1,0.005,0.0,0.06,0.2,0.035,198.8,0.099,0.077,7.6,0.063,127.4,21.3,0.009,1.0,215.53
Queijo parmesano,71,4.5,2.7,1.4,0.1,0.6,0.046,6.4,0.0,12.2,0.2,5.4,0.067,0.062,0.099,0.059,0.057,0.039,0.06,0.066,0.0,0.095,0.018,0.021,213.1,0.051,0.1,7.9,0.073,124.9,16.6,0.045,0.5,224.777
Queijo romano,19,1.3,0.9,0.4,0.035,0.2,0.088,1.6,0.0,5.2,0.008,1.5,0.064,0.058,0.026,0.045,0.059,0.055,0.025,0.029,0.0,0.073,0.078,0.004,53.2,0.046,0.03,2.1,0.002,38.0,4.3,0.087,0.1,56.38
Queijo parmesão ralado,21,1.4,0.8,0.4,0.036,0.7,0.075,1.4,0.0,4.3,0.043,1.1,0.017,0.003,0.015,0.091,0.081,0.077,0.057,0.077,0.007,0.0,0.002,0.014,0.012,42.7,0.094,0.094,1.7,0.026,31.4,9.0,0.038,3.745
Queijo Port Salut,465,37.2,22.0,12.3,1.0,0.8,0.8,31.4,0.0,162.4,0.7,60.0,0.4,0.012,0.035,0.067,0.3,0.019,0.3,0.08,0.0,0.057,0.3,0.094,858.0,0.062,0.6,31.7,0.095,475.2,179.5,0.015,3.4,928.4
Queijo suíço,98,7.7,4.6,2.0,0.3,0.4,0.0,6.7,0.0,23.3,0.057,9.4,0.069,0.008,0.027,0.008,0.018,0.058,0.1,0.036,0.0,0.016,0.2,0.056,222.5,0.026,0.024,8.3,0.062,143.5,18.0,0.031,1.1,237.396
Queijo de cabra duro,128,10.1,7.0,2.3,0.2,0.6,0.6,8.6,0.0,29.7,0.076,8.2,0.1,0.071,0.035,0.093,0.3,0.7,0.1,0.007,0.0,0.044,0.083,0.039,253.3,0.2,0.5,15.3,0.088,206.3,13.6,0.082,0.4,273.2
Queijo Gouda,100,7.7,4.9,2.2,0.2,0.6,0.6,7.0,0.0,31.9,0.2,11.6,0.053,0.016,0.042,0.01,0.009,0.081,0.011,0.053,0.0,0.04,0.026,0.074,196.0,0.013,0.06,8.1,0.08,152.9,33.9,0.05,1.1,211.424
Queijo caseiro de pimenta e lucerna,75,6.0,4.0,0.0,0.0,0.0,0.0,5.0,2.5,0.0,0.0,0.0,0.0,0.0,0.0,0.0,0.0,0.0,0.0,0.0,0.0,0.0,0.0,0.0,0.0,0.0,0.0,0.0,0.0,0.0,0.0,0.0,0.0,13.5
Queijo de caril,106,8.3,5.3,2.3,0.2,0.9,0.0,7.1,0.0,26.3,0.2,11.1,0.014,0.077,0.066,0.038,0.1,0.04,0.022,0.086,0.0,0.0,0.0,0.0,190.5,0.007,0.2,6.2,0.002,138.7,26.3,0.009,0.8,207.072
Queijo gjetost,1058,67.0,43.5,17.9,2.1,96.8,0.0,21.9,0.0,213.4,1.4,30.5,0.8,0.7,0.076,0.047,3.1,1.8,7.6,0.6,0.0,0.0,0.0,0.0,908.0,0.2,1.2,158.9,0.035,1007.9,3198.4,0.039,2.6,1095.7
Queijo tilsit,136,10.4,6.7,2.9,0.3,0.8,0.0,9.8,0.0,40.8,0.3,17.1,0.057,0.036,0.072,0.058,0.1,0.068,0.1,0.036,0.0,0.0,0.0,0.0,280.0,0.033,0.01,5.2,0.086,200.0,26.0,0.026,1.4,301.069
Queijo de cabra,103,8.4,5.8,1.9,0.2,0.009,0.031,6.1,0.0,22.4,0.1,12.9,0.1,0.013,0.011,0.086,0.2,0.3,0.03,0.087,0.0,0.078,0.082,0.046,84.3,0.2,0.5,8.2,0.008,106.1,44.7,0.005,0.2,99.494
Queijo de tijolo,111,8.9,5.6,2.6,0.2,0.8,0.2,7.0,0.0,28.2,0.2,12.3,0.016,0.042,0.059,0.074,0.1,0.085,0.086,0.033,0.0,0.042,0.072,0.064,202.2,0.093,0.1,7.2,0.085,135.3,40.8,0.056,0.8,219.002
Queijo Asadero,402,31.9,20.3,9.1,1.0,3.2,3.2,25.5,0.0,118.7,0.7,47.6,0.098,0.034,0.005,0.043,0.3,0.2,0.3,0.024,0.0,0.071,0.3,0.02,746.9,0.067,0.6,29.4,0.024,500.6,97.2,0.096,3.4,808.175
Queijo Camembert,90,7.3,4.6,2.1,0.2,0.1,0.1,5.9,0.0,21.6,0.3,15.5,0.091,0.054,0.043,0.034,0.1,0.2,0.4,0.017,0.0,0.093,0.014,0.024,116.4,0.046,0.063,6.0,0.075,104.1,56.1,0.035,0.7,129.826
Queijo Provolone reduzido em gordura,310,19.9,12.8,5.5,0.6,4.0,0.6,27.9,0.0,62.2,1.0,57.2,0.2,0.05,0.063,0.079,0.4,0.2,0.5,0.061,0.0,0.027,0.2,0.076,854.3,0.077,0.6,31.6,0.096,560.5,155.9,0.054,3.6,906.9
Queijo Roquefort,314,26.0,16.4,7.2,1.1,1.7,0.0,18.3,0.0,76.5,1.5,33.5,0.2,0.092,0.037,0.002,0.5,0.6,1.5,0.1,0.0,0.0,0.0,0.0,562.7,0.005,0.5,25.5,0.036,333.2,77.4,0.081,1.8,609.4
Queijo branco,366,28.7,16.1,7.6,1.4,3.0,2.1,24.0,0.0,82.6,0.8,57.5,0.2,0.097,0.0,0.022,0.3,0.038,0.5,0.1,0.0,0.05,0.6,0.061,814.2,0.098,0.2,34.2,0.067,551.1,148.7,0.016,3.6,870.3
Queijo seco,315,23.6,13.3,6.2,1.2,2.0,0.5,23.8,0.0,75.7,1.8,40.9,0.2,0.038,0.0,0.01,0.2,0.027,0.4,0.049,0.0,0.032,0.5,0.045,641.2,0.091,0.2,26.2,0.083,460.8,112.5,0.048,3.2,691.0
Queijo de cabra suave,75,6.0,4.1,1.4,0.1,0.0,0.3,5.2,0.0,13.0,0.1,17.2,0.049,0.057,0.037,0.012,0.1,0.1,0.2,0.036,0.0,0.092,0.01,0.093,39.6,0.2,0.5,4.5,0.026,72.4,7.4,0.014,0.3,51.311
Queijo mozzarella,90,6.6,4.2,2.0,0.2,0.7,0.0,6.7,0.0,23.7,0.1,15.0,0.037,0.088,0.088,0.081,0.071,0.013,0.089,0.016,0.0,0.044,0.001,0.008,151.5,0.057,0.1,6.0,0.019,106.2,22.8,0.047,0.9,165.648
Queijo de Chihuahua,494,39.2,24.9,11.1,1.2,7.3,7.3,28.5,0.0,138.6,0.8,51.7,0.007,0.053,0.031,0.082,0.3,0.2,0.4,0.061,0.0,0.089,0.3,0.011,859.3,0.03,0.6,30.4,0.047,583.4,68.6,0.071,4.6,934.983
Queijo Limburger,98,8.2,5.0,2.6,0.1,0.1,0.1,6.0,0.0,27.0,0.2,14.5,0.1,0.021,0.095,0.082,0.2,0.009,0.4,0.002,0.0,0.004,0.055,0.046,149.1,0.036,0.011,6.3,0.054,117.9,38.4,0.029,0.6,163.575
Queijo muenster,486,39.7,25.2,11.5,0.9,1.5,1.5,30.9,0.0,126.7,0.8,55.1,0.4,0.016,0.009,0.085,0.4,0.1,0.3,0.072,0.0,0.065,0.3,0.056,946.4,0.008,0.5,35.6,0.093,617.8,176.9,0.059,3.7,1019.4
Queijo fresco,365,29.1,15.8,7.3,1.3,3.6,2.8,22.1,0.0,84.2,0.9,62.7,0.3,0.019,0.029,0.076,0.2,0.05,0.4,0.06,0.0,0.055,0.5,0.087,690.5,0.025,0.2,29.3,0.053,469.7,157.4,0.073,3.1,745.8
Queijo brie,100,8.3,5.2,2.4,0.2,0.1,0.1,6.2,0.0,30.0,0.2,14.5,0.014,0.04,0.025,0.073,0.2,0.1,0.2,0.001,0.0,0.068,0.078,0.056,55.2,0.015,0.2,6.0,0.047,56.4,45.6,0.04,0.7,70.096
Queijo com pimento,525,43.7,27.5,12.5,1.4,2.4,0.9,31.0,0.1,131.6,2.0,54.7,0.3,0.023,0.043,0.016,0.5,0.1,0.7,0.011,3.2,0.099,0.4,0.086,859.6,0.032,0.6,30.8,0.031,1041.6,226.8,0.089,4.2,940.9
Queijo mexicano,316,21.7,13.0,5.6,0.8,3.8,0.6,27.7,0.0,69.4,0.9,54.0,0.2,0.091,0.027,0.05,0.3,0.017,0.0,0.04,0.0,0.087,0.2,0.073,1283.5,0.034,0.1,39.2,0.0,653.0,104.2,0.006,4.8,1337.0
Queijo feta,80,6.4,4.0,1.4,0.2,1.2,0.0,4.3,0.0,26.7,0.3,16.6,0.014,0.063,0.021,0.076,0.3,0.3,0.3,0.1,0.0,0.06,0.036,0.057,147.9,0.012,0.2,5.7,0.063,101.1,18.6,0.005,0.9,160.058
Queijo mozzarella sem gordura,159,0.0,0.0,0.0,0.0,4.0,1.7,35.8,2.0,20.3,0.8,68.0,0.1,0.079,0.011,0.025,0.3,0.1,0.0,0.055,0.0,0.0,0.2,0.018,1085.9,0.077,0.4,37.3,0.0,741.3,119.8,0.035,4.4,1128.2
Queijo Provolone,463,35.1,22.5,9.8,1.0,2.8,0.7,33.8,0.0,91.1,1.2,54.1,0.3,0.013,0.017,0.005,0.4,0.2,0.6,0.052,0.0,0.028,0.3,0.001,997.9,0.011,0.7,37.0,0.033,654.7,182.2,0.017,4.3,1070.6
Queijo Añejo,492,39.6,25.1,11.3,1.2,6.1,6.1,28.3,0.0,138.6,1.5,50.2,0.098,0.069,0.081,0.077,0.3,0.088,0.3,0.011,0.0,0.032,0.3,0.078,897.6,0.058,0.6,37.0,0.067,586.1,114.8,0.095,3.9,972.205
Mel,64,0.0,0.0,0.0,0.0,17.3,17.2,0.08,0.025,0.0,0.011,3.6,0.0,0.0,0.022,0.0,0.003,0.012,0.03,0.004,0.1,0.0,0.0,0.0,1.3,0.061,0.017,0.4,0.098,0.8,10.9,0.021,0.008,18.892
Manteiga de maçã,35,0.063,0.038,0.066,0.064,8.5,7.1,0.045,0.3,0.0,0.003,11.3,0.0,0.078,0.02,0.0,0.053,0.092,0.005,0.057,0.1,0.0,0.06,0.075,2.8,0.085,0.025,0.8,0.093,1.6,18.2,0.078,0.095,11.836
Marmelada de frutas,56,0.095,0.021,0.065,0.0,13.8,9.7,0.0,0.2,0.0,0.052,6.1,0.0,0.083,0.076,0.0,0.024,0.07,0.045,0.037,1.8,0.0,0.062,0.0,4.0,0.022,0.07,0.8,0.002,3.8,15.4,0.054,0.03,19.919
Pulverização de chocolate e noz,100,5.5,5.3,0.0,0.0,11.5,10.0,1.0,1.0,0.0,0.099,0.2,0.0,0.005,0.02,0.042,0.036,0.072,0.1,0.056,0.0,0.0,0.9,0.071,20.0,0.061,0.8,11.8,0.2,28.1,75.3,0.021,0.2,39.8
Manteiga de amendoim,88,7.4,1.4,3.1,1.7,3.6,1.0,3.3,0.9,0.0,0.085,0.2,0.0,0.0,0.081,0.063,0.0,0.041,2.0,0.2,0.078,0.0,0.0,0.9,0.0,8.1,0.079,0.3,26.9,0.2,50.3,88.8,0.044,15.268
Pasta de amendoim,101,8.5,1.6,4.2,2.5,2.2,0.5,3.8,1.2,0.0,0.028,0.3,0.0,0.091,0.079,0.0,0.025,2.5,0.2,0.049,0.0,0.0,1.2,0.046,11.2,0.1,0.4,25.4,0.3,54.3,126.8,0.078,0.5,27.3
Pão de frango,88,9.8,1.8,2.7,1.3,2.3,0.3,10.1,0.2,31.4,0.4,32.1,0.076,0.06,0.048,0.064,0.003,1.5,0.2,0.016,0.0,0.0,0.0,0.0,9.0,0.049,0.5,6.7,0.083,49.8,59.4,0.029,0.6,31.972
Purinho para queijo,708,68.6,43.2,19.4,2.5,8.4,8.4,17.0,0.0,216.0,1.2,140.4,0.7,0.071,0.027,0.011,0.5,2.3,0.0,0.051,0.0,0.091,1.8,0.098,170.4,0.02,2.7,14.4,0.0,218.4,268.8,0.065,1.2,267.8
Tahini,86,7.2,1.0,2.7,3.2,3.9,0.0,2.7,1.4,0.0,0.098,0.5,0.0,0.2,0.034,0.0,0.086,0.9,0.1,0.036,0.0,0.0,0.0,0.0,63.0,0.2,0.4,14.4,0.2,112.8,62.1,0.0,0.7,78.6
Marmalade de laranja,49,0.0,0.0,0.0,0.0,13.3,12.0,0.014,0.1,0.0,0.016,6.6,0.0,0.098,0.06,0.0,0.075,0.065,0.028,0.046,1.0,0.0,0.089,0.0,7.6,0.076,0.053,0.4,0.055,0.8,7.4,0.057,0.046,22.119
Sorvetão de queijo americano,46,3.4,2.1,1.0,0.062,1.4,1.2,2.6,0.0,8.8,0.3,7.6,0.043,0.012,0.066,0.022,0.076,0.089,0.1,0.086,0.0,0.014,0.022,0.046,89.9,0.061,0.079,4.6,0.062,140.0,38.7,0.052,0.4,97.357
Marmelada de damasco,48,0.01,0.042,0.0,0.0,12.9,8.7,0.1,0.044,0.0,0.004,6.9,0.0,0.0,0.017,0.0,0.053,0.096,0.087,0.068,1.8,0.0,0.048,0.0,4.0,0.07,0.066,0.8,0.099,0.6,15.4,0.009,0.062,18.91
Manteiga de amendoim grossa,94,8.0,1.2,3.7,2.2,3.5,1.3,3.8,1.3,0.0,0.03,0.2,0.0,0.018,0.094,0.0,0.013,2.2,0.2,0.072,0.0,0.0,1.0,0.016,7.2,0.002,0.3,25.6,0.3,51.0,119.2,0.045,0.4,24.1
Purê de presunto e queijo,37,2.8,1.3,1.1,0.2,0.3,0.0,2.4,0.0,9.2,0.2,8.9,0.03,0.0,0.094,0.035,0.066,0.3,0.098,0.041,0.0,0.0,0.0,0.0,32.6,0.087,0.1,2.7,0.063,74.3,24.3,0.065,0.3,38.238
Arroz e creme de frango caseiro,27,1.0,0.0,0.0,0.0,2.4,0.0,2.0,0.3,0.0,0.0,0.0,0.0,0.0,0.0,0.0,0.0,0.0,0.0,0.0,0.0,0.0,0.0,0.0,0.0,0.0,0.0,0.0,0.0,0.0,0.0,0.0,0.0,5.7
Pão de picnic,65,4.7,1.7,2.2,0.5,1.3,0.0,4.2,0.0,10.6,0.3,16.9,0.0,0.1,0.005,0.004,0.01,0.6,0.2,0.083,0.0,0.025,0.0,0.0,13.2,0.078,0.3,4.2,0.094,35.0,74.8,0.025,0.6,23.7
Tamales de milho,309,12.0,4.4,4.0,2.6,44.3,12.3,5.8,5.3,0.0,0.5,101.8,0.0,0.098,0.0,0.0,0.023,2.2,0.6,0.3,0.0,0.0,0.7,0.052,39.8,0.02,0.9,48.1,0.4,154.4,308.8,0.075,1.0,108.1
Batata assada com molho de queijo e bacon,451,25.9,10.1,9.7,4.8,44.4,0.0,18.4,0.0,29.9,1.0,194.4,0.2,0.3,0.011,0.007,0.2,4.0,1.3,0.7,28.7,0.0,0.0,0.0,308.0,0.6,3.1,68.8,0.5,346.8,1178.1,0.01,2.2,428.7
Rolinho chinês,223,10.6,1.9,2.7,5.0,24.3,0.0,7.4,2.3,14.2,0.4,45.0,0.0,0.1,0.0,0.079,0.001,2.4,0.3,0.1,0.0,0.0,0.0,0.066,35.6,0.1,1.3,16.0,0.2,75.7,146.9,0.0,0.6,81.5
Croissant com manteiga,231,12.0,6.6,3.1,0.6,26.1,6.4,4.7,1.5,38.2,0.2,13.2,0.1,0.2,0.021,0.092,0.1,1.2,0.5,0.095,0.1,0.0,0.5,0.022,21.1,0.07,1.2,9.1,0.2,59.9,67.3,0.054,0.4,66.8
Enchilada com queijo e carne de boi,323,17.6,9.0,6.1,1.4,30.5,0.0,11.9,0.0,40.3,1.3,128.4,0.016,0.056,0.075,0.036,0.4,2.5,1.4,0.3,1.3,0.0,0.0,0.0,228.5,0.5,3.1,82.6,0.6,167.0,574.1,0.092,2.7,292.933
Arroz de carne enlatada com batata,387,24.2,10.2,12.4,0.7,21.9,0.8,20.6,2.6,75.5,1.0,166.0,0.0,0.2,0.013,0.062,0.1,3.7,1.0,0.5,2.1,0.0,0.057,0.017,44.8,0.0,2.4,30.7,0.2,132.2,405.9,0.034,3.3,118.6
"Biscoito com ovo, queijo e bacon

(Note: I kept the translation concise and literal, as per your request If you'd like me to rephrase or provide more context, please let me know!)",436,25.3,8.5,11.7,2.8,35.4,2.5,17.4,0.3,240.7,1.2,62.3,0.1,0.4,0.097,0.067,0.4,3.4,1.1,0.2,0.0,0.095,1.5,0.098,149.4,0.4,2.3,21.8,0.2,526.4,190.0,0.087,1.6,230.2
"Bagel com ham, ovos e queijo",483,18.5,7.9,5.7,3.3,52.4,7.0,26.7,0.4,242.6,1.3,88.7,0.2,0.7,0.1,0.048,0.6,6.0,1.4,0.1,0.0,0.001,1.2,0.018,185.3,0.4,4.1,40.1,0.4,397.3,261.7,0.098,2.4,287.6
Quixotada com frango,529,27.5,11.1,6.8,7.4,43.3,3.4,27.1,3.1,66.6,1.3,76.7,0.1,0.4,0.073,0.012,0.3,7.6,0.0,0.1,0.2,0.1,0.5,0.03,484.2,0.1,3.2,45.0,0.5,563.4,329.4,0.025,2.6,588.7
Arroz de milho,110,0.3,0.02,0.0,0.1,25.2,3.0,1.8,0.4,0.0,0.2,1.1,0.2,1.8,0.0,0.0,1.1,8.6,0.007,1.7,11.2,0.0,0.035,0.0,2.9,0.013,9.9,5.5,0.2,22.3,30.5,0.043,2.2,51.9
Churrasco de kung pao,779,42.2,8.2,13.1,18.2,41.5,18.3,59.0,9.1,157.0,2.4,451.7,0.0,0.2,0.0,0.034,0.3,16.7,3.0,1.5,42.9,0.0,6.2,0.012,120.8,0.4,4.6,145.0,1.5,567.8,1316.7,0.097,4.5,320.1
Empadinha de carne de boi,298,16.3,4.6,6.3,3.8,27.8,1.6,10.1,1.8,23.1,0.4,33.4,0.0,0.2,0.0,0.094,0.2,4.2,0.4,0.1,0.0,0.0,0.6,0.072,17.8,0.051,2.4,18.7,0.2,91.7,169.1,0.037,1.7,76.2
Frijoles com queijo,225,7.8,4.1,2.6,0.7,28.7,0.0,11.4,0.0,36.7,0.9,115.4,0.008,0.1,0.1,0.085,0.3,1.5,1.1,0.2,1.5,0.0,0.0,0.0,188.7,0.3,2.2,85.2,0.5,175.4,604.5,0.013,1.7,240.305
"""Burrito com carne de boi""",285,8.1,1.7,1.7,4.0,43.9,4.1,9.1,4.4,2.6,0.5,65.8,0.036,0.036,0.4,0.2,0.023,0.2,3.2,1.8,0.1,0.4,0.0,0.5,0.042,67.1,0.2,3.2,40.0,0.5,150.9,270.9,0.002,65.89
Sanduíche de frango crocante,350,17.6,3.3,4.0,8.4,33.2,3.9,14.8,0.0,0.0,0.7,57.9,0.0,0.0,0.0,0.0,0.0,0.0,0.0,0.0,0.0,0.0,0.0,0.0,46.6,0.09,1.9,25.2,0.3,229.3,233.1,0.0,0.7,114.1
Enchilada com queijo,374,25.3,11.5,6.4,3.8,21.2,3.6,15.4,2.6,57.5,0.7,71.8,0.7,0.3,0.081,0.073,0.036,0.3,0.9,1.3,0.2,0.8,0.0,1.8,0.0,430.2,0.2,0.9,39.7,0.2,367.2,191.8,0.03,65.6
Rolo de porco e ovo,189,6.1,1.3,2.0,2.1,25.1,4.5,8.4,1.8,11.9,0.3,43.6,0.0,0.2,0.019,0.071,0.023,1.9,0.4,0.1,24.9,0.085,0.2,0.064,28.9,0.024,1.3,17.0,0.3,77.4,180.2,0.071,0.8,96.5
Milho no tigela com manteiga,155,3.4,1.6,1.0,0.6,31.9,0.0,4.5,0.0,5.8,0.056,105.2,0.004,0.2,0.045,0.0,0.1,2.2,0.4,0.3,6.9,0.0,0.0,0.0,4.4,0.0,0.9,40.9,0.0,108.0,359.2,0.034,0.9,52.078
Pancakes com sírup de manteiga,260,7.0,2.9,2.6,1.0,45.4,0.0,4.1,0.0,29.0,0.6,57.7,0.015,0.2,0.082,0.046,0.3,1.7,0.3,0.051,1.7,0.0,0.7,0.0,63.8,0.073,1.3,24.4,0.2,237.8,125.3,0.075,0.5,123.319
Burrito com feijão,224,6.7,3.4,2.4,0.6,35.7,0.0,7.0,0.0,2.2,0.5,57.0,0.0,0.3,0.067,0.093,0.3,2.0,1.0,0.2,1.0,0.0,0.0,0.0,56.4,0.2,2.3,43.4,0.4,48.8,326.6,0.024,0.8,109.1
Ovos mexidos,100,7.6,2.9,2.8,0.9,1.0,0.8,6.5,0.0,200.2,0.1,31.3,0.066,0.066,0.045,0.041,0.2,0.095,0.4,0.076,1.6,0.086,0.5,0.001,26.8,0.093,1.2,6.6,0.066,113.7,69.1,0.012,0.8,44.726
Patata assada com creme azeda,393,22.3,10.0,7.9,3.3,50.0,0.0,6.7,0.0,24.2,0.2,209.7,0.2,0.3,0.086,0.009,0.2,3.7,1.5,0.8,33.8,0.0,0.0,0.0,105.7,0.7,3.1,69.5,0.6,184.2,1383.2,0.088,0.9,221.8
Turquia e molho,161,6.3,2.0,2.3,1.1,11.1,0.0,14.1,0.0,43.2,1.3,204.2,0.018,0.067,0.058,0.099,0.3,4.3,0.5,0.2,0.0,0.0,0.0,0.0,33.6,0.035,2.2,19.2,0.045,194.4,146.4,0.003,1.7,67.374
Pão de ovo de frango,158,3.6,0.8,1.1,1.5,22.8,4.5,8.4,1.9,11.2,0.4,43.3,0.085,0.2,0.013,0.019,0.1,2.9,0.5,0.2,9.0,0.0,0.3,0.072,37.6,0.056,1.4,24.0,0.3,94.4,224.8,0.032,0.4,84.75
Rolinho de vegetal,153,3.6,0.6,1.0,1.7,25.0,5.3,5.2,2.2,0.0,0.4,42.5,0.0,0.2,0.04,0.014,0.1,1.6,0.3,0.1,10.7,0.0,0.4,0.099,35.9,0.082,1.5,20.3,0.4,64.7,195.0,0.005,0.4,84.1
Pão com hams e queijo,67,5.2,2.0,2.4,0.6,1.1,0.0,3.8,0.0,16.2,0.3,16.9,0.0,0.2,0.004,0.008,0.033,1.0,0.1,0.019,0.0,0.061,0.037,0.0,16.2,0.078,0.3,4.5,0.0,70.8,82.3,0.018,0.6,26.6
Biscoito com presunto,386,18.4,11.4,4.8,1.0,43.8,2.2,13.4,0.8,24.9,1.1,32.1,0.05,0.5,0.003,0.0,0.3,3.5,0.4,0.1,0.1,0.08,1.4,0.089,160.5,0.054,2.7,22.6,0.4,553.7,196.6,0.011,1.6,239.732
Frango com limão,1440,74.9,12.2,16.4,36.7,122.0,55.2,68.6,7.0,203.8,1.5,363.6,0.099,0.3,0.069,0.028,0.4,23.3,3.1,1.5,15.9,0.045,8.1,0.2,248.4,0.2,8.4,95.6,0.6,821.7,987.4,0.001,3.2,545.212
Aguardente,435,21.1,2.8,12.0,5.2,49.5,0.7,12.0,9.8,0.0,0.6,159.6,0.0,0.2,0.1,0.0,0.1,1.0,0.7,1.0,19.4,0.0,1.8,0.059,120.5,0.6,3.8,71.3,1.4,270.6,425.6,0.038,2.7,236.1
Croissant com ovo e queijo,368,24.7,14.1,7.5,1.4,24.3,0.0,12.8,0.0,215.9,0.6,57.7,0.0,0.2,0.096,0.043,0.4,1.5,1.1,0.1,0.1,0.0,0.0,0.0,243.8,0.077,2.2,21.6,0.2,348.0,174.0,0.065,1.8,307.9
"Enchilada com queijo, carne e feijão",344,16.1,7.9,6.5,0.3,33.8,0.0,17.9,0.0,50.2,1.3,121.0,0.074,0.2,0.028,0.051,0.7,3.0,1.8,0.2,4.6,0.0,0.0,0.0,218.1,0.3,2.4,71.4,0.4,223.9,559.7,0.016,2.8,292.984
Carne de porco com sabor doce e ácido,38,2.2,0.4,0.5,1.0,3.3,1.4,1.2,0.1,3.4,0.003,7.1,0.003,0.073,0.0,0.002,0.053,0.3,0.086,0.003,0.3,0.0,0.1,0.058,6.4,0.024,0.4,1.8,0.054,18.6,21.3,0.053,0.1,13.977
Torta de guelra,160,10.4,2.2,4.3,3.1,5.1,0.0,11.3,0.2,82.2,0.5,32.0,0.062,0.039,0.07,0.019,0.016,1.2,0.3,0.1,0.2,0.0,0.0,0.0,202.2,0.4,1.1,25.2,0.3,226.8,162.0,0.029,2.1,230.596
Pão de jantar com ovos,107,2.2,0.6,1.0,0.4,18.2,1.5,3.3,1.3,17.5,0.2,10.6,0.051,0.2,0.096,0.06,0.2,1.2,0.2,0.065,0.0,0.0,0.1,0.082,20.7,0.04,1.2,8.8,0.2,35.4,36.4,0.066,0.4,46.913
"Pão inglês com ovos, queijo e linguiça",472,29.9,11.4,11.2,4.6,28.8,2.5,22.1,0.3,269.0,0.8,80.6,0.1,0.6,0.001,0.093,0.4,5.3,1.8,0.1,0.0,0.063,1.6,0.051,277.2,0.3,4.3,28.1,0.3,297.0,242.6,0.064,1.7,362.7
Pancakes de manteiga,86,3.5,0.7,0.9,1.7,10.9,0.0,2.6,0.0,22.0,0.2,20.0,0.094,0.017,0.009,0.089,0.1,0.6,0.2,0.025,0.2,0.0,0.0,0.0,59.7,0.067,0.6,5.7,0.023,52.8,55.1,0.073,0.2,77.568
Omelete,94,7.1,2.0,3.0,1.7,0.4,0.2,6.4,0.0,190.9,0.013,46.4,0.4,0.1,0.006,0.041,0.055,0.2,0.09,0.8,0.003,0.0,0.098,0.8,0.05,29.3,0.07,0.9,6.7,0.031,101.9,71.4,0.03,14.377
"Taco com frango, queijo, alface",185,6.2,2.5,1.6,1.6,19.3,1.3,13.0,1.2,28.4,0.6,57.3,0.014,0.2,0.029,0.094,0.1,5.1,0.0,0.1,0.2,0.017,0.2,0.075,119.6,0.012,1.6,23.5,0.2,239.1,212.7,0.093,0.7,161.153
Soufflé de espinafre,230,17.6,10.1,5.0,1.0,8.0,2.5,10.7,1.0,160.5,0.8,96.2,0.2,0.1,0.025,0.061,0.4,0.7,0.6,0.1,9.9,0.063,1.3,0.2,224.4,0.093,1.6,40.8,0.4,189.0,314.2,0.01,1.2,273.4
Pão inglês com salsicha queijo,365,22.3,8.8,8.5,3.4,27.3,2.1,14.3,0.5,46.4,0.7,41.0,0.074,0.5,0.046,0.042,0.2,4.6,0.8,0.096,0.0,0.085,0.6,0.01,226.8,0.3,3.4,22.7,0.3,181.4,193.3,0.036,1.3,294.696
Gratin de batata,328,18.6,11.6,5.3,0.7,27.6,0.0,12.4,4.4,56.4,1.1,181.3,0.2,0.2,0.053,0.0,0.3,2.4,0.9,0.4,24.3,0.0,0.0,0.0,291.6,0.4,1.6,49.0,0.4,276.9,970.2,0.036,1.7,380.7
Biscoito com ovo,436,25.3,8.5,11.7,2.8,35.4,2.5,17.4,0.3,240.7,1.2,62.3,0.1,0.4,0.1,0.002,0.4,3.4,0.9,0.2,0.1,0.027,1.5,0.037,149.4,0.077,2.3,21.8,0.3,526.4,190.0,0.007,1.6,230.3
Fritas francesas assadas,222,10.5,1.7,4.2,3.8,29.4,0.2,2.4,2.7,0.0,0.1,27.4,0.063,0.0,0.1,0.002,0.0,0.008,2.1,0.4,0.3,3.3,0.0,1.2,0.075,12.8,0.038,0.6,24.9,0.2,88.8,411.1,0.019,45.364
Frango-doce-ácido,46,2.3,0.4,0.5,1.2,4.4,2.1,1.8,0.2,4.9,0.043,9.5,0.031,0.002,0.0,0.057,0.015,0.7,0.1,0.024,0.4,0.0,0.2,0.098,8.2,0.098,0.4,2.7,0.1,24.7,28.9,0.04,0.057,17.773
Burrito com feijão e carne de boi,460,18.0,7.0,7.8,1.4,47.0,5.3,27.8,7.2,62.7,1.4,144.6,0.096,0.4,0.2,0.088,0.3,5.3,0.8,0.5,4.6,0.059,1.1,0.022,216.9,0.3,4.6,60.3,0.6,392.8,648.3,0.031,4.8,326.183
Nachos com açúcar e canela,592,36.0,18.2,11.8,4.1,63.4,0.0,7.2,0.0,39.2,0.4,1.1,0.0,0.2,0.059,0.056,0.4,3.9,1.9,0.2,8.0,0.0,0.0,0.0,85.0,0.2,2.9,19.6,0.5,32.7,78.5,0.044,0.6,202.5
Arroz com amendoins,209,5.7,0.9,1.2,2.7,35.4,0.0,4.0,1.6,0.0,0.7,67.7,0.0,0.01,0.0,0.0,0.076,0.6,0.3,0.026,0.0,0.0,0.8,0.066,9.2,0.1,0.3,16.1,0.7,62.1,96.6,0.0,0.9,56.2
Chili con carne,271,8.8,3.2,3.6,1.0,33.1,4.7,14.7,8.3,22.8,1.1,191.5,0.4,0.095,0.049,0.005,0.091,0.029,2.0,3.6,0.3,0.5,0.0,1.3,0.063,83.5,0.6,3.4,70.8,0.4,220.1,667.9,0.039,66.245
Arroz com feijões,223,5.4,0.8,1.1,2.5,37.3,0.2,6.2,4.1,0.0,0.6,105.6,0.0,0.045,0.0,0.0,0.072,1.3,0.3,0.069,0.0,0.0,0.4,0.046,23.6,0.2,1.9,33.0,0.7,117.8,304.6,0.071,1.1,78.5
Biscoito com linguiça,412,27.1,8.2,13.5,3.4,33.3,1.8,10.7,0.4,31.1,0.9,36.4,0.0,0.4,0.078,0.012,0.2,3.8,0.5,0.031,0.0,0.044,0.9,0.035,52.2,0.3,2.1,14.4,0.2,378.5,169.8,0.012,0.8,125.8
Sopa vegetariana,304,7.4,1.2,1.8,3.8,17.3,3.1,42.0,2.7,0.0,1.0,172.9,0.0,1.7,0.3,0.093,1.5,29.6,0.0,2.7,0.0,0.0,1.2,0.041,76.6,1.6,3.2,313.7,0.0,543.4,296.4,0.05,2.7,149.2
Sanduíche de frango com queijo,632,38.8,12.4,13.7,9.9,41.6,0.0,29.4,0.0,77.5,1.2,104.9,0.2,0.4,0.1,0.092,0.5,9.1,1.3,0.4,3.0,0.0,0.0,0.0,257.6,0.2,3.6,43.3,0.4,405.8,332.9,0.073,2.9,374.2
Biscoito com ovos e estofado,410,28.4,8.6,11.7,5.8,21.3,0.0,17.9,0.0,272.3,0.9,77.7,0.2,0.4,0.018,0.063,0.5,3.1,1.1,0.2,0.1,0.0,0.0,0.0,137.6,0.1,5.3,25.2,0.2,225.0,306.4,0.039,2.8,210.8
Salada de taco,212,11.2,5.2,3.9,1.3,17.9,0.0,10.0,0.0,33.0,0.6,108.5,0.0,0.091,0.072,0.097,0.3,1.9,1.0,0.2,2.7,0.0,0.0,0.0,145.5,0.2,1.7,39.0,0.3,108.0,315.0,0.001,2.0,189.0
Succotash,213,1.5,0.3,0.3,0.7,46.8,0.0,9.7,0.0,0.0,0.5,131.3,0.0,0.3,0.053,0.0,0.2,2.5,1.1,0.2,15.7,0.0,0.0,0.0,32.6,0.3,2.9,101.8,1.5,224.6,787.2,0.038,1.2,109.2
Nachos com queijo e pimenta jalapeño,608,34.1,14.0,14.4,4.0,60.1,0.0,16.8,0.0,83.6,1.7,87.1,0.4,0.1,0.044,0.05,0.5,2.8,2.4,0.4,1.0,0.0,0.0,0.0,620.2,0.2,2.4,108.1,0.4,393.7,293.8,0.083,2.9,735.0
Biscoito com ovo e presunto,442,27.0,5.9,11.0,7.7,31.4,4.2,20.4,0.8,299.5,1.4,108.7,0.1,0.7,0.058,0.062,0.6,2.0,1.7,0.3,0.0,0.093,2.1,0.057,220.8,0.1,4.6,30.7,0.3,316.8,318.7,0.005,2.2,305.1
Palmieras,103,2.6,0.9,1.1,0.4,16.9,7.2,3.0,0.3,62.5,0.016,5.5,0.0,0.096,0.078,0.05,0.1,0.6,0.3,0.077,1.0,0.033,0.2,0.002,13.3,0.063,1.0,3.4,0.063,49.0,32.0,0.037,0.3,38.1
"""Estekiada de queijo mozzarella frita""",102,5.9,2.2,1.5,1.6,7.7,0.7,4.6,0.6,10.2,0.2,11.8,0.023,0.025,0.097,0.045,0.088,0.3,0.1,0.018,0.0,0.096,0.3,0.071,107.9,0.02,0.2,6.8,0.052,99.8,35.7,0.094,0.6,126.963
Tamale navajo,285,11.4,4.5,5.1,1.3,33.7,1.8,11.7,5.8,31.6,0.8,126.7,0.0,0.057,0.069,0.032,0.1,3.0,0.4,0.3,3.2,0.0,0.0,0.0,53.9,0.1,2.3,40.9,0.3,184.1,243.7,0.053,2.8,122.0
Pancas de aveia com blueberry,84,3.5,0.8,0.9,1.6,11.0,0.0,2.3,0.0,21.3,0.2,20.2,0.023,0.016,0.093,0.044,0.1,0.6,0.2,0.054,0.8,0.0,0.0,0.0,78.3,0.031,0.7,6.1,0.089,57.4,52.4,0.01,0.2,96.631
Chimichanga com carne e queijo,443,23.4,11.2,9.4,0.7,39.3,0.0,20.1,0.0,51.2,1.0,96.4,0.1,0.4,0.052,0.012,0.9,4.7,1.8,0.2,2.7,0.0,0.0,0.0,237.9,0.4,3.8,60.4,0.5,186.7,203.1,0.085,3.4,327.3
Sanduíche de ovo e queijo,340,19.4,6.6,8.3,2.6,25.9,0.0,15.6,0.0,290.5,0.8,82.2,0.2,0.3,0.021,0.028,0.6,2.1,0.9,0.1,1.5,0.0,0.0,0.0,224.8,0.1,3.0,21.9,0.2,302.2,188.3,0.067,1.6,290.4
Biscoito com ovo e bacon,458,31.1,8.0,13.4,7.5,28.6,3.3,17.0,0.8,352.5,1.3,70.0,0.082,0.1,0.038,0.04,0.2,2.4,1.2,0.1,2.7,0.066,2.0,0.098,189.0,0.1,3.7,24.0,0.3,238.5,250.5,0.059,1.6,272.958
Pupasas com queijo,300,15.5,7.6,4.0,1.8,26.2,1.4,13.7,3.4,37.4,0.5,58.9,0.1,0.099,0.0,0.066,0.1,0.6,0.4,0.2,0.0,0.0,0.5,0.073,380.3,0.081,0.7,42.1,0.1,317.1,140.4,0.07,2.2,439.9
Croissant de maçã,145,5.0,2.8,1.4,0.4,21.1,0.0,4.2,1.4,17.7,0.2,26.0,0.031,0.1,0.022,0.035,0.022,0.9,0.3,0.038,0.3,0.0,0.0,0.0,17.1,0.006,0.6,7.4,0.1,33.1,51.3,0.024,0.6,49.733
Frijoles roxos refogeados,336,16.1,2.2,3.9,10.2,36.0,0.0,11.7,11.0,0.0,0.9,164.8,0.0,0.053,0.094,0.0,0.092,1.5,0.4,0.2,0.0,0.0,2.4,0.0,76.9,0.5,4.5,83.9,0.7,212.0,722.3,0.058,1.6,156.2
Tostada com guacamole,180,11.6,4.9,4.2,1.5,16.0,0.0,6.2,0.0,19.6,0.4,94.6,0.016,0.092,0.004,0.047,0.3,1.0,1.0,0.1,1.8,0.0,0.0,0.0,211.4,0.1,0.8,36.5,0.2,116.1,324.9,0.096,2.0,247.853
Sanduíche de frango,468,20.9,4.0,8.4,5.9,39.1,6.8,30.4,2.6,65.5,1.4,91.5,0.077,0.03,0.4,0.1,0.053,0.6,14.4,0.6,0.7,1.5,0.031,4.5,0.012,108.5,0.2,3.3,44.9,0.5,346.0,458.2,0.064,94.051
Arroz frito,228,3.2,0.7,0.8,1.3,43.4,0.6,6.5,1.5,32.2,0.6,85.4,0.076,0.052,0.076,0.0,0.088,0.9,0.0,0.066,0.0,0.059,0.2,0.081,19.6,0.1,1.0,14.0,0.6,77.0,123.2,0.062,1.1,75.203
Pupasas do porco,283,12.7,3.9,4.8,2.7,28.1,1.8,14.0,3.2,35.4,0.5,64.8,0.064,0.1,0.0,0.057,0.1,2.9,0.8,0.3,0.0,0.0,0.4,0.016,59.8,0.06,1.2,46.4,0.2,197.6,311.1,0.091,2.0,119.087
Tartaruga de pot pie,699,34.9,11.4,13.7,5.5,70.3,0.0,25.8,4.4,63.5,1.4,260.8,0.0,0.0,0.0,0.0,0.0,0.0,0.0,0.0,0.0,0.0,0.0,0.0,0.0,0.0,4.0,0.0,0.0,0.0,0.0,0.0,0.0,139.4
Pão croissant com queijo,331,16.7,8.5,5.2,1.9,37.6,9.1,7.4,2.1,45.6,0.3,16.8,0.2,0.4,0.025,0.068,0.3,1.7,0.7,0.064,0.2,0.0,1.2,0.022,42.4,0.018,1.7,19.2,0.3,104.0,105.6,0.027,0.8,108.3
Chimichanga com carne,425,19.7,8.5,8.1,1.1,42.8,0.0,19.6,0.0,8.7,0.9,88.2,0.0,0.5,0.068,0.042,0.6,5.8,2.1,0.3,4.7,0.0,0.0,0.0,62.6,0.4,4.5,62.6,0.6,123.5,586.4,0.029,5.0,153.9
Pão Francês com manteiga,178,9.4,3.9,3.5,1.2,18.0,0.0,5.2,0.0,58.1,0.3,34.2,0.088,0.3,0.083,0.084,0.2,2.0,0.3,0.004,0.004,0.0,0.0,0.0,36.5,0.072,0.9,8.1,0.1,72.9,88.4,0.065,0.3,70.093
"Sanduíche de ham, ovos e queijo",347,16.3,7.4,5.7,1.7,30.9,0.0,19.2,0.0,246.0,1.0,73.1,0.2,0.4,0.042,0.095,0.6,4.2,0.9,0.2,2.7,0.0,0.0,0.0,211.6,0.1,3.1,25.7,0.2,346.1,210.2,0.067,2.0,284.0
Pão inglês com manteiga,189,5.8,2.4,1.5,1.3,30.4,0.0,4.9,0.0,12.6,0.4,20.6,0.089,0.3,0.098,0.0,0.3,2.6,0.1,0.005,0.8,0.0,0.1,0.0,102.7,0.098,1.6,13.2,0.2,85.1,69.3,0.092,0.4,146.209
Jantar de massa salgada à prova de um prato único Tandaco,172,1.2,0.5,32.9,3.6,5.5,0.0,0.0,0.0,0.0,0.0,0.0,0.0,0.0,0.0,0.0,0.0,0.0,0.0,0.0,0.0,0.0,0.0,0.0,0.0,0.0,0.0,0.0,0.0,0.0,0.0,0.0,0.0,6.7
Sanduíche de hams e queijo,352,15.5,6.4,6.7,1.4,33.3,0.0,20.7,0.0,58.4,0.8,74.2,0.019,0.3,0.07,0.026,0.5,2.7,1.0,0.2,2.8,0.0,0.3,0.0,129.9,0.2,3.2,16.1,0.1,151.8,290.5,0.078,1.4,205.416
Peixe gefilte doce,35,0.7,0.2,0.3,0.1,3.1,0.0,3.8,0.0,12.6,0.2,33.7,0.062,0.028,0.064,0.076,0.024,0.4,0.085,0.067,0.3,0.0,0.0,0.0,9.7,0.01,1.0,3.8,0.051,30.7,38.2,0.038,0.3,18.677
Ovo poché,72,4.7,1.6,1.8,1.0,0.4,0.2,6.3,0.0,185.0,0.1,37.9,0.088,0.059,0.051,0.061,0.2,0.022,0.8,0.09,0.0,0.084,0.5,0.032,28.0,0.071,0.9,6.0,0.044,98.5,69.0,0.014,0.6,40.398
Tostada com carne e queijo,315,16.3,10.4,3.3,1.0,22.8,0.0,19.0,0.0,40.8,0.9,101.1,0.022,0.034,0.076,0.069,0.6,3.1,1.9,0.2,2.6,0.0,0.0,0.0,216.8,0.3,2.9,63.6,0.5,179.3,572.1,0.093,3.7,280.498
Tostada com feijão e queijo,223,9.9,5.4,3.1,0.7,26.5,0.0,9.6,0.0,30.2,0.5,95.4,0.011,0.1,0.05,0.017,0.3,1.3,1.1,0.2,1.3,0.0,0.0,0.0,210.2,0.2,1.9,59.0,0.4,116.6,403.2,0.072,1.9,259.467
Tamales de porco,247,12.8,3.8,4.6,2.9,22.4,0.7,10.4,3.4,28.4,0.7,93.8,0.037,0.045,0.0,0.045,0.05,1.8,0.5,0.2,0.0,0.0,0.8,0.033,106.5,0.043,1.2,36.9,0.3,170.4,215.8,0.048,1.7,156.766
Nachos com queijo,274,17.2,1.7,11.2,4.0,27.9,1.7,3.5,2.6,2.4,0.3,29.9,0.044,0.09,0.065,0.041,0.006,0.1,0.5,0.9,0.2,0.9,0.0,3.3,0.05,50.4,0.029,0.6,33.6,0.2,158.4,289.6,0.068,51.581
Carne de porco arrastada com molho de barbecue,418,11.0,3.5,4.5,1.9,46.7,37.8,32.8,3.0,87.2,1.7,151.9,0.0,0.4,0.042,0.067,0.3,7.5,2.0,0.6,0.5,0.064,2.2,0.099,109.6,0.2,3.1,54.8,0.2,400.9,759.5,0.049,4.6,206.7
Batata assada com molho de queijo,474,28.7,10.6,10.7,6.0,46.5,0.0,14.6,0.0,17.8,0.4,194.6,0.3,0.2,0.078,0.01,0.2,3.3,1.3,0.7,26.0,0.0,0.0,0.0,310.8,0.6,3.0,65.1,0.5,319.7,1166.2,0.042,1.9,429.9
Feijão enlatado,310,10.3,3.9,4.3,1.5,43.3,0.0,11.1,11.0,10.0,0.8,130.3,0.0,0.0,0.3,0.031,0.0,0.036,0.8,0.3,0.2,2.2,0.0,0.0,0.0,122.0,0.3,4.0,86.0,0.5,218.0,716.0,0.052,76.2
Arroz com feijão,220,5.6,1.1,1.3,2.3,35.6,1.3,6.8,5.0,0.0,0.6,95.6,0.0,0.2,0.0,0.0,0.024,1.5,0.4,0.071,0.0,0.0,0.7,0.096,54.0,0.2,2.3,38.0,0.6,127.0,327.0,0.069,1.1,109.3
"Taco com carne, queijo e alface",156,8.8,3.0,3.0,2.1,13.7,0.6,6.1,2.7,19.3,0.3,39.3,0.043,0.07,0.025,0.075,0.098,1.1,0.0,0.056,0.3,0.06,0.4,0.057,61.4,0.005,0.8,22.1,0.2,122.8,144.2,0.083,1.2,93.825
"Burrito com feijão, queijo e carne de bovino",165,6.6,3.6,2.2,0.5,19.8,0.0,7.3,0.0,61.9,0.5,65.9,0.0,0.2,0.034,0.045,0.4,1.9,0.8,0.1,2.5,0.0,0.0,0.0,65.0,0.2,1.9,25.4,0.2,70.0,205.0,0.051,1.2,103.1
Mistura de ovo,30,2.2,0.8,0.8,0.4,0.098,0.091,2.4,0.0,81.5,0.012,0.1,0.078,0.092,0.091,0.085,0.069,0.093,0.073,0.3,0.034,0.0,0.049,0.2,0.078,12.2,0.055,0.4,1.7,0.015,31.5,27.0,0.043,4.876
Falafel,57,3.0,0.4,1.7,0.7,5.4,0.0,2.3,0.0,0.0,0.081,5.9,0.0,0.0,0.006,0.009,0.0,0.074,0.2,0.011,0.01,0.3,0.0,0.0,0.0,9.2,0.002,0.6,13.9,0.1,32.6,99.5,0.018,10.763
Salada de taco com chili con carne,193,8.8,4.0,3.0,1.0,17.7,0.0,11.6,0.0,3.5,0.6,133.6,0.1,0.1,0.067,0.063,0.3,1.7,1.0,0.3,2.3,0.0,0.0,0.0,163.6,0.2,1.8,34.8,0.2,102.7,261.0,0.0,2.2,205.9
Tortellini de pão,93,0.5,0.022,0.033,0.2,18.5,0.0,3.1,0.6,2.9,0.2,9.2,0.097,0.2,0.082,0.0,0.1,1.7,0.051,0.007,0.0,0.0,0.0,0.0,15.0,0.039,1.1,6.4,0.2,25.9,26.2,0.02,0.2,38.815
Hushpuppies,512,20.5,3.2,5.0,11.0,69.9,3.1,11.7,4.3,68.4,1.0,44.1,0.074,0.5,0.1,0.008,0.5,4.2,0.5,0.2,0.3,0.0,1.9,0.01,422.6,0.1,4.6,36.5,0.3,287.3,218.9,0.078,1.0,533.994
Torta de frango e vegetais,598,34.6,12.6,11.9,8.3,57.3,7.2,14.6,3.0,51.3,1.2,191.6,0.0,0.2,0.1,0.024,0.03,4.5,1.1,0.2,3.0,0.024,1.1,0.034,63.4,0.1,1.8,33.2,0.6,226.5,317.1,0.003,1.3,177.7
Frango Geral Tso,1578,87.5,14.8,20.8,40.1,128.3,62.1,69.0,4.8,283.6,2.3,241.6,0.081,0.1,0.049,0.08,0.6,15.3,3.3,1.1,8.6,0.015,6.5,0.2,64.2,0.2,6.2,96.3,0.4,679.5,1075.4,0.065,7.0,368.673
Burrito com feijão e queijo,379,11.2,4.3,2.3,4.1,57.8,3.2,13.6,7.8,9.3,1.0,98.4,0.033,0.4,0.2,0.081,0.2,3.7,0.0,0.2,0.7,0.02,1.0,0.02,229.4,0.3,4.4,62.9,0.8,301.6,482.9,0.04,1.6,324.946
Filetes vegetarianos,247,15.3,2.4,3.7,7.9,7.7,0.7,19.6,5.2,0.0,0.4,38.3,0.0,0.9,0.026,0.014,0.8,10.2,0.0,1.3,0.0,0.0,2.9,0.0,80.8,0.8,1.7,19.6,0.0,382.5,510.0,0.043,1.2,130.3
Biscoito com ovos e salsicha,505,33.6,10.4,16.2,4.8,34.1,1.5,18.0,0.3,260.8,1.1,72.1,0.071,0.5,0.035,0.083,0.4,4.0,1.5,0.1,0.0,0.047,1.5,0.042,82.6,0.4,3.1,21.1,0.2,505.4,241.4,0.002,1.5,171.757
Chow mein de frango,513,16.9,3.0,3.7,7.4,50.1,10.5,40.8,6.0,96.6,1.9,489.3,0.093,0.2,0.0,0.092,0.1,8.9,1.6,1.1,12.1,0.0,2.6,0.1,126.8,0.2,4.0,66.4,0.6,326.2,749.0,0.086,1.9,256.797
Fruita burrito,231,9.5,4.6,3.4,1.1,35.0,0.0,2.5,0.0,3.7,0.2,26.4,0.0,0.2,0.029,0.015,0.2,1.9,0.9,0.079,0.7,0.0,0.0,0.0,15.5,0.051,1.1,7.4,0.1,14.8,104.3,0.024,0.4,64.3
Arroz com leite,369,9.3,4.8,2.6,1.1,63.0,38.6,8.1,1.3,20.2,0.3,170.5,0.0,0.088,0.0,0.062,0.2,0.8,1.3,0.018,0.0,0.0,0.5,0.0,227.7,0.03,0.6,27.8,0.3,210.0,359.3,0.006,1.3,310.0
Flan de caramelo à creme,444,12.3,5.5,3.9,1.2,69.7,70.8,13.9,0.0,275.4,0.2,208.2,0.1,0.092,0.036,0.05,0.6,0.3,1.6,0.1,0.0,0.0,0.7,0.081,254.0,0.053,1.2,27.5,0.021,293.8,361.1,0.05,1.4,351.2
Doce de gelatina,167,0.0,0.0,0.0,0.0,38.3,36.4,3.3,0.0,0.0,0.2,227.9,0.0,0.0,0.064,0.0,0.015,0.062,0.071,0.0,0.0,0.0,0.0,0.0,8.1,0.087,0.094,2.7,0.021,59.4,2.7,0.079,0.014,49.792
Sorvetinho de leite com chocolate,229,1.4,0.8,0.5,0.084,51.6,51.6,5.9,0.0,0.0,0.1,76.7,0.0,0.039,0.013,0.076,0.4,0.1,0.0,0.074,1.0,0.0,0.0,0.0,211.0,0.1,0.02,61.7,0.0,168.5,456.2,0.053,0.6,270.99
Mousse de chocolate,338,24.0,13.7,7.5,1.3,24.1,22.2,6.2,0.9,210.0,0.081,94.4,0.2,0.058,0.03,0.099,0.3,0.2,0.8,0.022,0.2,0.0,0.8,0.044,144.0,0.1,0.8,30.0,0.023,175.5,214.5,0.047,1.0,200.4
Dulce de leche,60,1.4,0.9,0.4,0.063,10.5,9.5,1.3,0.0,5.5,0.036,5.5,0.094,0.011,0.044,0.008,0.094,0.015,0.2,0.074,0.5,0.04,0.087,0.008,47.7,0.059,0.001,4.2,0.076,36.7,66.5,0.058,0.2,61.415
Crúpula de maçã,454,9.7,1.9,3.8,3.2,87.0,55.5,4.9,3.9,0.0,1.0,177.4,0.001,0.2,0.039,0.0,0.2,2.4,0.3,0.1,6.2,0.0,1.1,0.056,98.7,0.2,2.3,22.6,0.4,79.0,220.0,0.055,0.5,212.724
Espinafre spaghetti cozido,182,0.9,0.1,0.1,0.4,36.6,0.0,6.4,0.0,0.0,0.061,95.4,0.0,0.1,0.086,0.0,0.1,2.1,0.3,0.1,0.0,0.0,0.0,0.0,42.0,0.3,1.5,86.8,2.1,151.2,81.2,0.045,1.5,87.4
Pasta de milho cozida,176,1.0,0.1,0.3,0.5,39.1,0.0,3.7,6.7,0.0,0.0,95.6,0.0,0.074,0.015,0.0,0.032,0.8,0.2,0.03,0.0,0.0,0.0,0.0,1.4,0.002,0.4,50.4,0.2,106.4,43.4,0.081,0.9,52.3
Espaguete com molho de carne,255,2.9,1.0,0.9,0.9,43.1,7.4,14.3,5.1,17.0,0.7,220.2,0.0,0.3,0.1,0.077,3.8,0.5,0.2,0.2,15.3,0.0,1.4,0.002,50.9,0.4,3.5,42.5,0.6,138.7,407.5,0.061,1.4,135.1
Pasta com alcatras em molho de tomate,273,13.0,5.0,5.7,0.9,28.3,7.2,10.6,6.9,23.0,0.7,199.5,0.052,0.2,0.089,0.042,0.3,5.1,0.5,0.2,7.7,0.061,2.0,0.027,30.6,0.2,3.3,35.7,0.6,117.3,359.6,0.023,1.5,100.474
Tortellini de queijo,332,7.8,3.9,2.2,0.5,50.8,1.0,14.6,2.1,45.4,0.4,32.9,0.079,0.3,0.051,0.038,0.3,2.9,0.0,0.015,0.0,0.0,0.2,0.087,164.2,0.053,1.6,22.7,0.0,229.0,96.1,0.064,1.1,241.181
Pasta com linguiças cortadas em molho de tomate,227,6.0,2.5,2.5,1.0,32.0,8.0,11.0,4.0,22.7,0.7,197.1,0.054,0.2,0.1,0.031,0.2,2.9,0.6,0.2,9.6,0.07,1.9,0.072,151.2,0.3,2.3,35.3,0.3,108.4,481.3,0.02,1.3,216.154
Lasanha,166,6.1,2.9,2.2,0.5,18.9,3.8,9.0,2.1,20.9,0.5,87.2,0.2,0.074,0.096,0.0,0.0,0.025,1.9,0.4,0.2,3.1,0.0,1.0,0.08,108.2,0.1,0.9,24.6,0.2,141.5,241.1,0.001,36.675
Macarrão quente com queijo,310,9.4,3.1,4.2,2.0,43.7,3.0,12.6,2.3,15.1,0.9,120.2,0.2,0.015,0.3,0.0,0.02,0.2,2.2,0.8,0.056,0.0,0.0,1.0,0.0,160.7,0.1,2.2,28.4,0.4,442.3,151.2,0.0,68.319
Lasanha de vegetais,316,13.7,5.5,3.3,2.6,32.2,5.8,15.6,4.3,31.8,1.0,161.7,0.052,0.3,0.012,0.098,0.4,1.8,0.4,0.2,2.5,0.0,1.0,0.082,340.5,0.2,1.2,47.7,0.4,317.8,385.9,0.087,2.0,410.066
Espinafre com macarrão cozido,211,2.5,0.6,0.8,0.6,38.8,1.1,8.1,3.7,52.8,0.068,109.6,0.037,0.4,0.1,0.071,0.2,2.4,0.4,0.2,0.0,0.053,0.9,0.2,30.4,0.1,1.7,38.4,0.5,91.2,59.2,0.028,1.0,85.297
Lasanha de queijo,316,13.0,5.1,3.8,2.5,33.6,10.3,15.9,4.1,31.6,0.7,176.9,0.084,0.3,0.036,0.093,0.4,3.3,0.5,0.2,41.6,0.0,2.1,0.097,269.7,0.3,3.1,51.0,0.5,260.0,442.3,0.059,2.2,381.08
Macarrão com molho de tomate,176,1.8,0.4,0.3,0.5,35.1,10.1,5.6,2.3,15.1,1.0,207.0,0.071,0.099,0.1,0.018,0.0,0.1,3.3,0.0,0.1,0.0,0.0,1.6,0.083,32.8,0.1,2.3,35.3,0.4,98.3,483.8,0.065,45.091
Macarrão com espinafre cozido,37,0.3,0.078,0.073,0.043,7.1,0.0,1.4,0.0,9.3,0.004,19.4,0.039,0.084,0.041,0.069,0.091,0.3,0.079,0.071,0.0,0.0,0.0,0.0,5.1,0.093,0.3,6.8,0.044,16.1,10.5,0.0,0.2,14.201
Sopa de frango com vegetais,166,4.8,1.4,2.2,1.0,21.1,3.4,12.3,1.0,16.9,0.075,201.0,0.05,0.069,0.09,0.031,0.2,3.3,0.0,0.083,5.5,0.0,0.7,0.054,26.5,0.2,1.5,9.6,0.0,106.0,368.7,0.038,2.2,72.737
Sopa de feijão com presunto,198,2.5,0.6,1.0,0.7,33.5,7.8,10.3,9.8,4.9,0.5,195.8,0.0,0.1,0.099,0.0,0.068,0.8,0.3,0.1,2.7,0.0,1.0,0.035,93.1,0.2,2.5,46.6,0.6,31.9,387.1,0.021,1.3,154.4
Sopa de creme de frango,227,14.5,4.3,5.2,2.7,18.0,1.4,6.0,0.0,20.2,1.8,208.5,0.1,0.064,0.027,0.0,0.1,1.0,0.5,0.0,0.3,0.0,1.4,0.052,35.3,0.3,2.7,10.1,0.2,78.1,123.5,0.084,0.7,76.9
Sopa de tomate enlatada,139,3.3,1.8,0.8,0.3,22.6,16.5,6.3,1.5,10.1,0.5,216.7,0.014,0.036,0.097,0.061,0.3,1.4,0.5,0.2,15.9,0.07,0.5,0.083,173.9,0.2,1.4,30.2,0.2,156.2,461.2,0.067,0.9,224.932
Sopa de ovo e gotas,65,1.5,0.4,0.5,0.3,10.3,0.2,2.8,1.0,55.4,0.9,223.8,0.002,0.013,0.021,0.0,0.079,0.4,0.3,0.096,15.7,0.08,0.3,0.041,16.9,0.081,0.6,4.8,0.023,36.2,53.0,0.028,0.2,48.808
Sopa Escocesa,197,6.4,2.7,1.9,1.3,23.0,0.0,12.1,3.0,11.9,2.1,249.7,0.0,0.059,0.085,0.031,0.1,2.8,0.8,0.2,2.1,0.0,0.2,0.0,35.8,0.6,2.0,8.9,0.9,134.1,387.4,0.026,3.9,84.4
Sopa de creme de cebola,268,12.8,3.6,5.1,3.5,31.7,11.1,6.7,1.2,36.6,1.9,247.1,0.08,0.1,0.049,0.0,0.2,1.2,0.7,0.007,3.1,0.0,1.3,0.035,82.4,0.3,1.5,15.3,0.6,91.5,298.9,0.095,0.4,139.473
Caldo de frango seco,10,0.2,0.055,0.013,0.069,1.1,0.0,0.7,0.0,0.6,1.2,0.1,0.0,0.052,0.062,0.03,0.018,0.2,0.009,0.089,0.07,0.0,0.074,0.0,9.1,0.0,0.059,2.7,0.049,9.2,18.0,0.075,0.079,11.198
Sopa de legumes com caldo de carne de boi,162,3.8,0.9,1.1,1.6,26.3,4.0,6.0,3.2,2.5,1.3,204.8,0.2,0.1,0.008,0.0,0.04,1.9,0.7,0.1,4.7,0.0,0.3,0.065,34.4,0.3,1.9,12.3,0.7,78.7,386.2,0.041,1.6,80.5
Chile com feijão enlatado,287,14.1,6.0,6.0,0.9,30.5,3.0,14.6,11.3,43.5,1.3,193.3,0.0,0.1,0.018,0.0,0.3,0.9,3.6,0.3,4.4,0.0,1.3,0.074,120.3,0.3,8.8,115.2,0.3,394.2,934.4,0.018,5.1,204.0
Sopa de carne e macarrão,168,6.2,2.3,2.5,1.0,17.9,5.2,9.6,1.5,10.0,1.6,211.1,0.037,0.1,0.017,0.037,0.1,2.1,0.4,0.079,0.8,0.0,2.5,0.02,30.0,0.3,2.2,12.5,0.5,92.5,197.5,0.063,3.1,68.232
Consomme seco,17,0.2,0.0,0.0,0.0,1.9,1.1,2.2,0.0,0.0,0.8,235.9,0.0,0.1,0.048,0.0,0.2,1.3,0.051,0.039,0.2,0.0,0.033,0.0,12.5,0.021,0.2,7.5,0.08,14.9,57.3,0.058,0.082,17.2
Sopa de frango e cogumelo,126,6.1,1.6,2.7,1.5,15.1,1.0,2.0,4.0,10.1,0.8,101.3,0.04,0.019,0.065,0.03,0.1,1.6,0.3,0.046,0.0,0.0,0.8,0.061,29.0,0.048,0.9,8.8,0.1,27.7,158.8,0.046,1.0,57.171
Sopa de carne e vegetais,120,2.9,1.0,0.7,0.9,15.4,3.1,8.0,3.0,17.5,0.8,220.6,0.3,0.094,0.085,0.027,0.086,2.4,0.0,0.3,9.0,0.0,1.1,0.04,45.0,0.049,1.3,25.0,0.2,120.0,435.0,0.002,1.4,84.9
Sopa de feijão preto,234,3.4,0.9,1.2,1.1,39.6,6.4,12.4,17.5,0.0,2.5,193.6,0.0,0.1,0.2,0.0,0.1,1.1,0.4,0.2,0.5,0.0,0.9,0.035,90.0,0.8,3.9,84.8,1.3,192.8,642.5,0.0,2.8,167.3
Sopa de ervilhas com ham e bacon,189,3.1,0.9,1.2,0.6,28.6,0.0,11.6,4.1,4.1,1.0,88.3,0.0,0.0,0.0,0.0,0.0,0.0,0.0,0.0,0.0,0.0,0.0,0.0,0.0,0.0,2.1,0.0,0.0,0.0,0.0,0.0,0.0,49.5
Sopa de creme de cogumelo,199,13.4,2.4,3.1,7.3,17.1,1.0,3.4,1.8,0.0,1.7,213.4,0.057,0.02,0.008,0.0,0.079,0.9,0.4,0.035,0.0,0.071,1.3,0.024,30.2,0.016,0.5,7.6,0.028,60.5,161.3,0.093,0.3,66.404
Sopa de ervilha verde,320,5.7,2.7,1.9,0.7,51.7,16.7,16.7,10.0,0.0,1.7,175.5,0.067,0.2,0.072,0.0,0.1,2.4,0.3,0.1,3.3,0.0,0.5,0.024,53.8,0.7,3.8,76.8,1.3,243.2,371.2,0.099,3.3,145.005
Sopa de caldo de frango,78,2.6,0.8,1.2,0.6,1.9,0.9,11.1,0.0,2.5,1.6,231.7,0.0,0.054,0.092,0.067,0.1,5.6,0.1,0.035,0.0,0.0,0.048,0.0,15.1,0.3,1.0,5.0,0.5,151.2,428.4,0.024,0.5,31.7
Sopa de chowder de frango com cogumelo,431,23.7,6.2,4.5,9.4,38.3,0.0,16.2,7.5,32.3,1.8,453.8,0.0,0.0,0.0,0.0,0.0,0.0,0.0,0.0,10.8,0.0,0.0,0.0,0.0,0.0,2.6,0.0,0.0,0.0,0.0,0.0,0.0,99.1
Sopa de frango com manteiga,235,13.4,3.2,6.1,3.2,14.7,1.4,13.6,1.2,80.5,1.8,249.8,0.077,0.074,0.027,0.024,0.2,4.3,0.4,0.037,0.0,0.0,1.3,0.086,35.8,0.3,1.5,8.9,1.2,149.0,283.1,0.048,0.9,80.269
Sopa de frango e legumes,148,5.6,1.7,2.5,1.2,17.0,3.0,7.1,1.7,16.9,1.7,207.0,0.028,0.061,0.093,0.076,0.1,2.4,0.3,0.013,1.9,0.0,0.6,0.036,33.9,0.2,1.7,12.1,0.7,79.9,304.9,0.001,0.7,68.983
Sopa de galinha com vegetais,72,3.0,0.9,1.3,0.7,8.6,2.6,3.1,0.5,2.4,0.9,223.9,0.1,0.031,0.076,0.077,0.097,1.0,0.9,0.079,0.0,0.0,0.8,0.017,16.9,0.2,0.8,4.8,0.5,41.0,175.9,0.017,0.6,33.0
Sopa de wonton,71,0.6,0.1,0.2,0.2,11.7,0.8,4.6,0.4,8.9,0.9,203.3,0.043,0.08,0.06,0.074,0.043,1.3,0.3,0.2,1.6,0.0,0.1,0.058,11.2,0.041,0.5,6.7,0.042,40.1,71.4,0.074,0.3,30.692
Caldo de carne,31,0.2,0.003,0.1,0.005,2.9,1.3,4.7,0.0,0.0,0.5,230.1,0.0,0.044,0.038,0.0,0.2,2.1,0.0,0.1,0.0,0.0,0.048,0.024,19.2,0.1,0.6,16.8,0.0,74.4,444.0,0.019,0.4,27.6
Sopa de cogumelo e cevada,186,5.5,1.1,2.4,1.7,29.3,0.0,4.6,0.0,0.0,1.7,258.9,0.0,0.009,0.077,0.0,0.2,2.1,0.3,0.4,0.0,0.0,0.0,0.0,30.5,0.5,1.2,21.4,0.3,152.5,231.8,0.0,1.2,71.1
Sopa de gazpacho,70,0.4,0.008,0.059,0.1,6.6,2.2,10.7,0.7,0.0,1.1,346.0,0.0,0.058,0.012,0.0,0.091,1.4,0.3,0.2,10.7,0.0,0.7,0.041,36.9,0.2,1.5,11.1,1.1,55.4,339.5,0.019,0.4,67.5
Sopa de carne e cogumelo,186,7.3,3.7,3.1,0.3,15.9,0.0,14.0,0.6,15.3,2.2,260.8,0.0,0.071,0.044,0.035,0.2,2.7,0.6,0.1,0.0,0.0,0.0,0.0,12.2,0.6,2.1,21.4,0.9,88.5,384.3,0.0,3.4,52.1
Sopa de frango com arroz,127,3.2,1.0,1.4,0.7,13.0,1.4,12.3,1.0,12.0,0.9,208.3,0.047,0.018,0.074,0.051,0.002,4.1,0.4,0.012,3.8,0.0,0.6,0.084,33.6,0.2,1.9,9.6,0.2,72.0,108.0,0.077,1.0,68.818
Sopa de pepperpot,100,4.5,2.0,2.0,0.3,9.1,0.0,6.2,0.5,9.7,0.9,219.8,0.0,0.071,0.02,0.024,0.027,1.2,0.3,0.08,1.2,0.0,0.097,0.0,26.7,0.1,0.9,4.9,0.6,41.3,148.2,0.0,1.2,49.1
Sopa de legumes,149,4.0,0.6,1.7,1.5,24.6,7.9,4.3,1.3,0.0,1.3,214.0,0.0,0.1,0.051,0.0,0.049,1.9,0.7,0.1,3.0,0.0,2.9,0.041,42.8,0.3,2.2,15.1,0.9,70.6,430.9,0.088,1.0,82.2
Sopa de chili com carne,308,6.7,3.3,2.7,0.2,49.6,13.4,13.4,6.6,26.3,2.1,186.4,0.2,0.0,0.1,0.004,0.067,0.2,2.1,0.6,0.3,8.2,0.0,2.8,0.072,86.8,0.8,4.3,50.0,2.1,297.2,1052.0,0.001,77.607
Sopa de frango,174,6.5,1.9,2.9,1.3,16.9,2.1,12.4,1.5,29.4,0.9,206.1,0.027,0.055,0.072,0.049,0.2,4.3,0.4,0.03,1.2,0.0,0.3,0.085,24.5,0.2,1.7,7.4,0.2,110.3,171.5,0.099,1.0,64.716
Sopa de feijão com frankfurters,188,7.0,2.1,2.7,1.7,22.0,0.0,10.0,0.0,12.5,1.1,207.6,0.0,0.1,0.038,0.0,0.018,1.0,0.1,0.1,1.0,0.0,0.0,0.0,87.5,0.4,2.4,47.5,0.8,165.0,477.5,0.073,1.2,129.9
Sopa de ervilha,161,2.8,1.4,1.0,0.4,25.6,8.3,8.3,4.9,0.0,0.015,219.0,0.055,0.1,0.008,0.0,0.074,1.2,0.0,0.008,1.6,0.0,0.2,0.066,31.1,0.4,1.9,38.9,0.0,121.7,183.9,0.041,1.7,76.26
Sopa de peru,135,4.4,1.2,1.8,1.1,14.1,0.0,10.2,0.0,9.4,0.9,203.8,0.0,0.045,0.014,0.079,0.1,3.6,0.9,0.3,6.4,0.0,0.0,0.0,49.6,0.2,1.9,23.6,0.2,103.8,361.1,0.0,2.1,86.6
Sopa de caldeirão,201,7.8,1.7,2.0,3.5,23.1,0.0,9.8,0.0,7.7,2.1,211.3,0.0,0.002,0.092,0.0,0.1,2.5,0.7,0.2,4.1,0.0,0.0,0.0,43.9,0.3,1.8,7.7,0.5,108.4,477.3,0.0,2.3,90.5
Sopa quente e ácida,91,2.8,0.5,0.7,0.7,10.1,1.0,6.0,1.2,48.9,0.9,211.2,0.088,0.032,0.021,0.006,0.03,1.2,0.5,0.1,0.0,0.017,0.9,0.059,44.3,0.032,1.5,21.0,0.2,74.6,128.2,0.084,0.5,65.954
Sopa de queijo,203,9.7,6.1,2.7,0.3,28.0,9.3,2.0,5.5,7.4,1.7,202.6,0.2,0.023,0.055,0.0,0.3,0.8,0.2,0.034,0.0,0.0,1.4,0.074,89.3,0.2,0.4,29.8,0.5,81.8,91.8,0.036,0.4,135.1
Sopa de creme de batata,186,4.7,2.4,1.1,0.8,32.2,3.6,3.8,3.3,2.5,1.5,215.2,0.087,0.012,0.067,0.0,0.096,1.1,1.8,0.0,0.5,0.0,0.2,0.056,42.8,0.5,0.9,32.8,0.8,103.3,415.8,0.05,0.4,88.202
Sopa de feijão com bacon,106,2.1,1.0,0.9,0.2,16.4,0.6,5.5,9.0,2.7,0.9,237.8,0.0,0.086,0.069,0.0,0.3,0.4,0.084,0.099,1.1,0.0,0.6,0.009,55.7,0.3,1.3,29.2,0.5,90.1,326.0,0.015,0.7,91.1
Sopa de peixe,40,1.9,0.5,0.5,0.3,0.0,0.0,5.3,0.0,2.3,0.4,225.9,0.036,0.009,0.072,0.047,0.2,2.8,0.8,0.086,0.2,0.0,0.4,0.0,7.0,0.1,0.019,16.3,0.1,130.5,335.5,0.068,0.1,14.488
Sopa de ervilhas com presunto,381,8.9,3.5,3.6,1.3,56.2,0.0,20.7,4.6,16.2,1.7,177.3,0.0,0.3,0.041,0.0,0.2,3.0,0.5,0.1,3.0,0.0,0.0,0.0,43.2,0.7,4.6,97.2,1.4,429.3,801.9,0.081,2.7,141.2
Sopa de caldo de carne,17,0.5,0.3,0.2,0.049,0.01,0.0,2.7,0.0,0.0,0.9,234.1,0.0,0.023,0.095,0.072,0.055,1.9,0.011,0.054,0.0,0.0,0.0,0.0,14.4,0.0,0.4,4.8,0.035,31.2,129.6,0.023,0.0,18.049
Sopa de lentilhas com presunto,139,2.8,1.1,1.3,0.3,20.2,0.0,9.3,0.0,7.4,1.3,212.7,0.0,0.2,0.036,0.056,0.1,1.4,0.3,0.2,4.2,0.0,0.0,0.0,42.2,0.2,2.7,22.3,0.3,183.5,357.1,0.011,0.7,81.4
Sopa de tomate,98,0.7,0.2,0.2,0.2,22.5,12.2,2.2,1.6,0.0,0.6,119.6,0.0,0.044,0.0,0.0,0.076,1.3,0.0,0.1,19.1,0.0,0.5,0.034,19.2,0.012,0.9,20.7,0.2,45.9,831.8,0.081,0.3,66.2
Caldo de peixe,39,1.5,0.3,0.3,0.6,1.0,0.2,4.9,0.0,0.0,0.5,234.2,0.068,0.0,0.055,0.022,0.089,3.3,0.0,0.057,0.0,0.0,0.4,0.094,73.2,0.1,0.5,2.4,0.0,73.2,209.8,0.071,0.2,81.193
Chili sem feijão em lata,283,17.0,5.4,5.9,1.1,14.6,0.0,18.1,0.0,50.4,0.9,186.4,0.0,0.044,0.0,0.039,0.3,3.0,0.4,0.3,4.3,0.0,0.0,0.0,72.0,0.5,4.8,48.0,0.7,184.8,444.0,0.043,2.7,130.8
Sopa de minestrone,167,5.0,1.1,1.4,2.2,22.6,3.7,8.6,2.0,2.5,1.3,204.1,0.0,0.1,0.086,0.0,0.008,1.9,0.7,0.2,2.2,0.0,1.1,0.052,68.9,0.2,1.8,14.8,0.7,113.2,627.3,0.029,1.5,111.1
Sopa de chowder de almeja,154,4.4,0.8,0.8,2.6,24.5,6.8,4.4,3.0,5.0,1.8,212.4,0.051,0.087,0.053,0.065,0.086,1.6,0.4,0.2,8.1,0.0,2.6,0.011,47.9,0.3,3.3,20.2,0.8,83.2,378.0,0.057,1.9,95.69
Sopa de vegetais com tomate,54,0.8,0.4,0.3,0.054,9.9,2.4,1.9,0.7,0.0,0.3,230.9,0.0,0.088,0.03,0.0,0.091,1.2,0.1,0.095,2.9,0.0,0.4,0.079,19.6,0.1,0.6,9.8,0.1,34.3,164.2,0.06,0.2,36.4
Creme de arroz calórico,127,0.2,0.07,0.071,0.032,28.1,0.022,2.2,0.2,0.0,0.4,213.5,0.0,0.0,0.028,0.0,0.0,1.0,0.2,0.029,0.0,0.0,0.092,0.0,7.3,0.004,0.5,7.3,0.4,41.5,48.8,0.008,0.4,38.5
Sopa de creme de cebola,181,11.2,2.8,2.6,5.0,17.7,3.4,3.3,1.5,27.7,1.3,214.1,0.042,0.069,0.052,0.0,0.049,0.7,2.3,0.001,0.5,0.0,3.5,0.002,80.6,0.3,1.3,12.6,0.5,75.6,247.0,0.051,0.3,116.189
Sugo de frango,188,13.6,3.4,6.1,3.6,12.9,1.9,4.6,1.0,4.8,1.0,203.1,0.088,0.091,0.02,0.057,0.1,1.1,0.076,0.012,0.0,0.0,0.3,0.046,47.6,0.2,1.1,4.8,0.5,69.0,259.4,0.02,1.9,80.872
Sopa de arroz com tomate,240,5.5,1.0,1.2,2.7,44.1,15.2,4.2,3.4,2.6,1.6,199.0,0.042,0.1,0.049,0.0,0.1,2.1,0.3,0.2,29.7,0.0,4.5,0.081,46.4,0.3,1.6,10.3,0.8,67.1,663.1,0.098,1.0,134.933
Sopa de vegetais com carne,128,2.0,0.6,0.7,0.3,9.6,0.0,18.1,4.4,8.8,1.1,258.7,0.0,0.0,0.0,0.0,0.0,0.0,0.0,0.0,0.0,0.0,0.0,0.0,0.0,0.0,0.0,0.0,0.0,0.0,0.0,0.0,0.0,34.1
Sopa de tomate com carne e macarrão,281,8.6,3.2,3.5,1.4,42.3,0.0,8.9,3.0,7.5,1.8,185.9,0.0,0.2,0.05,0.077,0.2,3.7,0.4,0.2,0.0,0.0,1.6,0.0,35.1,0.3,2.2,15.1,0.5,113.0,441.8,0.037,1.5,100.1
Sopa de tarta de ostra,118,7.7,5.0,1.8,0.3,8.2,0.0,4.2,0.0,27.1,1.8,221.1,0.0,0.068,0.028,0.061,0.077,0.5,0.2,0.058,6.4,0.0,0.0,0.0,44.3,3.2,2.0,9.8,0.7,95.9,98.4,0.035,20.7,72.8
Sopa de noodles de ramen seco,371,13.3,6.4,5.6,1.2,53.9,1.3,8.9,2.0,0.0,1.7,4.2,0.0,0.9,0.008,0.035,0.2,3.5,0.2,0.014,0.3,0.0,1.3,0.038,24.7,0.1,3.4,19.6,0.4,101.2,152.2,0.021,0.7,106.5
Sopa de frango com massa,145,4.7,1.2,1.6,1.0,18.4,0.0,7.2,2.7,24.2,2.1,267.2,0.029,0.011,0.2,0.097,0.001,0.2,3.7,0.5,0.1,0.0,0.0,0.2,0.0,18.2,0.4,2.0,24.2,0.3,115.1,145.4,0.095,33.513
Caldo de frango seco,11,0.6,0.1,0.2,0.2,0.7,0.7,0.7,0.0,0.5,1.0,0.043,0.0,0.078,0.086,0.004,0.008,0.016,0.085,0.026,0.048,0.0,0.06,0.0,7.5,0.0,0.061,2.2,0.048,6.6,12.4,0.079,0.083,9.502
Sopa de creme de aspargo,174,8.2,2.1,1.9,3.7,21.5,1.8,4.6,1.0,10.1,1.7,211.8,0.091,0.1,0.089,0.0,0.2,1.6,0.3,0.033,5.5,0.0,1.2,0.01,58.0,0.3,1.6,7.6,0.8,78.1,347.8,0.009,1.8,100.43
Sopa de frango com macarrão,139,4.0,1.1,1.6,1.0,17.3,1.0,7.8,1.5,10.1,1.6,217.7,0.082,0.1,0.06,0.052,0.1,2.8,0.4,0.017,0.3,0.0,0.4,0.062,22.7,0.3,1.9,10.1,0.5,95.8,151.2,0.028,1.2,55.582
Sopa de creme de camarão,181,10.4,6.5,3.0,0.4,16.5,0.0,5.6,0.5,32.8,1.7,213.8,0.026,0.085,0.08,0.015,0.029,0.9,0.3,0.054,0.0,0.0,0.0,0.0,35.3,0.3,1.1,17.6,0.8,65.5,118.4,0.024,1.5,69.41
Sopa de feijão com carne de porco,335,11.5,3.0,4.2,3.5,44.1,7.8,15.3,15.3,5.2,1.7,182.4,0.021,0.2,0.054,0.0,0.03,1.1,0.029,0.036,3.1,0.0,2.3,0.011,156.0,0.4,4.0,85.8,0.6,254.8,975.0,0.052,2.0,249.324
Caldo de frango,12,0.5,0.008,0.1,0.042,1.0,0.0,1.0,0.0,0.0,0.9,229.8,0.0,0.028,0.0,0.0,0.03,1.2,0.04,0.072,16.5,0.0,0.0,0.0,14.1,0.077,0.5,2.4,0.1,30.6,188.0,0.0,0.2,33.6
Pó de caldo de carne,8,0.3,0.2,0.1,0.04,0.6,0.6,0.6,0.0,0.4,0.9,0.1,0.0,0.029,0.073,0.008,0.075,0.2,0.075,0.044,0.0,0.0,0.068,0.016,2.2,0.0,0.03,1.8,0.033,11.5,16.1,0.032,0.0,3.739
Sopa de ervilhas partidas,180,2.3,0.8,0.9,0.4,29.9,12.8,9.7,4.8,5.1,0.4,208.5,0.0,0.2,0.019,0.0,0.079,1.2,0.6,0.2,0.0,0.0,0.5,0.022,43.0,0.3,1.9,35.4,0.5,136.6,463.0,0.088,1.0,91.6
Sopa de escarole,61,4.0,1.2,1.8,0.8,4.0,0.0,3.4,0.0,5.5,2.3,535.8,0.0,0.2,0.058,0.06,0.1,5.1,0.4,0.5,10.0,0.0,0.0,0.0,71.9,0.8,1.7,11.1,2.8,177.0,591.7,0.0,5.0,95.0
Caldo de frango,86,2.9,0.8,1.4,0.5,8.5,3.8,6.0,0.0,7.2,0.3,221.2,0.009,0.073,0.059,0.0,0.2,3.8,0.0,0.1,0.5,0.0,0.046,0.081,7.2,0.1,0.5,9.6,0.0,64.8,252.0,0.091,0.3,25.696
Sopa de tomate bisque,248,5.0,1.1,1.4,2.2,47.7,0.0,4.5,2.1,10.3,1.8,194.3,0.017,0.1,0.097,0.0,0.1,2.3,0.3,0.2,11.9,0.0,0.0,0.0,80.0,0.3,1.7,18.1,0.5,121.3,838.5,0.0,1.2,152.913
Sopa de aleta de tubarão,99,4.3,1.1,1.3,0.7,8.2,0.0,6.9,0.0,4.3,1.1,194.7,0.0,0.019,0.048,0.009,0.086,1.1,0.3,0.017,0.2,0.0,0.0,0.0,21.6,0.2,2.0,15.1,0.002,45.4,114.5,0.0,1.8,43.2
Sopa de cebola,113,3.5,0.5,1.5,1.3,16.4,6.7,7.5,1.7,0.0,1.3,212.4,0.02,0.022,0.099,0.0,0.016,1.2,0.0,0.095,2.5,0.0,0.5,0.088,54.1,0.2,1.4,4.9,0.5,22.1,137.8,0.073,1.2,87.173
Sopa de gumbo de frango,113,2.9,0.7,1.3,0.7,16.8,4.9,5.3,4.0,7.6,1.7,221.8,0.0,0.5,0.041,0.0,0.8,1.3,0.4,0.1,10.1,0.0,0.9,0.024,47.9,0.3,1.8,7.6,0.5,50.4,151.2,0.084,0.8,88.8
Sopa de camarão,95,0.8,0.2,0.2,0.3,12.5,0.0,10.4,2.4,41.5,0.6,217.4,0.0,0.064,0.07,0.088,0.1,2.5,0.3,0.1,9.3,0.0,0.0,0.041,83.0,0.5,1.9,41.5,0.5,153.7,434.3,0.049,1.9,120.3
Sopa de tripa,148,5.2,2.1,2.2,0.6,8.1,0.0,17.2,0.0,118.0,0.8,166.8,0.0,0.041,0.0,0.093,0.011,1.0,0.3,0.013,0.0,0.0,0.8,0.031,44.0,0.049,1.4,20.0,0.1,84.0,162.0,0.039,2.1,75.9
"""Pequena Índia, almoço pequeno""",164,10.6,15.6,12.2,1.4,2.0,0.0,0.0,0.0,0.0,0.0,0.0,0.0,0.0,0.0,0.0,0.0,0.0,0.0,0.0,0.0,0.0,0.0,0.0,0.0,0.0,0.0,0.0,0.0,0.0,0.0,0.0,0.0,12.6
Sanduche de frango original do Chick-fil-A,125,5.1,11.6,7.9,0.6,0.0,0.0,0.0,0.0,0.0,0.0,0.0,0.0,0.0,0.0,0.0,0.0,0.0,0.0,0.0,0.0,0.0,0.0,0.0,0.0,0.0,0.0,0.0,0.0,0.0,0.0,0.0,0.0,5.1
Sanduíche quente de salsicha McDonald's,383,24.2,8.3,8.9,3.7,28.2,2.2,14.6,1.6,44.9,0.8,44.8,0.0,0.4,0.008,0.03,0.3,4.8,0.6,0.2,0.0,0.0,0.3,0.0,257.6,0.1,2.3,24.2,0.3,187.5,216.2,0.0,1.5,328.5
Salsicha McMuffins McDonald's,421,24.0,7.3,10.2,3.5,42.2,15.2,11.4,1.4,32.4,1.0,54.1,0.0,0.3,0.037,0.038,0.2,4.2,0.5,0.1,0.0,0.0,0.0,0.0,85.1,0.1,1.9,18.9,0.3,426.6,195.8,0.0,1.0,166.0
"Bacalhau crocante de anca de frango estilo ""Kentucky Fried Chicken""",70,3.0,0.8,1.2,0.8,0.0,0.0,10.6,0.0,56.2,0.2,26.6,0.025,0.08,0.0,0.08,0.1,2.2,0.5,0.1,0.0,0.0,0.0,0.0,6.6,0.098,0.4,9.4,0.091,91.8,111.9,0.015,1.0,20.632
Asas de frango crocantes Kentucky Fried Chicken,156,10.1,2.2,3.4,3.6,4.5,0.0,11.8,0.0,62.1,0.4,29.3,0.071,0.045,0.0,0.028,0.1,2.6,0.6,0.1,0.0,0.0,0.0,0.0,14.3,0.2,0.5,12.0,0.06,112.9,135.1,0.064,1.0,41.248
Biscoito Kentucky Fried Chicken,185,9.1,2.2,6.1,0.6,22.1,1.7,3.8,0.8,0.5,0.5,15.1,0.0,0.2,0.0,0.074,0.1,1.7,0.2,0.035,0.0,0.0,0.7,0.071,31.2,0.009,1.5,7.8,0.2,304.7,59.8,0.076,0.3,68.5
Painão de inglês da McDonald's,97,2.3,1.1,15.4,1.1,2.9,1.5,5.7,0.2,20.7,0.031,0.0,0.3,0.004,0.0,0.2,2.7,0.3,0.036,0.0,0.0,0.3,0.0,166.4,0.08,1.8,13.1,0.3,68.4,73.0,0.0,0.5,0.0,24.548
Batatas fritas do McDonald's,378,18.1,2.7,8.6,5.5,49.8,0.2,4.0,4.6,0.0,0.2,42.9,0.052,0.0,0.2,0.0,0.0,0.037,3.8,0.7,0.4,6.6,0.0,1.6,0.003,22.2,0.1,0.9,43.3,0.3,148.6,697.3,0.07,77.129
"""Hot-dog Uma sentença apenas, sem explicações""",383,23.0,8.1,10.8,2.7,28.5,0.0,16.4,0.0,69.8,1.1,83.6,0.0,0.4,0.096,0.043,0.4,5.8,0.8,0.094,0.2,0.0,0.0,0.0,37.2,0.1,3.7,20.2,0.1,153.5,226.3,0.09,3.1,109.0
Chips de batata fritas do Burger King,207,9.2,1.6,2.4,4.4,28.6,0.4,2.4,2.1,0.0,0.2,32.5,0.085,0.0,0.1,0.0,0.0,0.026,1.6,0.4,0.2,1.6,0.0,1.8,0.083,12.6,0.005,0.5,20.0,0.2,88.1,345.6,0.0,42.635
"Taco original com carne, queijo e alface, Taco Bell",158,8.8,3.0,3.0,2.1,13.7,0.6,6.1,2.7,19.3,0.3,39.3,0.0,0.056,0.056,0.052,0.065,1.1,0.0,0.086,0.3,0.0,0.4,0.068,61.4,0.094,0.8,22.1,0.2,122.8,144.2,0.021,1.2,93.8
Hot-dog com chili,296,13.4,4.9,6.6,1.2,31.3,0.0,13.5,0.0,51.3,0.5,54.5,0.0,0.2,0.031,0.017,0.4,3.7,0.5,0.003,2.7,0.0,0.0,0.0,19.4,0.1,3.3,10.3,0.1,191.5,166.4,0.038,0.8,83.6
"Alas, crispy wings de frango, Kentucky Fried Chicken",148,10.1,2.1,3.3,3.8,5.1,0.0,9.2,0.0,47.1,0.3,18.4,0.033,0.029,0.0,0.051,0.033,2.4,0.5,0.1,0.0,0.0,0.0,0.0,15.4,0.2,0.3,9.7,0.015,84.5,98.1,0.003,0.5,40.161
Delício de clara de ovos da McDonald's,250,16.0,4.0,18.0,4.0,0.0,0.0,0.0,0.0,0.0,0.0,0.0,0.0,0.0,0.0,0.0,0.0,0.0,0.0,0.0,0.0,0.0,0.0,0.0,0.0,0.0,0.0,0.0,0.0,0.0,0.0,0.0,0.0,16.0
Tostes de panqueca francesa do Burger King,73,3.7,0.8,2.0,0.5,8.7,2.1,1.3,0.3,0.0,0.014,7.0,0.0,0.066,0.0,0.0,0.039,0.5,0.072,0.037,0.0,0.0,0.2,0.009,11.1,0.036,0.4,4.0,0.068,18.3,23.3,0.049,0.1,25.5
Mcchicken da McDonald's,358,17.3,3.1,5.8,6.5,36.6,4.7,13.7,1.7,35.4,0.8,60.4,0.1,0.0,0.3,0.0,0.034,0.3,5.2,0.0,0.0,0.0,0.0,0.0,0.0,115.3,0.1,2.3,26.2,0.5,182.1,226.6,0.0,69.5
Nachos Supremos Taco Bell,480,26.6,7.8,13.7,2.8,45.0,0.0,14.8,8.0,37.1,0.8,104.9,0.0,0.2,0.031,0.044,0.3,1.9,0.5,0.3,0.0,0.0,1.4,0.074,142.4,0.2,4.2,89.7,0.5,384.2,471.9,0.055,2.7,241.0
"Ala de frango crocante, Kentucky Fried Chicken",104,5.3,1.1,1.7,1.8,1.3,0.0,12.6,0.0,64.2,0.3,23.7,0.019,0.029,0.0,0.023,0.032,3.1,0.5,0.2,0.0,0.0,0.0,0.0,13.2,0.006,0.4,11.0,0.085,99.4,116.6,0.033,0.8,32.851
Tiras de frango Burger King,105,5.5,1.0,1.5,2.7,7.4,0.0,6.6,0.5,15.8,0.3,15.5,0.055,0.076,0.08,0.02,0.065,0.046,2.9,0.2,0.1,0.4,0.0,1.4,0.046,4.7,0.005,0.2,9.7,0.036,104.8,113.4,0.07,20.168
"Peito de frango crocante, Kentucky Fried Chicken",214,6.7,1.7,2.4,2.3,0.4,0.0,38.2,0.0,121.8,0.7,92.0,0.061,0.049,0.0,0.055,0.2,15.3,2.3,0.6,0.0,0.0,0.0,0.0,28.0,0.008,0.7,39.2,0.092,354.2,432.6,0.042,1.2,74.065
Biscoito com salsicha do McDonald's,440,29.7,12.5,10.3,4.0,31.8,2.3,11.3,1.4,33.9,1.0,40.6,0.049,0.5,0.1,0.029,0.3,5.0,0.6,0.1,0.0,0.0,0.9,0.0,64.4,0.031,2.4,15.2,0.2,377.9,207.1,0.0,1.0,141.05
Salsicha burrito do McDonald's,339,17.1,6.1,6.5,2.4,24.2,1.4,13.0,1.2,172.9,0.8,55.8,0.004,0.2,0.045,0.036,0.3,1.9,0.9,0.4,0.9,0.0,0.2,0.0,203.4,0.005,1.8,19.2,0.2,247.5,154.8,0.0,1.3,261.627
Anéis de cebola fritos,27,1.6,0.3,0.4,0.8,2.8,0.4,0.3,0.2,0.0,0.015,1.6,0.0,0.045,0.0,0.0,0.07,0.001,0.076,0.076,0.055,0.0,0.3,0.0,7.5,0.075,0.038,1.2,0.021,10.3,10.9,0.011,0.007,12.551
Anéis de cebola Burger King,379,23.0,3.8,6.3,11.1,39.7,4.9,3.5,2.5,0.0,0.7,22.3,0.0,0.1,0.0,0.0,0.063,0.6,0.3,0.1,1.3,0.0,4.5,0.0,104.7,0.012,0.7,17.3,0.3,143.8,152.0,0.023,0.5,175.4
Pastel de frango frito,79,5.0,1.3,2.1,1.3,4.4,0.053,3.9,0.1,21.0,0.2,13.9,0.088,0.096,0.083,0.054,0.032,0.6,0.1,0.069,0.0,0.078,0.3,0.074,3.9,0.027,0.6,4.2,0.049,75.6,77.0,0.054,0.4,17.934
Panquecas quentes com soro McDonald's,601,17.8,1.8,1.9,4.6,101.8,45.5,9.0,2.0,19.9,0.6,89.7,0.0,0.4,0.1,0.0,0.4,3.2,1.1,0.1,0.0,0.0,0.0,0.0,126.0,0.1,2.8,28.7,0.4,391.2,276.3,0.0,0.6,259.4
Peito de frango crudo Kentucky fried,163,9.1,2.5,3.8,2.1,0.0,0.0,20.4,0.0,107.4,0.5,59.8,0.078,0.043,0.0,0.057,0.2,4.8,1.2,0.3,0.0,0.0,0.0,0.0,19.1,0.037,0.9,20.0,0.095,202.9,246.6,0.04,1.7,49.591
Cachorro de milho,195,9.4,2.7,3.7,2.6,21.0,5.9,6.7,0.8,34.3,0.5,39.2,0.1,0.028,0.1,0.014,0.023,0.1,2.2,0.6,0.059,0.4,0.044,0.5,0.086,56.2,0.1,1.5,13.3,0.029,174.7,97.5,0.012,38.257
Caixa de frango McDonald's,70,4.0,0.8,2.8,0.011,5.5,0.5,0.2,0.0,0.0,0.0,0.0,0.0,0.0,0.0,0.0,0.0,0.0,0.0,0.0,0.0,0.0,0.0,0.0,0.0,0.0,0.0,0.0,0.0,0.0,0.0,0.0,0.0,9.7
Tigelas de batata-doce Kentucky Fried Chicken,379,19.8,4.0,11.9,2.4,45.0,0.0,5.4,4.2,0.0,1.0,59.2,0.0,0.2,0.0,0.0,0.026,2.9,0.8,0.3,0.0,0.0,1.1,0.068,34.8,0.2,1.4,40.2,0.4,142.0,699.5,0.0,0.6,110.6
Ovos mexidos McDonald's,98,7.5,2.1,2.7,1.1,0.9,0.1,7.7,0.0,217.8,0.04,34.1,0.046,0.018,0.029,0.008,0.3,0.034,0.6,0.011,0.0,0.0,0.7,0.0,33.7,0.096,1.1,6.1,0.049,133.1,70.9,0.0,0.7,50.931
Sanduíche de ovo McMuffin da McDonald's,287,12.2,4.5,3.4,2.2,27.3,2.7,17.2,1.4,207.9,0.8,66.3,0.1,0.0,0.3,0.038,0.0,0.5,3.9,1.1,0.2,1.5,0.0,0.7,0.0,241.9,0.1,2.9,25.2,0.3,252.0,218.0,0.0,58.5
Nachos Taco Bell,362,21.9,4.7,12.6,2.6,36.0,0.0,5.1,3.8,4.0,0.5,33.9,0.0,0.1,0.036,0.0,0.1,0.9,0.3,0.2,0.0,0.0,1.0,0.07,88.1,0.1,1.1,51.5,0.3,280.2,180.2,0.048,1.1,156.0
Biscoito grande McDonald's,310,14.4,8.3,3.4,2.0,39.4,2.7,5.5,1.8,0.0,0.9,27.6,0.095,0.4,0.1,0.046,0.3,3.7,0.4,0.088,0.0,0.0,1.1,0.0,68.4,0.091,2.5,9.9,0.2,397.8,108.0,0.0,0.4,132.022
"Raspadas de frango grelhadas, Kentucky Fried Chicken",129,7.2,1.4,2.0,3.2,6.4,0.0,9.5,0.7,24.0,0.4,22.5,0.0,0.075,0.0,0.006,0.015,4.0,0.6,0.2,0.0,0.0,0.4,0.092,11.8,0.014,0.3,15.5,0.1,140.1,156.5,0.067,0.3,35.9
Pancakes da McDonald's,113,2.9,0.6,0.6,1.5,19.0,4.4,3.0,0.7,6.4,0.2,23.9,0.0,0.1,0.088,0.0,0.1,1.1,0.4,0.005,0.0,0.0,0.3,0.0,41.7,0.054,0.9,9.4,0.1,129.0,85.8,0.0,0.2,68.2
Peito de frango crujente da Kentucky Fried Chicken,375,23.2,5.0,7.6,8.8,11.9,0.0,29.7,0.0,106.4,0.8,72.0,0.023,0.067,0.0,0.083,0.1,11.4,1.9,0.4,0.0,0.0,0.0,0.0,37.8,0.6,0.8,33.6,0.2,301.0,361.2,0.09,1.1,103.428
"Açacacas de fraldas, linguiça McDonald's",776,34.9,7.3,9.0,6.5,102.4,45.7,15.5,2.1,50.2,0.9,107.4,0.0,0.6,0.1,0.004,0.5,5.2,1.4,0.2,0.0,0.0,0.0,0.0,134.6,0.2,3.2,37.0,0.4,451.4,390.7,0.0,1.3,292.7
Pequenos McNuguetes de Frango McDonald's,48,3.2,0.5,1.3,0.9,2.4,0.025,2.5,0.0,7.0,0.009,7.5,0.071,0.0,0.023,0.0,0.005,0.049,1.2,0.1,0.072,0.2,0.0,0.0,0.0,1.8,0.017,0.1,3.8,0.073,43.5,40.3,0.0,8.181
Chipas chipotle,151,7.1,0.9,19.3,1.1,2.1,2.1,0.2,0.0,0.0,0.0,0.0,0.0,0.0,0.0,0.0,0.0,0.0,0.0,0.0,0.0,0.0,0.0,0.0,0.0,0.0,0.0,0.0,0.0,0.0,0.0,0.0,0.0,9.4
Biscoito McDonald's,261,12.2,7.0,2.8,1.7,33.3,2.2,4.7,1.5,0.0,0.7,23.3,0.07,0.4,0.1,0.022,0.3,3.1,0.3,0.049,0.0,0.0,0.9,0.0,57.8,0.049,2.1,8.4,0.2,335.9,91.2,0.0,0.3,111.687
Tigela de arroz com frango,36,0.4,0.01,0.1,0.1,6.4,1.2,1.6,0.2,4.5,0.064,19.6,0.026,0.068,0.094,0.014,0.07,0.6,0.1,0.07,0.8,0.0,0.08,0.043,3.7,0.057,0.008,4.0,0.075,26.6,34.8,0.035,0.1,13.178
Espaguetti com almôndegas,200,8.2,2.9,3.3,1.1,22.9,5.8,8.7,5.4,14.0,0.6,157.6,0.2,0.072,0.2,0.08,0.083,0.1,4.0,0.6,0.1,3.8,0.049,1.0,0.036,58.0,0.1,2.1,26.0,0.3,114.0,434.0,0.057,45.656
Ravióli de carne em lata,259,8.9,3.7,4.2,0.6,36.0,6.3,8.9,4.2,13.1,0.9,205.1,0.088,0.1,0.039,0.063,0.2,3.4,0.0,0.2,0.0,0.0,1.4,0.09,34.1,0.1,2.8,34.1,0.4,112.7,442.8,0.019,1.2,94.963
Ravioli de queijo em conserva,186,3.5,1.7,1.0,0.4,33.0,9.0,6.0,3.1,7.3,0.7,195.8,0.0,0.2,0.011,0.0,0.2,2.6,0.7,0.2,0.0,0.0,2.1,0.067,79.9,0.3,1.8,36.3,0.4,121.0,561.4,0.043,0.9,127.3
Sanduíche de frango frito premium com ranch e BLT da McDonald's,586,22.9,4.7,9.1,7.8,59.8,13.3,35.3,3.4,72.0,1.2,116.7,0.0,0.5,0.0,0.0,0.4,12.6,2.3,0.0,10.3,0.0,0.0,0.0,84.0,0.0,3.4,0.0,0.0,0.0,0.0,0.0,0.0,219.1
Sanduíche de steak,459,14.1,3.8,5.3,3.3,52.0,0.0,30.3,0.0,73.4,0.8,104.2,0.0,0.4,0.004,0.038,0.4,7.3,0.9,0.4,5.5,0.0,0.0,0.0,91.8,0.2,5.2,49.0,0.4,297.8,524.3,0.008,4.5,198.9
Hamburguer cheeseburger Burger King,380,19.7,9.1,7.6,2.0,31.5,6.0,19.4,3.7,59.9,0.8,59.3,0.0,0.4,0.0,0.0,0.3,4.5,0.3,0.1,0.3,0.0,0.1,0.093,123.7,0.1,3.3,31.9,0.4,190.2,236.7,0.028,3.2,201.6
Hambúrguer quente do McDonald's,313,14.0,5.3,4.3,0.4,33.1,7.4,15.4,1.3,41.7,0.7,53.6,0.0,0.3,0.095,0.02,0.3,4.8,0.0,0.0,0.7,0.0,0.0,0.0,198.7,0.1,2.8,23.8,0.3,166.6,238.0,0.0,2.3,266.0
Hambúrguer duplo com queijo,643,36.9,15.9,13.7,3.0,41.0,9.5,37.0,2.1,114.0,0.9,107.5,1.6,0.1,0.5,0.1,0.062,0.5,7.9,0.6,0.5,6.6,0.033,0.8,0.054,342.0,0.2,5.4,47.9,0.3,376.2,515.3,0.017,119.347
Hambúrguer duplo,942,58.6,21.6,22.9,11.3,51.4,13.2,52.1,5.2,172.0,1.1,206.8,1.5,0.0,0.7,0.2,0.036,0.7,12.1,0.7,0.4,0.7,0.059,2.5,0.094,130.9,0.4,10.5,67.3,0.7,415.1,718.1,0.026,169.626
"Sanduche de frango grelhado premium, clássico da McDonald's",366,8.6,1.7,2.3,4.1,44.6,10.0,28.3,2.8,68.0,0.8,114.6,0.051,0.4,0.0,0.065,0.4,13.0,1.9,0.6,6.4,0.0,1.1,0.0,74.0,0.1,3.0,56.0,0.7,390.0,456.0,0.0,1.4,167.718
"Grande e saboroso com queijo, McDonald's",573,36.0,10.8,10.7,7.1,39.7,9.5,27.2,3.2,91.4,1.0,140.1,0.0,0.3,0.1,0.07,0.7,7.8,0.0,0.0,4.4,0.0,0.0,0.0,224.8,0.2,4.4,44.5,0.4,281.6,491.5,0.0,5.1,339.7
Sanduche de frango grelhado premium de clube do McDonald's,493,18.0,6.4,5.6,4.8,44.3,6.4,38.3,2.7,102.6,1.0,117.1,0.0,0.4,0.0,0.0,0.4,12.4,1.8,0.0,9.8,0.0,0.0,0.0,211.9,0.0,3.1,0.0,0.0,0.0,0.0,0.0,0.0,328.1
Quartinho de Pão de Hamburguer McDonald's,417,19.8,6.9,7.2,0.5,37.9,8.8,24.1,2.7,66.7,0.7,86.1,0.0,0.3,0.052,0.029,0.6,7.6,0.0,0.0,1.5,0.0,0.0,0.0,143.6,0.2,4.1,37.6,0.3,212.0,388.2,0.0,4.6,233.7
Sanduíche de frango crispy premium clássico do McDonald's,524,20.0,3.2,7.3,8.5,58.6,12.4,27.8,3.2,59.8,1.0,119.6,0.0,0.5,0.1,0.0,0.4,12.7,2.4,0.0,5.8,0.0,0.0,0.0,78.2,0.2,3.3,62.1,1.0,370.3,522.1,0.0,1.5,196.9
Hambúrguer vegetariano,124,4.4,1.0,1.2,1.4,10.0,0.7,11.0,3.4,3.5,0.4,42.8,0.0,1.9,0.045,0.02,0.2,2.6,0.2,0.2,3.2,0.0,0.2,0.069,95.2,0.1,1.7,39.2,0.7,144.2,233.1,0.017,0.9,128.9
Quarteirão com queijo McDonald's,513,28.3,11.2,9.2,0.9,39.7,9.8,29.0,2.8,93.5,1.2,97.3,0.0,0.3,0.1,0.068,0.7,7.7,0.0,0.0,1.6,0.0,0.0,0.0,286.6,0.2,4.2,43.8,0.3,320.4,435.8,0.0,5.2,392.2
"Sanduíche de carne de boi, filete cru",173,15.1,6.5,6.2,0.3,0.0,0.0,9.2,0.0,39.8,0.043,31.4,0.0,0.066,0.076,0.041,0.065,2.6,0.2,0.1,0.0,0.077,0.1,0.046,6.7,0.068,1.0,9.0,0.092,74.5,130.5,0.078,2.0,32.0
Hambúrguer quente,292,13.2,6.0,5.1,1.4,28.7,5.9,15.0,1.6,41.4,0.6,55.3,0.5,0.087,0.4,0.083,0.091,0.2,3.5,0.3,1.1,0.7,0.042,0.3,0.04,105.8,0.1,3.2,25.3,0.3,154.1,204.7,0.021,60.289
"Sanduíche de frango grelhado premium, ranch e BLT da McDonald's

(Note: ""Sanduíche"" is the Portuguese term for ""sandwich"", ""frango"" means ""chicken"", and ""BLT"" is translated as ""Bacon, Lâminas e Tomate"", which is the direct translation of ""Bacon, Lettuce and Tomato"")",412,10.9,3.0,3.8,3.4,44.3,10.5,33.7,2.8,76.8,1.0,108.3,0.0,0.4,0.0,0.0,0.4,12.5,1.8,0.0,9.9,0.0,0.0,0.0,76.8,0.0,3.0,0.0,0.0,0.0,0.0,0.0,0.0,181.4
Sanduíche duplo Whopper com queijo Burger King,1061,68.1,27.9,25.1,11.9,53.9,14.4,57.7,6.4,187.5,1.5,212.6,0.0,1.1,0.1,0.0,0.8,12.0,0.8,0.4,0.8,0.0,0.2,0.082,311.2,0.3,21.1,75.8,0.6,510.7,754.1,0.075,14.0,519.2
MacDonald's Big Mac,563,32.8,8.3,7.6,0.7,44.0,8.7,25.9,3.5,78.8,1.0,112.3,0.0,0.4,0.1,0.048,0.5,7.4,0.0,0.0,0.9,0.0,0.0,0.0,254.0,0.2,4.4,43.8,0.5,267.2,396.4,0.0,4.2,365.5
Sanduíche com carnes frias,833,39.3,13.9,14.5,7.5,79.9,12.4,41.1,4.7,105.6,2.2,221.0,0.5,0.004,1.3,0.4,0.051,1.0,16.9,1.5,0.8,29.3,0.012,1.6,0.023,668.6,0.5,7.1,78.2,0.9,437.9,1102.6,0.065,166.871
Arrosto de peixe McDonald's,378,19.6,3.8,5.4,8.0,35.4,4.9,15.1,1.9,42.9,0.6,61.3,0.0,0.3,0.073,0.054,0.2,3.0,0.0,0.0,0.4,0.0,1.6,0.058,160.8,0.025,2.1,36.2,0.4,183.6,294.8,0.017,0.8,235.3
"""Churrinho de frango tendeiro empanado à mão, Carls Jr""",57,2.9,0.6,2.9,5.5,0.2,0.0,0.0,0.0,0.0,0.0,0.0,0.0,0.0,0.0,0.0,0.0,0.0,0.0,0.0,0.0,0.0,0.0,0.0,0.0,0.0,0.0,0.0,0.0,0.0,0.0,0.0,0.0,3.1
Sanduche de frango grelhado da Wendys,370,8.0,42.0,34.0,0.0,0.0,0.0,0.0,0.0,0.0,0.0,0.0,0.0,0.0,0.0,0.0,0.0,0.0,0.0,0.0,0.0,0.0,0.0,0.0,0.0,0.0,0.0,0.0,0.0,0.0,0.0,0.0,0.0,8.0
Sanduíche com bife à milanesa,410,13.0,7.1,1.8,2.6,44.3,0.0,28.6,0.0,73.4,0.8,127.4,0.03,0.4,0.053,0.015,0.4,6.0,0.8,0.3,5.6,0.0,0.0,0.0,41.0,0.4,2.8,67.0,0.4,192.2,330.5,0.073,4.4,135.393
Hambúrguer Burger King,258,10.4,3.8,4.2,1.2,26.5,5.5,14.7,2.0,34.7,0.5,45.5,0.5,0.0,0.3,0.026,0.0,0.2,3.9,0.2,0.056,0.2,0.0,0.068,0.049,75.2,0.1,2.8,24.8,0.3,124.7,214.8,0.055,54.28
Bem grande e saboroso McDonald's,524,31.7,8.6,9.7,6.9,38.5,8.8,24.7,3.2,76.6,0.7,133.9,0.0,0.3,0.1,0.017,0.6,7.7,0.0,0.0,4.4,0.0,0.0,0.0,150.8,0.2,4.4,41.8,0.4,227.4,464.0,0.0,4.8,257.7
Sanduíche de carne de boi grelhada,364,15.3,5.1,5.9,2.6,33.1,5.7,22.6,1.9,44.7,1.0,74.4,0.6,0.035,0.3,0.015,0.012,0.4,6.5,0.9,0.3,0.0,0.0,0.6,0.039,82.0,0.1,3.9,34.3,0.1,298.0,333.8,0.055,73.951
Sanduíche de carneiro grelhada com queijo,473,18.0,9.0,3.7,3.5,45.4,0.0,32.2,0.0,77.4,1.6,76.6,0.082,0.4,0.065,0.063,0.5,5.9,0.7,0.3,0.0,0.0,0.0,0.0,183.0,0.2,5.1,40.5,0.3,401.3,345.0,0.021,5.4,283.72
"""Hambúrguer""",255,9.9,3.5,3.7,1.3,28.7,5.8,12.9,1.7,28.1,0.5,43.5,0.4,0.088,0.3,0.082,0.092,0.2,3.9,0.3,0.1,0.3,0.041,0.053,0.068,112.5,0.027,2.8,21.3,0.2,106.7,191.1,0.017,53.859
Hambúrguer de peixe premium da Burger King,572,27.4,4.3,5.7,13.8,58.7,7.8,22.6,2.0,68.2,1.3,106.6,0.0,0.4,0.0,0.0,0.4,4.6,0.4,0.054,0.4,0.0,0.0,0.014,81.4,0.2,3.3,55.0,0.6,255.2,453.2,0.08,1.1,195.8
Hambúrguer Whopper da Burger King,790,48.4,18.3,16.0,12.0,52.8,13.0,35.4,3.2,113.8,1.4,173.5,0.0,0.7,0.2,0.0,0.6,8.1,0.6,0.2,0.6,0.0,0.3,0.008,259.1,0.2,6.3,56.9,0.6,357.1,534.0,0.032,5.1,405.8
Sanduíche com salada de atum,584,28.0,5.3,13.4,7.3,55.4,0.0,29.7,0.0,48.6,1.3,139.0,0.004,0.5,0.1,0.076,0.3,11.3,1.9,0.2,3.6,0.0,0.0,0.0,74.2,0.4,2.6,79.4,0.5,220.2,335.4,0.019,1.9,193.569
Sanduíche de frango original Burger King,569,29.2,5.4,7.4,14.4,52.2,6.0,24.2,4.8,61.7,1.3,89.0,0.0,0.6,0.075,0.0,0.3,9.4,0.9,0.3,0.4,0.0,0.0,0.019,91.5,0.2,3.6,45.8,0.8,254.7,390.0,0.037,1.2,205.9
Hamburger duplo Whopper Burger King,942,58.6,21.6,22.9,11.3,51.4,13.2,52.1,5.2,172.0,1.1,206.8,0.0,0.7,0.2,0.0,0.7,12.1,0.7,0.4,0.7,0.0,0.0,0.023,130.9,0.4,10.5,67.3,0.7,415.1,718.1,0.082,11.2,309.4
Sanduíche de frango crispy premium do clube da McDonald's,635,29.9,8.5,10.7,9.0,57.4,12.7,39.1,3.0,96.5,1.2,122.0,0.0,0.4,0.0,0.0,0.4,12.1,2.3,0.0,9.7,0.0,0.0,0.0,233.7,0.0,3.4,0.0,0.0,0.0,0.0,0.0,0.0,376.2
Hambúrguer McDonald's,251,9.6,3.3,3.6,1.3,28.8,5.7,12.3,1.2,25.7,0.5,42.3,0.4,0.0,0.2,0.03,0.008,0.2,4.3,0.0,0.0,0.6,0.0,0.0,0.0,120.7,0.049,2.7,20.0,0.3,101.7,182.4,0.066,52.357
Pizza pepperoni Domino's,308,12.6,5.4,3.8,2.4,36.0,4.2,12.7,2.4,28.3,0.7,49.0,0.0,0.4,0.0,0.014,0.2,3.9,0.0,0.024,0.9,0.0,1.1,0.034,159.3,0.1,2.6,27.1,0.4,215.8,206.8,0.038,1.5,226.5
Pizza quente com linguiça,325,14.3,5.8,4.7,2.7,35.5,3.9,13.3,2.7,26.7,0.7,49.9,0.3,0.019,0.4,0.1,0.055,0.2,4.4,0.0,0.099,2.0,0.0,1.1,0.078,167.0,0.1,2.8,27.8,0.4,223.9,228.5,0.003,66.337
Pizza de pepperoni,313,13.2,5.7,4.3,2.3,35.5,3.6,13.0,2.6,27.8,0.8,46.4,0.3,0.035,0.5,0.1,0.001,0.2,4.6,0.0,0.093,1.0,0.0,1.0,0.05,169.8,0.1,2.8,26.6,0.4,219.8,216.5,0.022,64.836
Pizza pepperoni da Pizza Hut,269,10.9,5.0,3.9,2.0,30.3,3.5,12.3,1.6,25.0,0.8,39.7,0.087,0.3,0.0,0.073,0.3,3.9,0.4,0.1,0.0,0.0,0.7,0.037,148.8,0.038,2.1,22.1,0.4,209.3,198.7,0.021,1.6,206.086
Queijo pizza Pizza Hut,260,10.5,4.8,2.8,1.8,30.0,3.2,11.5,1.7,23.0,0.7,41.6,0.075,0.3,0.0,0.033,0.2,3.2,0.3,0.1,0.0,0.0,0.7,0.039,200.6,0.003,1.9,21.1,0.3,239.0,166.1,0.022,1.6,256.272
Pizza de queijo,285,10.4,4.8,2.8,1.8,35.7,3.8,12.2,2.5,18.2,0.6,46.2,0.3,0.001,0.4,0.014,0.023,0.2,4.1,0.0,0.066,1.5,0.0,0.9,0.082,201.2,0.1,2.7,25.7,0.4,231.1,184.0,0.031,61.304
Pizza de queijo Domino's,278,9.7,4.4,2.3,2.0,35.9,4.3,11.7,2.4,18.4,0.6,48.5,0.068,0.3,0.0,0.037,0.2,3.6,0.5,0.051,1.0,0.0,1.1,0.028,180.4,0.1,2.5,25.9,0.3,220.3,173.9,0.026,1.3,243.663
Pizza de carne e legumes,332,14.8,6.0,5.2,2.6,34.5,5.1,15.0,3.0,36.7,0.8,68.5,0.032,0.3,0.045,0.045,0.4,4.2,0.6,0.1,0.1,0.0,1.2,0.065,163.2,0.2,2.5,31.3,0.4,248.9,250.2,0.075,1.7,233.148
Mordedor cru,146,3.7,0.7,1.1,1.3,0.0,0.0,26.6,0.0,65.2,0.0,126.7,0.041,0.095,0.028,0.063,0.1,1.9,1.2,0.3,0.0,0.0,0.0,0.0,111.3,0.3,2.1,47.7,1.0,333.9,604.2,0.056,1.2,143.779
Pescada de norte crua,348,2.7,0.5,0.6,0.8,0.0,0.0,76.3,0.0,154.4,0.2,312.5,0.059,0.2,0.077,0.078,0.2,9.1,3.0,0.5,15.0,0.025,0.8,0.089,225.7,0.2,2.2,122.8,1.0,871.2,1025.6,0.082,2.7,321.946
Peixe de haddock cozido,135,0.8,0.2,0.1,0.3,0.0,0.0,30.0,0.0,99.0,0.4,119.5,0.012,0.099,0.035,0.045,0.1,6.2,0.7,0.5,0.0,0.064,0.8,0.004,21.0,0.042,0.3,39.0,0.06,417.0,526.5,0.055,0.6,52.159
Linguado cozido,104,0.9,0.2,0.2,0.3,0.0,0.0,22.3,0.0,69.3,0.1,66.1,0.071,0.4,0.059,0.087,0.2,1.8,0.2,0.3,0.0,0.0,0.0,0.0,57.6,0.2,1.0,36.9,0.8,230.4,466.2,0.002,0.9,81.891
Truta assada,356,3.8,0.5,0.4,1.9,0.0,0.0,75.3,0.0,274.8,0.3,217.5,0.045,0.2,0.092,0.093,0.7,12.0,1.2,1.0,0.0,0.0,0.0,0.0,232.5,0.2,1.8,259.7,0.026,854.7,1377.1,0.1,1.8,313.428
Arremo de rainha crua,27,0.7,0.1,0.2,0.3,0.0,0.0,5.0,0.0,19.8,0.019,22.3,0.036,0.071,0.057,0.056,0.024,0.4,0.2,0.095,0.0,0.045,0.1,0.068,17.0,0.041,0.3,8.5,0.2,65.1,82.1,0.036,0.5,23.004
Peixe branco cozido,265,11.6,1.8,3.9,4.2,0.0,0.0,37.7,0.0,118.6,0.1,100.2,0.082,0.3,0.0,0.027,0.2,5.9,1.3,0.5,0.0,0.0,0.0,0.0,50.8,0.1,0.7,64.7,0.1,532.8,625.2,0.08,2.0,100.864
Pescada de wallleye crua,148,1.9,0.4,0.5,0.7,0.0,0.0,30.4,0.0,136.7,0.011,126.1,0.083,0.4,0.032,0.006,0.3,3.7,1.2,0.2,0.0,0.0,0.0,0.0,174.9,0.3,2.1,47.7,1.3,333.9,618.5,0.011,1.0,209.316
Peixe cozido,275,12.2,2.4,5.1,3.1,0.0,0.0,38.9,0.0,142.8,0.1,118.4,0.02,0.2,0.056,0.09,0.1,3.6,1.5,0.4,2.7,0.0,0.0,0.0,88.4,0.1,2.7,64.6,0.074,902.7,725.9,0.082,3.2,144.989
Peixe-volffardo cozido,293,7.3,1.1,2.6,2.6,0.0,0.0,53.4,0.0,140.4,0.3,176.7,0.3,0.5,0.063,0.08,0.2,6.2,1.6,1.1,0.0,0.0,0.0,0.0,19.0,0.048,0.3,90.4,0.075,609.3,916.3,0.1,2.4,80.3
Peixe de snapper cozinado,218,2.9,0.6,0.5,1.0,0.0,0.0,44.7,0.0,79.9,0.066,119.6,0.071,0.009,0.094,0.05,0.065,0.6,1.5,0.8,2.7,0.0,0.0,0.0,68.0,0.027,0.4,62.9,0.034,341.7,887.4,0.07,0.7,118.742
Carne de roe cozida,58,2.3,0.5,0.6,1.0,0.5,0.0,8.1,0.0,135.6,0.055,16.6,0.066,0.001,0.055,0.056,0.3,0.6,0.3,0.085,4.6,0.0,0.0,0.0,7.9,0.078,0.2,7.4,0.033,145.7,80.1,0.052,0.4,23.609
Anchoiva crua,37,1.4,0.4,0.3,0.5,0.0,0.0,5.8,0.0,17.0,0.012,20.8,0.097,0.055,0.029,0.032,0.009,4.0,0.2,0.067,0.0,0.0,0.2,0.015,41.6,0.071,0.9,11.6,0.025,49.2,108.4,0.045,0.5,49.714
Azeitona crua,291,16.6,3.8,6.9,3.9,0.0,0.0,33.0,0.0,110.4,0.2,132.6,0.027,0.2,0.084,0.016,0.4,5.9,1.2,0.6,1.3,0.005,2.0,0.033,104.9,0.2,2.0,58.9,0.098,434.2,601.7,0.022,1.8,157.898
Código de cozimento: cru,189,1.5,0.3,0.2,0.5,0.0,0.0,41.1,0.0,99.3,0.1,187.6,0.045,0.2,0.016,0.061,0.2,4.8,0.4,0.6,2.3,0.083,1.5,0.021,37.0,0.023,0.9,73.9,0.013,468.9,954.0,0.096,1.0,82.88
Pescado de tilápia crua,111,2.0,0.7,0.6,0.4,0.0,0.0,23.3,0.0,58.0,0.009,90.6,0.0,0.094,0.09,0.02,0.036,4.5,0.6,0.2,0.0,0.019,0.5,0.068,11.6,0.087,0.6,31.3,0.081,197.2,350.3,0.039,0.4,37.5
Peixe-vinga cozido,84,1.2,0.3,0.3,0.4,0.0,0.0,16.9,0.0,60.5,0.018,53.8,0.064,0.04,0.075,0.045,0.05,1.2,0.2,0.1,0.0,0.027,0.3,0.075,44.6,0.01,0.3,19.4,0.017,205.2,312.5,0.077,0.4,63.037
Atum-skipjack cozido,407,4.0,1.3,0.7,1.2,0.0,0.0,86.9,0.0,184.8,0.1,191.8,0.059,0.1,0.06,0.041,0.4,57.8,1.5,3.0,3.1,0.0,0.0,0.0,114.0,0.3,4.9,135.5,0.067,877.8,1607.8,0.1,3.2,212.936
Salmão assado,733,44.0,8.5,14.9,16.2,0.0,0.0,78.7,0.0,224.3,0.2,230.5,0.2,1.2,0.1,0.01,0.5,28.6,5.3,2.3,13.2,0.046,4.1,0.044,53.4,0.2,1.2,106.8,0.095,897.1,1367.0,0.1,1.5,190.7
Salmão de Chum cozido,474,14.9,3.3,6.1,3.5,0.0,0.0,79.5,0.0,292.6,0.2,210.8,0.1,0.3,0.045,0.017,0.7,26.3,2.7,1.4,0.0,0.0,0.0,0.0,43.1,0.2,2.2,86.2,0.09,1118.0,1694.0,0.1,1.8,139.8
Truta americana cozida,363,25.4,0.0,0.0,0.0,0.0,0.0,31.3,0.0,138.2,0.043,85.3,0.031,0.3,0.008,0.065,0.4,15.5,1.2,0.7,0.0,0.0,0.0,0.0,86.4,0.1,1.8,54.7,0.027,502.6,708.5,0.035,0.7,144.967
Peixe-gato cozido,65,3.9,0.9,1.7,1.0,1.8,0.0,5.3,0.0,16.7,0.068,17.0,0.058,0.034,0.05,0.066,0.013,0.8,0.2,0.063,0.0,0.0,0.0,0.0,14.2,0.031,0.3,12.2,0.057,54.9,43.9,0.064,0.1,25.548
Truta cozida,118,5.3,0.9,2.6,1.2,0.0,0.0,16.5,0.0,45.9,0.027,39.3,0.02,0.3,0.019,0.026,0.3,3.6,1.4,0.1,0.3,0.0,0.0,0.0,34.1,0.1,1.2,17.4,0.7,194.7,287.1,0.096,0.5,57.496
Peixe-espadachim cru,196,9.0,2.2,4.0,1.6,0.0,0.0,26.7,0.0,89.8,0.1,99.8,0.04,0.1,0.036,0.02,0.071,10.6,0.5,0.7,0.0,0.082,2.7,0.023,6.8,0.051,0.5,39.4,0.059,346.8,568.5,0.021,0.9,43.072
Truta-arco-íris grelhada,119,5.2,1.2,1.7,1.3,0.0,0.0,16.9,0.0,49.7,0.041,48.8,0.09,0.024,0.1,0.035,0.011,0.077,4.7,1.4,0.3,2.1,0.092,2.0,0.003,21.3,0.093,0.3,21.3,0.043,191.7,319.5,0.059,22.557
Sanduíche de peixe com queijo,374,19.6,3.8,5.4,8.0,35.4,4.9,15.1,0.0,49.6,0.6,61.3,0.0,0.3,0.0,0.007,0.3,3.1,0.3,0.044,2.0,0.0,0.0,0.0,160.8,0.092,2.1,36.2,0.4,183.6,294.8,0.0,0.8,235.0
Peixe-marinheiro seco,21,0.8,0.2,0.1,0.3,0.0,0.0,3.2,0.0,2.9,5.6,39.4,0.024,0.082,0.033,0.0,0.05,0.1,0.0,0.054,0.0,0.0,0.05,0.059,1.2,0.08,1.3,1.2,0.0,11.6,1.7,0.014,0.2,6.517
Peixe-mulhete cru,139,4.5,1.3,1.3,0.9,0.0,0.0,23.0,0.0,58.3,0.098,91.6,0.048,0.1,0.002,0.092,0.07,6.2,0.9,0.5,1.4,0.065,1.2,0.066,48.8,0.0,1.2,34.5,0.005,263.0,424.8,0.053,0.6,78.949
Halibite cozida,353,5.1,1.1,1.8,1.1,0.0,0.0,71.7,0.0,190.8,0.3,242.1,0.043,0.007,0.2,0.01,0.043,0.1,25.2,1.3,2.0,0.0,0.089,2.4,0.0,28.6,0.095,0.6,89.0,0.071,912.7,1679.0,0.2,78.934
Peixe-lingcod cru,213,2.7,0.5,0.9,0.8,0.0,0.0,44.2,0.0,130.0,0.1,202.6,0.079,0.067,0.04,0.093,0.3,4.8,1.9,0.8,0.0,0.0,0.0,0.0,35.0,0.024,0.8,65.0,0.035,502.5,1092.5,0.025,1.1,82.778
Linguado-aranha cozido,30,0.3,0.046,0.1,0.076,0.0,0.0,6.4,0.0,22.6,0.079,19.0,0.049,0.025,0.035,0.043,0.009,0.5,0.025,0.022,0.0,0.0,0.5,0.076,3.1,0.043,0.3,5.1,0.061,28.9,51.2,0.024,0.095,10.146
Cisco crudo,77,1.5,0.3,0.4,0.5,0.0,0.0,15.0,0.0,39.5,0.042,62.4,0.022,0.098,0.016,0.023,0.024,2.0,0.6,0.2,0.0,0.0,0.0,0.0,9.5,0.029,0.3,13.4,0.019,120.1,279.7,0.08,0.3,26.367
Pompano de Flórida cozido,186,10.7,4.0,2.9,1.3,0.0,0.0,20.8,0.0,56.3,0.05,55.4,0.025,0.6,0.055,0.006,0.1,3.3,0.8,0.2,0.0,0.0,0.0,0.0,37.8,0.087,0.6,27.3,0.023,300.1,559.7,0.089,0.6,69.911
Peixe-de-areia cru,218,2.9,0.6,0.5,1.0,0.0,0.0,44.7,0.0,80.7,0.1,167.6,0.01,0.1,0.028,0.06,0.049,0.6,1.6,0.9,3.5,0.054,2.1,0.098,69.8,0.055,0.4,69.8,0.072,431.6,909.1,0.065,0.8,121.32
Sanduiche de peixe,565,27.4,4.3,5.7,13.8,58.7,7.8,22.6,0.0,77.0,1.3,106.6,0.2,0.0,0.5,0.0,0.0,0.3,4.7,0.8,0.2,4.0,0.0,0.0,0.0,81.4,0.2,3.3,55.0,0.6,255.2,453.2,0.1,109.3
Peixe-de-haddock crudo,143,0.9,0.2,0.1,0.3,0.0,0.0,31.5,0.0,104.2,0.4,160.9,0.098,0.01,0.005,0.012,0.1,6.5,0.8,0.5,0.0,0.025,0.9,0.079,21.2,0.034,0.3,40.5,0.051,438.1,552.0,0.025,0.6,53.952
Peixe do mar crua,51,1.0,0.2,0.3,0.2,0.0,0.0,9.8,0.0,33.3,0.2,50.4,0.087,0.064,0.074,0.021,0.06,0.6,0.2,0.078,0.0,0.08,0.5,0.051,17.9,0.043,0.1,14.7,0.045,158.7,119.7,0.029,0.2,28.835
Peixe-lula cozido,45,0.4,0.08,0.061,0.061,0.5,0.0,9.2,0.0,63.4,0.2,17.3,0.05,0.07,0.046,0.057,0.5,0.6,0.3,0.015,2.4,0.0,0.0,0.0,50.9,0.3,3.1,17.0,0.056,164.1,180.3,0.037,1.0,66.521
Código cozido,189,1.5,0.3,0.2,0.5,0.0,0.0,41.1,0.0,99.0,0.1,136.7,0.077,0.2,0.024,0.071,0.1,4.5,0.3,0.5,1.8,0.097,1.5,0.028,25.2,0.01,0.9,75.6,0.016,248.4,439.2,0.09,1.0,70.534
Truta crua,248,8.6,2.4,2.1,1.7,0.0,0.0,39.8,0.0,197.5,0.1,185.9,0.056,0.1,0.085,0.083,0.4,5.7,1.8,1.0,0.0,0.0,0.0,0.0,40.5,0.082,0.6,73.8,0.007,595.0,811.6,0.029,1.1,89.528
Peixe-voador cru,114,3.1,0.7,0.9,0.6,0.0,0.0,20.2,0.0,73.4,0.5,137.9,0.036,0.053,0.048,0.072,0.091,1.7,0.3,0.2,0.0,0.059,1.0,0.074,34.2,0.038,0.3,29.3,0.074,410.8,260.8,0.014,0.5,57.837
Cozido,79,3.1,0.9,0.9,0.7,0.0,0.0,11.9,0.0,38.5,0.022,34.6,0.051,0.051,0.036,0.093,0.1,4.3,0.4,0.2,0.0,0.0,0.0,0.0,9.0,0.025,0.2,27.0,0.098,119.0,318.0,0.029,0.3,24.239
Peixe-lagoinha grelhado,148,1.9,0.4,0.5,0.7,0.0,0.0,30.4,0.0,136.4,0.069,91.1,0.085,0.4,0.032,0.047,0.2,3.5,1.1,0.2,0.0,0.0,0.0,0.0,174.8,0.3,2.1,47.1,1.3,333.6,618.8,0.073,1.0,209.213
Pérca crua,55,0.6,0.1,0.081,0.2,0.0,0.0,11.6,0.0,54.0,0.037,47.5,0.052,0.03,0.041,0.034,0.001,0.9,0.5,0.091,1.0,0.084,0.1,0.092,48.0,0.077,0.5,18.0,0.4,120.0,161.4,0.031,0.7,61.715
"Sementes de abobora assadas, peixe-do-sol cru",43,0.3,0.051,0.016,0.1,0.0,0.0,9.3,0.0,32.2,0.06,38.2,0.096,0.031,0.087,0.07,0.064,0.6,0.4,0.024,0.5,0.0,0.0,0.0,38.4,0.1,0.6,14.4,0.3,86.4,168.0,0.078,0.7,49.154
Peixe-malhado em sal,415,34.1,9.7,11.3,8.4,0.0,0.0,25.2,0.0,129.2,6.1,58.5,0.031,0.05,0.061,0.065,0.3,4.5,0.0,0.6,0.0,0.03,3.2,0.043,89.8,0.1,1.9,81.6,0.0,345.4,707.2,0.082,1.5,151.025
Salmão grelhado,231,15.7,3.7,6.2,3.8,0.0,0.0,21.0,0.0,66.0,0.064,46.9,0.065,0.1,0.014,0.097,0.4,6.0,0.9,0.4,0.4,0.0,0.0,0.0,13.2,0.086,1.4,85.4,0.008,244.6,352.9,0.038,0.8,51.733
Peixe tilápia cozido,111,2.3,0.8,0.8,0.5,0.0,0.0,22.8,0.0,49.6,0.011,62.3,0.0,0.021,0.006,0.037,0.072,4.1,0.6,0.1,0.0,0.013,0.7,0.053,12.2,0.049,0.6,29.6,0.083,177.5,330.6,0.034,0.4,37.9
Crudo,236,9.8,2.2,4.3,2.3,0.0,0.0,34.7,0.0,126.7,0.1,153.1,0.1,0.1,0.07,0.03,0.3,4.7,1.5,0.6,2.0,0.0,0.0,0.0,118.8,0.5,1.8,59.4,1.4,356.4,544.5,0.071,1.3,167.2
Craca-do-atlântico frita,192,11.0,3.0,4.6,2.5,6.6,0.0,15.8,0.3,73.1,0.3,52.0,0.004,0.006,0.044,0.032,0.1,3.7,0.6,0.2,0.0,0.0,0.0,0.0,27.8,0.096,0.7,36.5,0.079,188.8,295.8,0.038,0.5,62.209
Sementes de abóbora assadas de peixe-sol,42,0.3,0.025,0.083,0.1,0.0,0.0,9.2,0.0,31.8,0.046,27.3,0.087,0.001,0.038,0.062,0.028,0.5,0.3,0.066,0.4,0.0,0.0,0.0,38.1,0.1,0.6,14.1,0.3,85.5,166.1,0.025,0.7,48.674
Peixe-lobo cru,294,7.3,1.1,2.6,2.6,0.0,0.0,53.6,0.0,140.8,0.3,244.5,0.3,0.6,0.062,0.074,0.2,6.5,1.7,1.2,0.0,0.0,0.0,0.0,18.4,0.028,0.3,91.8,0.033,612.0,918.0,0.1,2.4,79.9
Tunaolo azul cozido,276,9.4,2.4,3.1,2.8,0.0,0.0,44.9,0.0,73.5,0.02,88.6,1.1,0.4,0.034,0.062,0.5,15.8,2.1,0.8,0.0,0.0,0.0,0.0,15.0,0.2,2.0,96.0,0.028,489.0,484.5,0.036,1.2,72.4
"""Escopada cozida""",68,1.8,0.0,0.0,0.0,0.0,0.0,12.1,0.0,33.5,0.061,34.2,0.093,0.004,0.051,0.037,0.044,2.5,0.4,0.2,0.0,0.0,0.0,0.0,25.5,0.078,0.3,14.5,0.034,118.5,184.0,0.015,0.3,39.718
Azeitona cozida,290,16.6,3.7,6.8,3.9,0.0,0.0,32.9,0.0,110.1,0.2,91.7,0.076,0.2,0.067,0.06,0.4,5.9,1.1,0.5,1.0,0.0,2.0,0.074,105.8,0.2,2.0,58.6,0.082,433.3,599.2,0.066,1.8,158.304
Peixe-azul crudo,186,6.4,1.4,2.7,1.6,0.0,0.0,30.1,0.0,88.5,0.028,106.3,0.2,0.033,0.051,0.032,0.1,8.9,1.2,0.6,0.0,0.0,0.0,0.0,10.5,0.042,0.7,49.5,0.057,340.5,558.0,0.083,1.2,47.9
Peixe-do-velho cozido,234,3.0,0.7,0.7,0.7,0.0,0.0,48.4,0.0,119.0,0.1,128.4,0.069,0.061,0.058,0.062,0.089,3.3,1.6,0.7,0.0,0.0,0.0,0.0,68.8,0.2,1.2,65.1,0.085,651.0,952.3,0.065,1.2,121.48
Peixe de barriga cozido,91,2.9,0.6,1.1,0.8,0.0,0.0,15.0,0.0,53.9,0.078,42.6,0.073,0.081,0.085,0.002,0.009,0.9,0.5,0.023,1.3,0.0,0.0,0.0,63.9,0.047,1.2,23.6,0.7,158.7,282.7,0.026,0.5,84.379
Frito,279,3.2,1.1,1.2,0.1,0.0,0.0,58.4,0.0,183.6,0.2,208.5,0.062,0.3,0.077,0.017,0.2,7.0,0.5,0.8,0.0,0.0,0.0,0.0,35.6,0.1,1.0,46.6,0.022,701.4,1405.6,0.1,3.6,98.207
Salmão chinook crudo,709,41.3,12.3,17.4,11.1,0.0,0.0,78.9,0.0,198.0,0.2,283.7,0.5,0.2,0.1,0.077,0.4,33.3,3.0,1.6,15.8,0.0,4.8,0.0,103.0,0.2,1.0,376.2,0.034,1144.4,1560.2,0.1,1.7,240.5
Peixe-roque crudo,172,2.6,0.7,0.7,0.8,0.0,0.0,35.1,0.0,95.5,0.1,151.0,0.007,0.039,0.045,0.092,0.4,4.6,0.6,0.4,0.0,0.027,0.7,0.0,26.7,0.021,0.6,51.6,0.064,391.6,737.3,0.1,0.7,65.002
Peixe-telha cru,371,8.9,1.7,2.2,2.3,0.0,0.0,67.6,0.0,193.0,0.2,304.6,0.057,0.5,0.042,0.057,0.6,11.2,2.9,1.0,0.0,0.0,0.0,0.0,100.4,0.2,1.0,108.1,0.008,721.8,1671.4,0.1,1.4,177.901
Cupida cru,174,4.5,1.1,0.9,1.7,0.0,0.0,31.3,0.0,86.3,0.082,125.1,0.037,0.2,0.02,0.014,0.2,6.8,1.2,0.5,0.0,0.077,0.8,0.001,66.4,0.008,0.9,38.2,0.086,307.1,476.4,0.09,0.8,103.111
Peixe-sable grelhado,755,59.3,12.4,31.2,7.9,0.0,0.0,51.9,0.0,190.3,0.2,189.8,0.3,0.4,0.085,0.046,0.3,15.5,2.6,1.0,0.0,0.0,0.0,0.0,135.9,0.013,5.0,214.4,0.095,649.3,1386.2,0.1,1.2,252.4
Salada de atum,383,19.0,3.2,5.9,8.5,19.3,0.0,32.9,0.0,26.7,0.8,129.5,0.004,0.028,0.059,0.049,0.1,13.7,0.5,0.2,4.5,0.0,0.0,0.0,34.9,0.3,2.1,39.0,0.082,364.9,364.9,0.001,1.1,112.727
Salmão coelho assado,255,11.8,2.8,5.2,2.8,0.0,0.0,34.7,0.0,90.1,0.06,95.8,0.063,0.1,0.064,0.086,0.2,10.6,1.8,0.8,2.1,0.0,0.0,0.0,17.2,0.1,0.6,48.6,0.056,474.8,657.8,0.081,0.7,66.478
Crudo,20,0.9,0.2,0.2,0.4,0.2,0.0,3.1,0.0,52.4,0.052,9.5,0.028,0.025,0.068,0.004,0.1,0.3,0.1,0.072,2.2,0.02,1.0,0.018,3.1,0.062,0.085,2.8,0.002,56.3,30.9,0.059,0.1,9.553
Peixe-espada cru,125,2.6,0.7,0.5,1.0,0.0,0.0,23.8,0.0,52.9,0.084,101.0,0.001,0.1,0.079,0.064,0.2,2.1,1.0,0.5,0.0,0.071,1.1,0.091,12.9,0.079,0.4,52.9,0.09,250.3,330.2,0.082,0.5,39.739
Salmão rosa cozido,349,12.0,2.2,3.7,2.2,0.0,0.0,56.0,0.0,125.4,0.2,161.1,0.029,0.055,0.2,0.043,0.012,0.3,21.9,2.8,1.6,0.0,0.041,1.1,0.066,18.2,0.2,1.0,73.0,0.003,713.6,1000.9,0.089,69.873
Salmão Sockeye cozido,493,17.3,3.0,5.8,4.1,0.0,0.0,82.1,0.0,189.1,0.3,208.7,0.087,0.2,0.5,0.035,0.04,0.8,31.4,4.3,2.6,0.0,0.016,3.1,0.089,34.1,0.2,1.6,111.6,0.096,945.5,1351.6,0.1,102.315
Peixe-branco cru,265,11.6,1.8,4.0,4.3,0.0,0.0,37.8,0.0,118.8,0.1,144.1,0.092,0.3,0.089,0.095,0.2,5.9,1.5,0.6,0.0,0.095,0.4,0.061,51.5,0.1,0.7,65.3,0.1,534.6,627.7,0.059,2.0,101.603
Hálibut da Groenlândia cozido,760,56.4,9.9,34.2,5.6,0.0,0.0,58.6,0.0,187.6,0.3,196.8,0.093,0.2,0.07,0.004,0.3,6.1,0.9,1.5,0.0,0.0,0.0,0.0,12.7,0.1,2.7,104.9,0.075,667.8,1093.9,0.1,1.6,130.404
Pessego-cozido,350,2.7,0.5,0.6,0.8,0.0,0.0,76.5,0.0,155.0,0.2,226.2,0.095,0.2,0.098,0.088,0.2,8.7,2.7,0.4,11.8,0.0,0.0,0.0,226.3,0.2,2.2,124.0,1.0,874.2,1026.1,0.024,2.7,319.506
Salmão cru,824,53.1,12.1,14.9,15.4,0.0,0.0,80.9,0.0,217.8,0.2,257.0,0.0,0.8,0.1,0.021,0.6,34.3,6.1,2.5,15.4,0.0,14.1,0.059,35.6,0.2,1.3,106.9,0.029,950.4,1437.5,0.014,1.4,186.3
Tubarão cozido,388,12.0,0.0,0.0,0.0,0.0,0.0,65.4,0.0,197.2,0.6,224.0,0.02,0.2,0.04,0.026,0.3,8.5,2.1,0.8,5.4,0.0,0.0,0.0,73.1,0.1,1.5,206.7,0.064,524.7,969.9,0.1,0.9,157.453
Surimi,28,0.3,0.059,0.043,0.1,1.9,0.0,4.3,0.0,8.5,0.042,21.6,0.084,0.072,0.006,0.035,0.078,0.062,0.055,0.064,0.0,0.0,0.2,0.003,2.5,0.007,0.057,12.2,0.043,79.8,31.7,0.047,0.026,9.072
Salmão chinook grelhado,711,41.2,9.9,17.7,8.2,0.0,0.0,79.2,0.0,261.8,0.2,202.0,0.5,0.1,0.1,0.065,0.5,30.9,2.7,1.4,12.6,0.0,0.0,0.0,86.2,0.2,2.8,375.8,0.074,1142.7,1555.4,0.1,1.7,222.5
Peixe-mula assado,140,4.5,1.3,1.3,0.9,0.0,0.0,23.1,0.0,58.6,0.001,65.6,0.053,0.022,0.034,0.084,0.09,5.9,0.8,0.5,1.1,0.0,0.0,0.0,28.8,0.1,1.3,30.7,0.048,226.9,425.9,0.027,0.8,58.866
Salmão de Chum cru,3,0.1,0.08,0.035,0.037,0.0,0.0,0.6,0.0,2.1,0.029,2.1,0.08,0.016,0.097,0.065,0.06,0.2,0.043,0.036,0.0,0.0,0.093,0.0,0.3,0.091,0.038,0.6,0.055,7.9,12.0,0.02,0.062,1.025
Peixe-de-burro cru,47,2.6,1.1,1.1,0.2,0.0,0.0,5.5,0.0,20.8,0.072,23.7,0.031,0.073,0.04,0.048,0.077,1.4,0.2,0.03,0.0,0.0,0.0,0.0,7.0,0.065,0.2,8.0,0.091,76.8,120.0,0.067,0.2,15.332
Peixe-do-mar assado,125,2.6,0.7,0.5,1.0,0.0,0.0,23.9,0.0,53.5,0.058,72.9,0.053,0.1,0.048,0.046,0.2,1.9,0.9,0.5,0.0,0.0,0.0,0.0,13.1,0.046,0.4,53.5,0.056,250.5,331.3,0.023,0.5,40.067
Halibute de Groenlândia cru,759,56.5,9.9,34.2,5.6,0.0,0.0,58.6,0.0,187.7,0.3,286.7,0.009,0.2,0.069,0.005,0.3,6.1,1.0,1.7,0.0,0.1,3.0,0.091,12.2,0.1,2.7,106.1,0.045,669.1,1093.4,0.1,1.6,130.06
Peixe-halibute cru,371,5.4,1.2,1.9,1.2,0.0,0.0,75.7,0.0,199.9,0.3,327.8,0.072,0.2,0.079,0.015,0.1,26.6,1.4,2.2,0.0,0.031,2.5,0.0,28.6,0.08,0.7,93.8,0.02,962.9,1774.8,0.2,1.5,110.481
Sorvete cozido,184,7.0,1.6,3.4,1.2,0.0,0.0,28.2,0.0,104.7,0.019,95.1,0.4,0.1,0.072,0.087,0.1,13.7,1.2,0.3,0.0,0.073,0.9,0.039,23.1,0.054,1.2,61.2,0.038,368.6,495.0,0.044,0.7,59.9
Filhote de peixe frito,211,11.2,2.6,2.3,5.7,15.4,0.0,13.3,0.5,30.9,0.5,48.7,0.095,0.043,0.05,0.054,0.089,1.9,0.2,0.066,0.0,0.0,0.0,0.0,16.4,0.003,1.9,21.8,0.2,155.6,291.2,0.035,0.4,58.716
Truta-arpão crua,111,4.9,1.1,1.6,1.2,0.0,0.0,15.8,0.0,46.6,0.022,58.3,0.044,0.032,0.056,0.057,0.091,4.4,1.3,0.3,2.3,0.056,1.8,0.094,19.8,0.096,0.2,19.8,0.008,178.5,297.8,0.067,0.4,43.047
Consuma crua,278,3.2,1.1,1.2,0.1,0.0,0.0,58.6,0.0,183.0,0.2,286.4,0.032,0.3,0.022,0.021,0.2,7.4,0.5,0.8,0.0,0.0,0.0,0.0,35.2,0.1,1.0,45.8,0.003,704.0,1408.0,0.1,3.6,98.078
Peixe-árvores-rainbow cozido,35,0.9,0.2,0.2,0.3,0.0,0.0,6.4,0.0,25.5,0.047,20.6,0.005,0.072,0.021,0.089,0.083,0.5,0.2,0.041,0.0,0.0,0.0,0.0,21.8,0.01,0.3,10.8,0.3,83.5,105.3,0.062,0.6,29.428
Peixe-monge cru,22,0.4,0.079,0.074,0.2,0.0,0.0,4.1,0.0,7.1,0.059,23.6,0.005,0.092,0.082,0.021,0.081,0.6,0.025,0.077,0.3,0.0,0.0,0.0,2.3,0.041,0.059,5.9,0.057,56.6,113.2,0.09,0.1,7.21
Truta crua,117,5.2,0.9,2.6,1.2,0.0,0.0,16.4,0.0,45.8,0.051,56.4,0.1,0.3,0.041,0.027,0.3,3.6,1.5,0.2,0.4,0.032,0.2,0.003,34.0,0.1,1.2,17.4,0.7,193.6,285.2,0.095,0.5,57.297
Peixe cru,37,1.3,0.3,0.5,0.3,0.0,0.0,5.9,0.0,14.4,0.003,20.8,0.012,0.009,0.079,0.085,0.017,0.8,0.2,0.1,0.0,0.046,0.3,0.007,9.6,0.01,0.2,13.9,0.088,59.4,45.3,0.067,0.1,17.064
Peixe-almão cru,104,0.9,0.2,0.2,0.3,0.0,0.0,22.4,0.0,69.6,0.1,91.9,0.081,0.4,0.024,0.048,0.2,1.9,0.2,0.3,0.0,0.0,0.0,0.0,58.0,0.2,1.0,37.1,0.8,232.0,468.6,0.043,0.9,82.309
Peixe-delfim cozido,173,1.4,0.4,0.2,0.3,0.0,0.0,37.7,0.0,149.5,0.2,113.2,0.046,0.092,0.096,0.086,0.1,11.8,1.4,0.7,0.0,0.0,0.0,0.0,30.2,0.052,2.3,60.4,0.018,291.0,847.5,0.057,0.9,71.625
Camarão cozido,25,0.4,0.089,0.022,0.1,0.0,0.0,5.0,0.0,38.8,0.058,22.9,0.094,0.045,0.056,0.076,0.051,0.5,0.1,0.058,0.1,0.0,0.0,0.0,14.4,0.2,0.3,9.3,0.072,68.2,67.4,0.047,0.4,20.222
Peixe-delfim cru,173,1.4,0.4,0.2,0.3,0.0,0.0,37.7,0.0,148.9,0.2,158.2,0.1,0.05,0.005,0.04,0.1,12.4,1.5,0.8,0.0,0.0,0.0,0.0,30.6,0.089,2.3,61.2,0.084,291.7,848.6,0.006,0.9,72.1
Peixe de pato cozido,54,0.5,0.1,0.029,0.2,0.0,0.0,11.4,0.0,52.9,0.043,33.7,0.019,0.006,0.099,0.02,0.088,0.9,0.4,0.07,0.8,0.0,0.0,0.0,46.9,0.085,0.5,17.5,0.4,118.2,158.2,0.08,0.7,60.112
Cuscus cru,106,0.8,0.2,0.1,0.3,0.0,0.0,23.2,0.0,50.0,0.086,93.1,0.038,0.033,0.038,0.037,0.2,3.3,0.3,0.5,0.0,0.0,0.0,0.0,12.2,0.061,1.0,37.8,0.032,248.9,478.2,0.01,0.5,37.228
Atum azul-fino crudo,41,1.4,0.4,0.5,0.4,0.0,0.0,6.6,0.0,10.8,0.013,19.3,0.2,0.037,0.041,0.008,0.042,2.4,0.3,0.1,0.0,0.077,0.3,0.0,2.3,0.038,0.3,14.2,0.068,71.9,71.3,0.07,0.2,10.8
Peixe-milho cozido,54,2.4,0.0,0.0,0.0,0.0,0.0,7.4,0.0,19.0,0.076,17.7,0.027,0.069,0.08,0.061,0.058,2.3,0.2,0.1,0.0,0.0,0.0,0.0,18.4,0.05,0.1,10.8,0.003,58.9,105.8,0.065,0.3,28.341
Carne de carpão crua,277,12.2,2.4,5.1,3.1,0.0,0.0,38.9,0.0,143.9,0.1,166.4,0.042,0.3,0.094,0.087,0.1,3.6,1.6,0.4,3.5,0.042,1.4,0.016,89.4,0.1,2.7,63.2,0.065,904.7,725.9,0.037,3.2,146.793
Esturjão cru,30,1.1,0.3,0.5,0.2,0.0,0.0,4.6,0.0,17.0,0.007,21.7,0.016,0.058,0.039,0.039,0.082,2.3,0.2,0.013,0.0,0.008,0.1,0.03,3.7,0.01,0.2,9.9,0.035,59.7,80.4,0.077,0.1,9.612
Linguado-orellana crua,22,0.2,0.057,0.051,0.086,0.0,0.0,4.6,0.0,17.0,0.063,21.4,0.082,0.086,0.073,0.078,0.005,0.4,0.082,0.038,0.0,0.0,0.3,0.063,2.5,0.015,0.3,4.8,0.091,30.3,47.3,0.042,0.039,7.672
Pescado de guppy frito,199,11.6,2.9,4.9,2.9,7.0,0.0,15.7,0.6,61.8,0.2,51.2,0.0,0.04,0.015,0.054,0.1,2.0,0.6,0.2,0.0,0.0,0.0,0.0,38.3,0.01,1.2,23.5,0.05,187.9,295.8,0.098,0.7,74.4
Peixe-lula cru,22,0.2,0.002,0.088,0.069,0.2,0.0,4.6,0.0,31.7,0.1,22.8,0.048,0.025,0.093,0.01,0.3,0.3,0.1,0.079,1.5,0.0,0.0,0.0,25.5,0.2,1.7,8.5,0.092,109.5,100.2,0.083,0.5,33.734
Peixe cru,90,2.9,0.6,1.1,0.8,0.0,0.0,14.9,0.0,53.7,0.055,59.8,0.004,0.091,0.046,0.003,0.046,1.0,0.6,0.052,1.6,0.0,0.0,0.0,63.2,0.093,1.2,23.7,0.7,158.0,281.2,0.057,0.5,83.837
Pescada cozida,109,3.0,0.7,0.8,0.6,0.0,0.0,19.4,0.0,71.1,0.5,103.0,0.047,0.067,0.094,0.014,0.018,0.002,1.6,0.3,0.1,0.0,0.005,1.0,0.1,31.8,0.099,0.3,27.9,0.077,392.4,250.2,0.049,22.622
Peixe-milho cru,42,1.9,0.5,0.7,0.5,0.0,0.0,5.8,0.0,14.7,0.098,20.1,0.099,0.091,0.09,0.012,0.027,1.8,0.2,0.1,0.0,0.0,0.0,0.0,14.4,0.021,0.057,8.5,0.088,45.8,82.6,0.042,0.2,22.203
"""Peixe-eléctico cru Uma sentença apenas, sem explicações""

(Note: ""Peixe-eléctico"" is a literal translation of ""eel"", and ""cru"" means ""raw"")",375,23.8,4.8,14.7,1.9,0.0,0.0,37.6,0.0,257.0,0.1,139.3,2.1,0.3,0.049,0.061,0.002,7.1,0.5,0.1,3.7,0.01,8.2,0.0,40.8,0.069,1.0,40.8,0.038,440.6,554.9,0.011,3.3,109.0
Peixe-gato cru,189,9.4,2.1,4.1,1.8,0.0,0.0,24.2,0.0,87.5,0.2,125.7,0.0,0.022,0.083,0.003,0.1,3.3,1.1,0.2,0.0,0.084,1.3,0.022,12.7,0.003,0.4,30.2,0.073,324.4,480.2,0.056,0.8,46.7
Bolinhos de peixe,78,4.5,1.0,0.9,2.2,6.1,0.5,3.1,0.4,7.8,0.1,13.9,0.055,0.006,0.037,0.039,0.3,0.082,0.4,0.0,0.038,0.0,0.0,1.9,0.089,4.5,0.3,0.2,7.0,0.0,53.5,51.8,0.072,14.563
Salmão coho cru,254,12.2,2.9,5.3,3.0,0.0,0.0,33.8,0.0,81.1,0.054,112.0,0.012,0.1,0.076,0.095,0.2,10.8,1.8,1.0,1.7,0.0,0.0,0.0,19.1,0.022,0.5,49.3,0.023,464.3,715.5,0.028,0.7,67.308
Peixe-monkcozido,27,0.6,0.0,0.0,0.0,0.0,0.0,5.3,0.0,9.1,0.004,22.2,0.006,0.014,0.011,0.024,0.045,0.7,0.01,0.039,0.3,0.0,0.0,0.0,2.8,0.033,0.1,7.6,0.082,72.4,145.2,0.036,0.1,9.165
Tilapia assada,546,19.6,0.0,0.0,0.0,0.0,0.0,86.6,0.0,207.3,0.1,196.6,0.045,0.5,0.085,0.034,0.1,25.5,2.0,0.5,8.5,0.0,0.0,0.0,84.7,0.2,1.8,111.0,0.095,586.9,1571.0,0.1,2.0,201.282
Atum amarelo grelhado,37,0.2,0.054,0.095,0.038,0.0,0.0,8.2,0.0,13.3,0.011,19.5,0.098,0.065,0.019,0.059,0.093,6.2,0.021,0.3,0.0,0.009,0.042,0.023,1.1,0.001,0.3,11.9,0.014,94.2,149.1,0.003,0.1,9.861
Cozido,168,1.2,0.0,0.0,0.0,0.0,0.0,36.8,0.0,77.0,0.3,111.6,0.025,0.2,0.009,0.06,0.3,4.2,0.6,0.5,0.0,0.0,0.0,0.0,66.4,0.2,1.3,122.3,0.035,383.5,733.9,0.079,1.5,105.731
Peixe-agem cozido,67,4.2,0.9,2.6,0.3,0.0,0.0,6.7,0.0,45.6,0.069,16.8,0.3,0.008,0.074,0.058,0.066,1.3,0.067,0.031,0.5,0.0,0.0,0.0,7.4,0.075,0.2,7.4,0.058,78.4,98.8,0.01,0.6,19.3
Peixe-sable cru,753,59.1,12.4,31.1,7.9,0.0,0.0,51.8,0.0,189.1,0.2,274.1,0.4,0.4,0.094,0.1,0.3,15.4,2.9,1.2,0.0,0.0,0.0,0.0,135.1,0.037,4.9,212.3,0.077,648.5,1381.9,0.1,1.2,251.3
Bolinhos de salmão,60,3.3,0.4,1.3,0.9,4.0,0.0,3.6,0.0,7.4,0.005,17.1,0.0,0.018,0.076,0.086,0.059,1.3,0.1,0.046,0.0,0.0,0.0,0.0,2.3,0.039,0.4,5.7,0.06,49.8,46.7,0.0,0.1,13.6
Tilápia crua,546,19.6,4.8,7.4,5.3,0.0,0.0,86.5,0.0,205.7,0.1,278.7,0.1,0.5,0.08,0.072,0.1,25.4,2.2,0.6,10.5,0.0,0.0,0.071,86.0,0.2,1.8,112.2,0.002,587.2,1570.8,0.1,1.9,204.5
Peixe-Butter cozido,47,2.6,0.0,0.0,0.0,0.0,0.0,5.5,0.0,20.8,0.042,16.7,0.029,0.055,0.092,0.057,0.016,1.4,0.2,0.041,0.0,0.0,0.0,0.0,7.0,0.028,0.2,8.0,0.095,77.0,120.3,0.02,0.2,15.35
Caviar,42,2.9,0.6,0.7,1.2,0.6,0.0,3.9,0.0,94.1,0.2,7.6,0.054,0.037,0.038,0.083,0.003,0.051,0.6,0.005,0.0,0.0,0.3,0.065,44.0,0.086,1.9,48.0,0.068,57.0,29.0,0.098,0.2,53.325
Peixe-pollo cru,355,3.8,0.5,0.4,1.9,0.0,0.0,75.0,0.0,274.1,0.3,301.8,0.068,0.2,0.068,0.062,0.7,12.6,1.4,1.1,0.0,0.012,0.9,0.014,231.6,0.2,1.8,258.6,0.081,853.1,1374.2,0.1,1.8,312.275
Peixe-gato cozido,206,10.3,2.3,4.5,1.9,0.0,0.0,26.4,0.0,94.4,0.2,106.7,0.066,0.045,0.044,0.066,0.021,0.1,3.6,1.2,0.3,0.0,0.035,1.4,0.01,12.9,0.098,0.4,32.9,0.011,353.2,523.4,0.03,37.141
Peixe-vingadeira crua,83,1.2,0.2,0.3,0.4,0.0,0.0,16.8,0.0,61.6,0.016,73.8,0.092,0.066,0.057,0.07,0.059,1.2,0.2,0.1,0.0,0.089,0.3,0.086,44.2,0.085,0.3,19.3,0.012,204.2,229.1,0.049,0.8,62.592
Salmão rosa cru,404,14.0,2.6,4.3,2.6,0.0,0.0,65.2,0.0,146.3,0.2,240.2,0.1,0.3,0.044,0.03,0.3,25.4,3.3,1.9,0.0,0.035,1.3,0.025,22.3,0.2,1.2,85.9,0.057,830.0,1163.9,0.035,1.2,102.8
Atum amarelo-crudo,31,0.1,0.073,0.008,0.026,0.0,0.0,6.9,0.0,11.0,0.049,21.0,0.048,0.0,0.084,0.063,0.035,5.2,0.012,0.3,0.0,0.017,0.063,0.09,1.1,0.014,0.2,9.9,0.062,78.7,124.8,0.096,0.1,8.322
Salmão cru,230,15.6,3.6,6.1,3.8,0.0,0.0,20.8,0.0,78.4,0.1,71.2,0.019,0.2,0.007,0.047,0.3,10.2,1.0,0.4,0.4,0.03,1.7,0.025,13.4,0.027,1.8,85.1,0.015,243.0,351.7,0.067,0.7,52.063
Turdão cru,388,12.0,3.1,2.5,3.6,0.0,0.0,65.5,0.0,195.8,0.6,314.0,0.001,0.3,0.094,0.09,0.3,9.0,2.3,0.9,6.9,0.0,0.0,0.0,73.4,0.2,1.5,208.1,0.06,526.3,971.0,0.1,0.9,159.322
Peixe grelhado,106,0.8,0.0,0.0,0.0,0.0,0.0,23.1,0.0,50.4,0.047,66.2,0.016,0.097,0.015,0.007,0.2,3.1,0.3,0.4,0.0,0.0,0.0,0.0,12.4,0.077,1.0,38.0,0.048,248.9,477.9,0.012,0.5,37.306
Cría de croaker atlântico cru,82,2.5,0.9,0.9,0.4,0.0,0.0,14.0,0.0,48.2,0.014,61.6,0.039,0.079,0.028,0.066,0.038,3.3,0.6,0.2,0.0,0.005,1.0,0.068,11.9,0.065,0.3,31.6,0.017,165.9,272.6,0.053,0.3,28.709
Um bocadinho assado,148,3.7,0.7,1.1,1.3,0.0,0.0,26.6,0.0,65.7,0.019,91.7,0.006,0.053,0.043,0.026,0.1,1.8,1.1,0.3,0.0,0.0,0.0,0.0,111.6,0.3,2.1,47.1,1.0,333.6,603.9,0.0,1.2,144.006
Cravo crudo,79,3.1,0.9,0.9,0.7,0.0,0.0,11.8,0.0,38.4,0.022,48.6,0.005,0.1,0.063,0.042,0.1,4.5,0.5,0.3,0.0,0.0,0.0,0.0,9.0,0.014,0.2,26.9,0.095,119.0,317.4,0.024,0.3,24.113
Assado no tambor,236,9.7,2.2,4.3,2.3,0.0,0.0,34.6,0.0,126.3,0.1,109.2,0.099,0.1,0.058,0.019,0.3,4.4,1.3,0.5,1.5,0.0,0.0,0.0,118.6,0.5,1.8,58.5,1.4,355.7,543.6,0.076,1.3,166.292
Camarão crudo,3,0.048,0.01,0.043,0.01,0.0,0.0,0.6,0.0,4.3,0.024,3.4,0.098,0.015,0.1,0.082,0.024,0.056,0.048,0.047,0.078,0.0,0.0,0.0,1.0,0.058,0.053,1.2,0.034,8.7,10.4,0.093,0.009,1.788
Peixe-tigre cozido,441,14.1,2.6,4.0,3.7,0.0,0.0,73.5,0.0,192.0,0.2,210.7,0.022,0.4,0.067,0.01,0.6,10.5,2.6,0.9,0.0,0.0,0.0,0.0,78.0,0.2,0.9,99.0,0.064,708.0,1536.0,0.2,1.6,166.521
Peixe-azul cozido,186,6.4,1.4,2.7,1.6,0.0,0.0,30.1,0.0,88.9,0.045,73.3,0.2,0.012,0.066,0.019,0.1,8.5,1.1,0.5,0.0,0.0,0.0,0.0,10.5,0.049,0.7,49.1,0.015,340.5,558.1,0.084,1.2,47.9
Peixe grouper cozido,238,2.6,0.6,0.5,0.8,0.0,0.0,50.2,0.0,94.9,0.1,148.2,0.1,0.2,0.023,0.083,0.035,0.8,1.8,0.7,0.0,0.0,0.0,0.0,42.4,0.063,2.3,74.7,0.075,288.9,959.5,0.088,1.0,97.6
Peixe-lebre crua,257,5.7,1.4,1.7,1.2,0.0,0.0,48.1,0.0,119.0,0.2,185.6,0.022,0.082,0.019,0.067,0.073,3.6,1.8,0.7,0.0,0.0,0.0,0.0,50.0,0.05,1.1,76.2,0.083,744.9,961.5,0.056,0.9,104.93
Salmão em conserva,87,4.9,1.1,2.0,1.2,0.0,0.0,9.8,0.0,32.8,0.4,23.9,0.005,0.07,0.02,0.068,0.1,1.8,0.4,0.2,0.4,0.004,0.6,0.086,33.6,0.081,0.6,18.4,0.062,130.0,178.8,0.053,0.5,49.314
Peixe-grouper cru,238,2.6,0.6,0.5,0.8,0.0,0.0,50.2,0.0,95.8,0.1,205.2,0.1,0.2,0.077,0.045,0.013,0.8,1.9,0.8,0.0,0.0,0.0,0.0,69.9,0.027,2.3,80.3,0.042,419.6,1251.0,0.059,1.2,125.1
Pescada do mar cozida,48,0.9,0.2,0.3,0.2,0.0,0.0,9.3,0.0,31.5,0.2,37.1,0.011,0.031,0.071,0.095,0.044,0.018,0.6,0.2,0.021,0.0,0.042,0.5,0.069,17.0,0.073,0.1,13.5,0.075,150.0,113.0,0.004,10.368
Crudo,168,1.2,0.2,0.2,0.4,0.0,0.0,36.7,0.0,77.2,0.3,153.7,0.041,0.2,0.052,0.088,0.4,4.4,0.6,0.6,0.0,0.0,0.0,0.0,65.6,0.2,1.3,121.6,0.026,382.1,731.5,0.069,1.5,104.862
Lingcod cozido,329,4.1,0.8,1.3,1.2,0.0,0.0,68.4,0.0,202.3,0.2,228.6,0.054,0.1,0.024,0.015,0.4,7.0,2.6,1.0,0.0,0.0,0.0,0.0,54.4,0.1,1.2,99.7,0.067,779.2,1691.2,0.1,1.8,128.139
Pompano de Flórida crua,184,10.6,3.9,2.9,1.3,0.0,0.0,20.7,0.0,56.0,0.081,79.7,0.091,0.6,0.038,0.008,0.1,3.4,0.8,0.2,0.0,0.098,0.2,0.041,24.6,0.011,0.7,30.2,0.012,218.4,426.7,0.025,0.8,56.69
Peixe-roque cozido,162,2.4,0.6,0.7,0.7,0.0,0.0,33.1,0.0,90.9,0.1,111.3,0.012,0.006,0.081,0.068,0.055,0.3,4.3,0.6,0.4,0.0,0.004,0.7,0.0,25.3,0.046,0.5,49.2,0.013,369.5,695.8,0.1,35.955
Peixe-vermelho cozido,247,8.6,2.4,2.1,1.7,0.0,0.0,39.9,0.0,197.2,0.1,133.8,0.006,0.1,0.033,0.032,0.4,5.4,1.6,0.9,0.0,0.0,0.0,0.0,40.9,0.071,0.7,74.4,0.048,597.1,812.8,0.002,1.1,90.142
Salmão-sockeye cru,562,22.2,4.7,7.4,7.7,0.0,0.0,84.4,0.0,209.9,0.4,289.7,0.2,0.7,0.073,0.065,0.5,32.2,4.6,2.4,0.0,0.086,3.8,0.021,39.6,0.2,1.7,118.8,0.064,1053.4,1358.3,0.1,1.7,148.1
Peixe-espada cozido,182,8.4,2.0,3.8,1.5,0.0,0.0,24.9,0.0,82.7,0.1,72.4,0.075,0.078,0.094,0.048,0.005,0.01,9.8,0.4,0.7,0.0,0.038,2.6,0.022,6.4,0.045,0.5,37.1,0.041,322.2,528.9,0.028,34.203
Pescado americano cru,362,25.3,5.8,10.5,6.0,0.0,0.0,31.2,0.0,138.0,0.001,125.5,0.009,0.3,0.096,0.057,0.4,15.5,1.4,0.7,0.0,0.097,2.2,0.019,86.5,0.1,1.8,55.2,0.017,500.5,706.6,0.092,0.7,144.868
Sardela enlatada em azeite,310,17.1,2.3,5.8,7.7,0.0,0.0,36.7,0.0,211.6,0.5,88.8,0.051,0.1,0.067,0.075,0.3,7.8,1.0,0.2,0.0,0.04,3.0,0.063,569.2,0.3,4.4,58.1,0.2,730.1,591.5,0.077,2.0,627.452
Anchoiva em lata com óleo,8,0.4,0.001,0.2,0.1,0.0,0.0,1.2,0.0,3.4,0.1,2.0,0.012,0.0,0.007,0.061,0.071,0.8,0.008,0.082,0.0,0.07,0.1,0.013,9.3,0.097,0.2,2.8,0.005,10.1,21.8,0.023,0.031,11.106
Salmão em lata,520,20.3,5.5,7.1,5.6,0.0,0.0,79.1,0.0,143.9,1.8,261.1,0.064,0.079,0.072,0.055,0.6,25.8,2.1,1.4,0.0,0.0,5.9,0.02,918.8,0.4,2.6,110.7,0.022,1306.3,1107.0,0.2,3.7,1020.882
Sardinhas em molho de tomate enlatadas,165,9.3,2.4,4.3,1.9,0.5,0.4,18.6,0.009,54.3,0.4,59.5,0.036,0.014,0.093,0.098,0.2,3.7,0.6,0.1,0.9,0.017,1.2,0.012,213.6,0.2,2.0,30.3,0.2,325.7,303.5,0.024,1.2,244.978
Salmão sockeye em lata,563,24.9,4.9,8.4,6.0,0.0,0.0,79.5,0.0,266.2,1.4,229.4,0.2,0.1,0.096,0.014,0.7,25.7,1.8,0.4,0.0,0.09,7.0,0.018,781.8,0.2,2.2,104.5,0.008,1139.1,1058.2,0.1,2.8,888.6
Atum em lata,102,2.4,0.6,0.6,0.9,0.0,0.0,18.9,0.0,33.6,0.3,58.6,0.017,0.032,0.087,0.075,0.079,4.6,0.086,0.2,0.0,0.07,0.7,0.099,11.2,0.099,0.8,26.4,0.078,173.6,189.6,0.025,0.4,33.32
Salmão rosa enlatado,530,20.4,3.5,5.0,5.8,0.0,0.0,80.9,0.0,226.1,1.7,304.3,0.025,0.061,0.054,0.031,0.8,26.9,2.3,1.2,0.0,0.018,2.6,0.044,883.7,0.3,2.6,123.3,0.07,1385.1,1413.8,0.1,3.1,987.651
Código enlatado,328,2.7,0.5,0.4,0.9,0.0,0.0,71.0,0.0,171.6,0.7,235.9,0.046,0.3,0.06,0.04,0.2,7.8,0.5,0.9,3.1,0.066,2.6,0.063,65.5,0.1,1.5,127.9,0.061,811.2,1647.4,0.1,1.8,143.814
Ostroga-do-leste em lata,110,4.0,1.0,0.4,1.2,6.3,0.0,11.4,0.0,89.1,0.2,137.9,0.1,0.2,0.009,0.089,0.3,2.0,0.3,0.2,8.1,0.0,1.4,0.056,72.9,7.2,10.9,87.5,0.7,225.2,371.0,0.078,147.3,113.7
Salmão chinook enlatado,520,20.3,5.5,7.1,5.6,0.0,0.0,79.1,0.0,143.9,0.3,261.1,0.014,0.092,0.054,0.012,0.6,25.8,2.1,1.4,0.0,0.0,0.0,0.0,918.8,0.4,2.6,110.7,0.037,1306.3,1107.0,0.2,3.7,1020.805
Atum em conserva com óleo,331,14.4,2.3,5.8,5.3,0.0,0.0,47.2,0.0,55.2,0.7,114.0,0.03,0.044,0.022,0.033,0.1,20.8,0.7,0.8,0.0,0.0,4.1,0.073,7.1,0.2,1.2,60.5,0.081,475.3,592.7,0.1,0.8,69.953
Salmão rosa selvagem dos oceanos,320,16.0,0.0,48.0,0.0,0.0,0.0,0.0,0.0,0.0,0.0,0.0,0.0,0.0,0.0,0.0,0.0,0.0,0.0,0.0,0.0,0.0,0.0,0.0,0.0,0.0,0.0,0.0,0.0,0.0,0.0,0.0,0.0,16.0
Camarão em conserva,128,1.7,0.2,0.1,0.9,0.0,0.0,26.1,0.0,322.6,1.1,97.1,0.0,0.039,0.078,0.081,0.099,0.7,0.2,0.054,5.2,0.0,1.4,0.0,185.6,0.3,2.7,42.2,0.5,249.6,102.4,0.036,2.5,221.3
"Gambas de Alasca, refeita",144,1.0,0.2,0.1,0.2,0.0,0.0,31.5,0.0,72.2,1.4,136.9,0.048,0.015,0.082,0.004,0.026,1.9,0.6,0.3,12.0,0.0,0.0,0.0,79.1,1.6,1.0,84.3,0.021,376.7,350.9,0.002,10.2,124.608
Camarões fritos,64,3.2,0.8,2.1,0.1,6.4,0.0,2.6,0.0,18.0,0.2,11.5,0.059,0.049,0.081,0.089,0.1,0.0,0.075,0.013,0.0,0.0,0.0,0.0,3.1,0.099,0.3,5.3,0.008,48.7,49.0,0.032,0.2,15.698
Camarão cozido,7,0.092,0.023,0.003,0.0,0.013,0.0,1.3,0.0,11.6,0.012,3.9,0.021,0.031,0.098,0.077,0.002,0.1,0.026,0.041,0.0,0.08,0.1,0.001,5.0,0.01,0.009,2.0,0.077,16.8,9.4,0.08,0.008,6.398
Almoeças fritas,19,1.0,0.3,0.4,0.3,1.0,0.0,1.3,0.0,5.7,0.068,5.8,0.008,0.091,0.059,0.083,0.042,0.2,0.01,0.011,0.9,0.0,0.0,0.0,5.9,0.069,1.3,1.3,0.078,17.7,30.6,0.022,0.1,11.464
"Camarão de Alasca, refeito",130,2.1,0.2,0.2,0.7,0.0,0.0,25.9,0.0,71.0,1.4,103.9,0.018,0.005,0.002,0.02,0.07,1.8,0.5,0.2,10.2,0.0,0.0,0.0,79.1,1.6,1.0,84.4,0.093,375.2,351.1,0.003,10.2,118.35
Camarões cozidos,11,0.058,0.092,0.096,0.086,0.5,0.0,2.1,0.0,4.1,0.06,7.0,0.05,0.091,0.011,0.015,0.067,0.049,0.1,0.004,0.032,0.0,0.0,0.0,0.0,1.0,0.057,0.041,3.7,0.004,42.6,31.4,0.042,2.732
Lagosta frita,140,6.0,1.5,2.2,1.7,6.2,0.0,14.4,0.0,208.0,0.2,51.6,0.035,0.048,0.06,0.05,0.4,2.1,0.4,0.033,3.4,0.0,0.0,0.0,31.2,1.7,0.8,30.4,0.046,200.8,223.2,0.087,1.4,62.028
Ostra crua,41,1.2,0.3,0.2,0.4,2.5,0.0,4.7,0.0,25.0,0.059,41.0,0.093,0.052,0.088,0.018,0.1,1.0,0.3,0.026,4.0,0.0,0.0,0.0,4.0,0.8,2.6,11.0,0.3,81.0,84.0,0.1,8.3,19.054
Abalona,89,0.6,0.1,0.02,0.091,5.1,0.0,14.5,0.0,72.3,0.3,63.4,0.056,0.2,0.038,0.057,0.09,1.3,2.6,0.1,1.7,0.0,3.4,0.043,26.4,0.2,2.7,40.8,0.014,161.5,212.5,0.095,0.7,51.092
Caranguejo-da-RAINHA cru,25,0.3,0.096,0.027,0.1,0.0,0.0,5.2,0.0,15.6,0.2,22.8,0.093,0.032,0.001,0.082,0.063,0.7,0.024,0.059,2.0,0.0,0.0,0.0,7.4,0.2,0.7,13.9,0.082,37.6,49.0,0.033,0.8,15.607
Lagostim assado,78,0.2,0.003,0.068,0.037,4.4,0.0,13.5,0.0,36.8,0.1,9.1,0.013,0.076,0.057,0.084,0.055,0.6,0.1,0.2,1.9,0.0,0.0,0.0,32.0,0.6,2.8,48.7,0.3,79.8,196.4,0.047,0.9,54.806
Ostro confeito,41,1.2,0.3,0.2,0.4,2.5,0.0,4.7,0.0,25.0,0.066,16.0,0.082,0.099,0.005,0.007,0.1,0.9,0.2,0.043,3.2,0.0,0.2,0.047,4.0,0.7,2.3,11.0,0.3,60.8,75.5,0.064,8.3,17.971
Ostro de oriente cozido,8,0.2,0.073,0.004,0.018,0.7,0.0,0.7,0.0,3.7,0.038,8.0,0.09,0.02,0.086,0.099,0.012,0.2,0.083,0.023,0.6,0.0,0.0,0.0,5.5,0.1,0.8,3.2,0.081,11.3,14.9,0.011,4.4,8.598
Musselas azuis cozidas,344,9.0,1.7,2.0,2.4,14.8,0.0,47.6,0.0,112.0,0.7,122.3,0.2,0.6,0.2,0.026,0.8,6.0,1.9,0.2,27.2,0.0,0.0,0.0,66.0,0.3,13.4,74.0,13.6,570.0,536.0,0.2,5.3,178.2
Tentáculo cru,23,0.3,0.002,0.042,0.038,0.6,0.0,4.2,0.0,13.6,0.064,22.7,0.059,0.066,0.009,0.043,0.064,0.6,0.1,0.1,1.4,0.0,0.3,0.074,15.0,0.1,1.5,8.5,0.019,52.6,99.1,0.044,0.5,23.044
Caranguejo-do-mar assado,233,3.2,0.5,0.6,1.2,5.1,0.0,43.0,0.0,146.7,0.4,108.8,0.06,0.097,0.032,0.068,0.016,8.0,0.7,0.3,3.4,0.0,0.0,0.0,102.7,0.7,2.3,83.1,0.019,373.3,339.0,0.042,11.9,159.731
Musselas azuis crudas,129,3.4,0.6,0.8,0.9,5.5,0.0,17.9,0.0,42.0,0.4,120.9,0.028,0.2,0.095,0.003,0.3,2.4,0.8,0.041,12.0,0.0,0.8,0.012,39.0,0.1,5.9,51.0,5.1,295.5,480.0,0.063,2.4,83.72
Camarão-de- rainha cozido,98,1.3,0.2,0.3,0.5,0.0,0.0,20.2,0.0,60.4,0.6,63.8,0.007,0.007,0.029,0.04,0.2,2.5,0.3,0.1,6.1,0.0,0.0,0.0,28.1,0.5,2.4,53.6,0.036,108.8,170.0,0.056,3.1,58.197
Crabão Dungeness cozido,140,1.6,0.2,0.3,0.5,1.2,0.0,28.3,0.0,96.5,0.5,93.1,0.06,0.024,0.054,0.039,0.3,4.6,0.5,0.2,4.6,0.0,0.0,0.0,74.9,0.9,0.5,73.7,0.1,222.3,518.2,0.032,6.9,111.171
Crabão de Dungeness crudo,140,1.6,0.2,0.3,0.5,1.2,0.0,28.4,0.0,96.2,0.5,129.1,0.026,0.033,0.086,0.017,0.3,5.1,0.6,0.2,5.7,0.0,0.0,0.0,75.0,1.1,0.6,73.4,0.1,296.7,577.0,0.022,7.0,112.564
Camarão frito,52,3.2,0.7,2.0,0.3,4.8,0.086,1.3,0.1,9.9,0.2,7.2,0.01,0.037,0.029,0.075,0.065,0.2,0.0,0.021,0.0,0.0,0.4,0.04,4.9,0.012,0.1,2.7,0.015,31.5,13.9,0.021,0.069,14.433
Camarão cru,4,0.023,0.061,0.075,0.009,0.041,0.0,0.7,0.0,6.3,0.083,4.2,0.083,0.092,0.052,0.045,0.081,0.089,0.056,0.025,0.0,0.053,0.035,0.042,2.7,0.079,0.072,1.1,0.004,12.2,5.7,0.002,0.078,3.712
São camarão azul cozido,71,0.6,0.2,0.1,0.2,0.0,0.0,15.2,0.0,82.5,0.3,67.7,0.004,0.029,0.036,0.048,0.096,0.033,2.3,0.8,0.1,2.8,0.0,1.6,0.027,77.4,0.7,0.4,30.6,0.087,198.9,220.2,0.076,16.719
Imitação de camarão,29,0.4,0.019,0.014,0.2,2.6,0.0,3.5,0.0,10.2,0.2,21.2,0.046,0.02,0.02,0.076,0.085,0.084,0.023,0.005,0.0,0.0,0.0,0.0,5.4,0.053,0.2,12.2,0.08,79.8,25.2,0.088,0.036,12.119
Conchada assada,165,1.5,0.5,0.4,0.3,2.2,0.0,33.4,0.0,82.6,0.2,88.1,0.099,0.069,0.2,0.088,0.1,1.3,0.0,0.095,0.0,0.0,8.0,0.016,124.5,0.6,1.8,302.3,0.0,275.6,207.0,0.007,2.2,163.446
Ranfórios crus,26,0.4,0.1,0.094,0.1,0.9,0.0,4.4,0.0,65.9,0.09,22.2,0.077,0.014,0.043,0.027,0.1,0.6,0.1,0.033,1.3,0.0,0.3,0.0,9.1,0.5,0.2,9.3,0.048,62.5,69.6,0.088,0.4,16.386
Escalope crua,10,0.091,0.089,0.026,0.005,0.5,0.0,1.8,0.0,3.6,0.057,12.4,0.084,0.031,0.035,0.095,0.015,0.1,0.098,0.049,0.0,0.0,0.0,0.0,0.9,0.081,0.068,3.3,0.069,50.1,30.8,0.098,0.1,3.417
Linguado cru,116,1.1,0.3,0.3,0.4,0.0,0.0,24.8,0.0,190.5,0.6,121.4,0.092,0.025,0.033,0.005,0.086,2.4,2.2,0.2,0.0,0.0,1.3,0.0,126.0,2.0,0.4,57.0,0.022,241.5,300.0,0.047,5.3,152.362
Imitação de vieira,28,0.1,0.065,0.085,0.098,3.0,0.0,3.6,0.0,6.2,0.2,20.9,0.008,0.079,0.046,0.04,0.017,0.091,0.09,0.045,0.0,0.0,0.0,0.0,2.3,0.067,0.058,12.2,0.034,79.8,29.1,0.095,0.019,9.105
Crabagem azul cru,18,0.2,0.067,0.048,0.063,0.018,0.0,3.8,0.0,16.4,0.079,16.6,0.069,0.098,0.082,0.009,0.021,0.6,0.079,0.073,0.6,0.0,0.0,0.0,18.7,0.1,0.2,7.1,0.019,48.1,69.1,0.07,0.7,23.615
Alevia crua,39,0.1,0.096,0.067,0.005,2.2,0.0,6.7,0.0,18.4,0.073,18.7,0.043,0.089,0.027,0.021,0.088,0.3,0.037,0.097,1.1,0.0,0.013,0.028,16.1,0.3,1.4,24.3,0.1,39.9,98.2,0.011,0.5,27.678
Lagostim escamoso cru,234,3.2,0.5,0.6,1.2,5.1,0.0,43.1,0.0,146.3,0.4,154.8,0.025,0.071,0.094,0.008,0.043,8.9,0.7,0.3,4.2,0.0,0.0,0.0,102.4,0.8,2.5,83.6,0.033,497.4,376.2,0.055,11.9,160.501
Vagem de almeja enlatada,227,2.5,0.5,0.3,0.5,9.4,0.0,38.8,0.0,80.0,0.2,104.4,0.2,0.031,0.099,0.01,0.1,0.9,0.4,0.071,0.0,0.063,1.8,0.037,104.0,0.1,4.3,51.2,0.2,523.2,1004.8,0.089,1.3,159.2
Lagosta cozida,134,1.3,0.3,0.4,0.5,0.0,0.0,28.5,0.0,219.0,0.7,117.2,0.077,0.074,0.077,0.071,0.099,0.031,2.7,2.5,0.2,0.0,0.0,1.5,0.0,144.0,2.3,0.4,64.5,0.049,277.5,345.0,0.1,32.314
Ostreia oriental frita,29,1.8,0.5,0.7,0.5,1.7,0.0,1.3,0.0,10.4,0.015,9.4,0.0,0.026,0.003,0.016,0.084,0.2,0.081,0.007,0.6,0.0,0.0,0.0,9.1,0.6,1.0,8.5,0.063,23.2,35.6,0.092,12.7,15.5
Vongados crus,195,2.2,0.4,0.3,0.4,8.1,0.0,33.3,0.0,68.1,1.4,179.3,0.2,0.098,0.095,0.064,0.001,0.8,0.3,0.0,0.0,0.0,1.5,0.032,88.5,0.1,3.7,43.1,0.2,449.5,104.4,0.041,1.2,136.0
Tentáculo cozido,139,1.8,0.4,0.3,0.4,3.7,0.0,25.3,0.0,81.6,0.4,51.4,0.09,0.075,0.016,0.031,0.079,3.2,0.8,0.6,6.8,0.0,1.0,0.088,90.1,0.6,8.1,51.0,0.013,237.2,535.5,0.054,2.9,135.853
Ostro de leste crudo,8,0.2,0.0,0.087,0.091,0.8,0.0,0.7,0.0,3.5,0.021,12.1,0.069,0.086,0.013,0.095,0.012,0.2,0.076,0.077,0.7,0.0,0.0,0.0,6.2,0.1,0.8,4.6,0.028,13.0,17.4,0.065,5.3,9.448
Ostras fritas,61,3.0,0.8,1.2,0.8,6.7,0.0,2.1,0.0,18.1,0.1,11.1,0.036,0.039,0.035,0.081,0.02,0.7,0.2,0.019,0.7,0.0,0.0,0.0,4.6,0.1,0.7,3.9,0.015,32.7,30.4,0.074,2.6,17.861
Esturjão fumado,49,1.2,0.3,0.7,0.1,0.0,0.0,8.8,0.0,22.6,0.2,17.7,0.02,0.026,0.006,0.011,0.078,3.1,0.3,0.09,0.0,0.048,0.1,0.022,4.8,0.06,0.3,13.3,0.042,79.5,107.3,0.077,0.2,15.175
Salmão chinook fumado,159,5.9,1.3,2.8,1.4,0.0,0.0,24.9,0.0,31.3,1.1,97.9,0.019,0.01,0.019,0.007,0.1,6.4,1.2,0.4,0.0,0.09,1.8,0.039,15.0,0.3,1.2,24.5,0.055,223.0,238.0,0.027,0.4,47.038
Fumo de cisco,50,3.4,0.5,1.6,0.6,0.0,0.0,4.6,0.0,9.1,0.1,19.8,0.05,0.079,0.031,0.04,0.0,0.7,0.009,0.08,0.0,0.047,0.098,0.094,7.4,0.015,0.1,4.8,0.047,42.5,82.9,0.05,0.076,15.576
Peixe-do-escama fumado,33,0.3,0.049,0.006,0.055,0.0,0.0,7.1,0.0,21.8,0.2,20.2,0.087,0.05,0.079,0.08,0.094,1.4,0.094,0.1,0.0,0.074,0.2,0.078,13.9,0.001,0.4,15.3,0.075,71.0,117.4,0.063,0.1,21.719
Peixe branco defumado,147,1.3,0.3,0.4,0.4,0.0,0.0,31.8,0.0,44.9,1.4,96.3,0.086,0.08,0.082,0.017,0.1,3.3,0.1,0.5,0.0,0.078,0.3,0.097,24.5,0.4,0.7,31.3,0.091,179.5,575.3,0.03,0.7,58.398
Artesanais de filete de salmão-rosso Sockeye defumados,373,12.3,2.8,4.3,3.7,0.0,0.0,65.5,0.0,167.4,0.065,25.8,0.047,0.5,0.078,0.088,0.6,24.6,3.0,0.9,0.0,0.0,1.3,0.0,62.6,0.2,1.1,62.6,0.048,702.0,1036.8,0.026,1.2,141.587
Noz-moscada,224,10.6,6.6,3.3,0.5,20.4,20.4,11.6,0.0,149.9,0.1,209.7,0.1,0.074,0.02,0.006,0.5,0.3,1.1,0.1,3.8,0.055,0.5,0.011,330.2,0.051,0.5,48.3,0.024,276.9,419.1,0.094,1.2,377.2
Cerveja light,96,0.0,0.0,0.0,0.0,5.4,0.3,0.8,0.0,0.0,0.095,313.1,0.0,0.083,0.079,0.0,0.069,1.3,0.067,0.1,0.0,0.0,0.0,0.0,13.2,0.095,0.014,16.5,0.094,39.6,69.3,0.077,0.044,19.456
Cerveja Budweiser,12,0.0,0.0,0.0,0.0,0.9,0.0,0.1,0.0,0.0,0.095,27.4,0.0,0.0,0.0,0.0,0.0,0.0,0.0,0.0,0.0,0.0,0.0,0.0,1.2,0.095,0.0,2.1,0.038,3.8,9.7,0.0,0.0,2.2
Cerveja de trigo Erdinger,220,18.0,13.0,1.0,0.0,0.0,0.0,0.0,0.0,0.0,0.0,0.0,0.0,0.0,0.0,0.0,0.0,0.0,0.0,0.0,0.0,0.0,0.0,0.0,0.0,0.0,0.0,0.0,0.0,0.0,0.0,0.0,0.0,18.0
Cerveja Light Budweiser,9,0.0,0.0,0.0,0.0,0.4,0.0,0.066,0.0,0.0,0.016,28.0,0.0,0.0,0.0,0.0,0.0,0.0,0.0,0.0,0.0,0.0,0.0,0.0,0.9,0.088,0.0,2.1,0.007,3.2,7.7,0.0,0.0,1.32
Cerveja,142,0.0,0.0,0.0,0.0,11.7,0.0,1.5,0.0,0.0,0.067,303.5,0.0,0.093,0.062,0.0,0.017,1.7,0.1,0.2,0.0,0.0,0.0,0.0,13.2,0.096,0.031,19.8,0.085,46.2,89.1,0.087,0.001,26.436
Cerveja de raíz,202,0.0,0.0,0.0,0.0,52.3,52.3,0.0,0.0,0.0,0.068,440.2,0.0,0.0,0.0,0.0,0.0,0.0,0.0,0.0,0.0,0.0,0.0,0.0,0.0,24.7,0.037,0.2,4.9,0.059,0.0,4.9,0.095,52.334
Mix de whiskey sour,26,0.072,0.069,0.034,0.012,6.3,6.3,0.051,0.0,0.0,0.073,23.1,0.0,0.089,0.0,0.0,0.07,0.0,0.032,0.0,0.8,0.0,0.0,0.0,0.6,0.0,0.047,0.3,0.0,1.8,8.3,0.015,0.08,7.914
Whisky sour,158,0.0,0.018,0.092,0.024,13.9,0.0,0.0,0.0,0.0,0.067,77.0,0.0,0.035,0.0,0.0,0.092,0.003,0.05,0.0,1.7,0.0,0.0,0.0,1.1,0.019,0.047,1.1,0.01,6.4,5.3,0.03,0.069,16.717
"""Sunrise Tequila""",232,0.2,0.0,0.0,0.0,23.8,0.0,0.6,0.0,0.0,0.1,166.3,0.0,0.085,0.01,0.0,0.015,0.4,0.2,0.1,40.7,0.0,0.0,0.0,0.0,0.01,0.038,14.8,0.046,21.1,21.1,0.0,1.3,65.357
Daiquiri,112,0.036,0.063,0.038,0.012,4.2,3.3,0.035,0.001,0.0,0.008,41.8,0.0,0.021,0.047,0.0,0.065,0.022,0.074,0.003,1.0,0.0,0.092,0.009,1.8,0.098,0.033,1.2,0.04,3.0,12.6,0.04,0.091,7.243
Pina colada,245,2.7,2.3,0.1,0.035,32.0,31.5,0.6,0.4,0.0,0.089,91.6,0.0,0.0,0.038,0.038,0.0,0.002,0.2,0.01,0.019,6.9,0.0,0.056,0.08,11.3,0.1,0.3,11.3,0.7,9.9,100.1,0.064,35.877
Whiskey,58,0.0,0.0,0.0,0.0,0.1,0.078,0.0,0.0,0.0,0.0,14.7,0.0,0.085,0.0,0.0,0.056,0.073,0.0,0.0,0.0,0.0,0.0,0.0,0.0,0.037,0.072,0.0,0.092,0.7,0.2,0.0,0.02,0.127
Frutas,49,0.0,0.0,0.0,0.0,0.0,0.0,0.0,0.0,0.0,0.053,14.0,0.0,0.058,0.0,0.0,0.0,0.0,0.0,0.0,0.0,0.0,0.0,0.0,0.0,0.055,0.045,0.0,0.093,1.1,0.4,0.0,0.05,0.049
Vodca Smirnoff,13,0.4,0.013,0.077,0.073,2.0,0.082,0.0,0.0,0.0,0.0,0.0,0.0,0.0,0.0,0.0,0.0,0.0,0.0,0.0,0.0,0.0,0.0,0.0,0.0,0.0,0.0,0.0,0.0,0.0,0.0,0.0,0.0,2.4
Licor de café,96,0.038,0.096,0.03,0.042,13.8,13.7,0.041,0.0,0.0,0.093,9.1,0.0,0.042,0.0,0.0,0.075,0.045,0.0,0.0,0.0,0.0,0.0,0.0,0.3,0.019,0.02,0.9,0.011,1.8,8.9,0.053,0.097,14.241
"Aqui está a tradução:

""Gin""",53,0.0,0.0,0.0,0.0,0.0,0.0,0.0,0.0,0.0,0.029,12.4,0.0,0.0,0.0,0.0,0.0,0.0,0.0,0.0,0.0,0.0,0.0,0.0,0.0,0.007,0.0,0.0,0.0,0.0,0.0,0.0,0.0,0.0
Vinho doce,165,0.0,0.0,0.0,0.0,14.1,8.0,0.2,0.0,0.0,0.047,72.6,0.0,0.081,0.0,0.0,0.003,0.2,0.079,0.0,0.0,0.0,0.0,0.0,8.2,0.04,0.2,9.3,0.1,9.3,94.8,0.06,0.074,22.7
Vinho branco Chenin Blanc,118,0.0,0.0,0.0,0.0,4.9,0.0,0.1,0.0,0.0,0.0,128.4,0.0,0.0,0.0,0.0,0.0,0.0,0.0,0.0,0.0,0.0,0.0,0.0,0.0,0.0,0.0,0.0,0.0,0.0,0.0,0.0,0.0,5.0
Vinho tinto Gamay,115,0.0,0.0,0.0,0.0,3.5,0.0,0.1,14.4,0.0,0.0,0.0,128.6,0.0,0.0,0.0,0.0,0.0,0.0,0.0,0.0,0.0,0.0,0.0,0.0,0.0,0.0,0.0,0.0,0.0,0.0,0.0,0.0,146.6
Vinho branco de colheita tardia,172,0.0,0.0,0.0,0.0,20.6,0.0,0.1,13.1,0.0,0.0,0.0,119.8,0.0,0.0,0.0,0.0,0.0,0.0,0.0,0.0,0.0,0.0,0.0,0.0,0.0,0.0,0.0,0.0,0.0,0.0,0.0,0.0,153.6
Vinho branco Gewürztraminer,119,0.0,0.0,0.0,0.0,3.8,0.0,0.1,0.0,0.0,0.0,127.9,0.0,0.0,0.0,0.0,0.0,0.0,0.0,0.0,0.0,0.0,0.0,0.0,0.0,0.0,0.0,0.0,0.0,0.0,0.0,0.0,0.0,3.9
Vinho tinto burgúndio,172,0.0,0.0,0.0,0.0,7.4,0.0,0.1,0.0,0.0,0.0,171.2,0.0,0.0,0.0,0.0,0.0,0.0,0.0,0.0,0.0,0.0,0.0,0.0,0.0,0.0,0.0,0.0,0.0,0.0,0.0,0.0,0.0,7.5
Vinho tinto de Zinfandel,129,0.0,0.0,0.0,0.0,4.2,0.0,0.1,0.0,0.0,0.0,126.0,0.0,0.0,0.0,0.0,0.0,0.0,0.0,0.0,0.0,0.0,0.0,0.0,0.0,0.0,0.0,0.0,0.0,0.0,0.0,0.0,0.0,4.3
Vinho branco Müller Thurgau,112,0.0,0.0,0.0,0.0,5.2,0.0,0.1,13.3,0.0,0.0,0.0,129.2,0.0,0.0,0.0,0.0,0.0,0.0,0.0,0.0,0.0,0.0,0.0,0.0,0.0,0.0,0.0,0.0,0.0,0.0,0.0,0.0,147.8
Vinho tinto de Mouvedre,129,0.0,0.0,0.0,0.0,3.9,0.0,0.1,16.5,0.0,0.0,0.0,126.1,0.0,0.0,0.0,0.0,0.0,0.0,0.0,0.0,0.0,0.0,0.0,0.0,0.0,0.0,0.0,0.0,0.0,0.0,0.0,0.0,146.6
Vinho da mesa,123,0.0,0.0,0.0,0.0,4.0,1.2,0.1,0.0,0.0,0.087,128.1,0.0,0.051,0.084,0.0,0.014,0.2,0.023,0.022,0.0,0.0,0.0,0.0,11.8,0.049,0.5,16.3,0.2,29.6,146.5,0.012,0.2,16.4
Vinho leve,73,0.0,0.0,0.0,0.0,1.7,1.7,0.1,0.0,0.0,0.046,136.5,0.0,0.0,0.035,0.0,0.039,0.1,0.0,0.097,0.0,0.0,0.0,0.0,13.3,0.1,0.6,14.8,0.0,22.2,130.2,0.014,0.1,15.7
Vinho branco,121,0.0,0.0,0.0,0.0,3.8,1.4,0.1,0.0,0.0,0.098,127.7,0.0,0.04,0.081,0.0,0.003,0.2,0.094,0.034,0.0,0.0,0.0,0.071,13.2,0.097,0.4,14.7,0.2,26.5,104.4,0.036,0.2,17.5
Vinho tinto Petite Sirah,125,0.0,0.0,0.0,0.0,3.9,0.0,0.1,15.7,0.0,0.0,0.0,126.7,0.0,0.0,0.0,0.0,0.0,0.0,0.0,0.0,0.0,0.0,0.0,0.0,0.0,0.0,0.0,0.0,0.0,0.0,0.0,0.0,146.4
Vinho não alcoólico,2,0.0,0.0,0.0,0.0,0.3,0.3,0.1,0.0,0.0,0.095,29.0,0.0,0.0,0.027,0.0,0.019,0.093,0.0,0.064,0.0,0.0,0.0,0.0,2.7,0.035,0.1,3.0,0.0,4.4,26.0,0.052,0.088,3.2
Vinho tinto Pinot Noir,121,0.0,0.0,0.0,0.0,3.4,0.0,0.1,0.0,0.0,0.0,127.8,0.0,0.0,0.0,0.0,0.0,0.0,0.0,0.0,0.0,0.0,0.0,0.0,0.0,0.0,0.0,0.0,0.0,0.0,0.0,0.0,0.0,3.5
Vinho branco Pinot Gris Grigio,122,0.0,0.0,0.0,0.0,3.0,0.0,0.1,0.0,0.0,0.0,127.9,0.0,0.0,0.0,0.0,0.0,0.0,0.0,0.0,0.0,0.0,0.0,0.0,0.0,0.0,0.0,0.0,0.0,0.0,0.0,0.0,0.0,3.1
Vinho branco Riesling,118,0.0,0.0,0.0,0.0,5.5,0.0,0.1,0.0,0.0,0.0,128.1,0.0,0.0,0.0,0.0,0.0,0.0,0.0,0.0,0.0,0.0,0.0,0.0,0.0,0.0,0.0,0.0,0.0,0.0,0.0,0.0,0.0,5.6
Vinho tinto Barbera,170,0.0,0.0,0.0,0.0,5.6,0.0,0.1,0.0,0.0,0.0,172.6,0.0,0.0,0.0,0.0,0.0,0.0,0.0,0.0,0.0,0.0,0.0,0.0,0.0,0.0,0.0,0.0,0.0,0.0,0.0,0.0,0.0,5.7
Vinho tinto Lemberger,118,0.0,0.0,0.0,0.0,3.6,0.0,0.1,15.0,0.0,0.0,0.0,127.9,0.0,0.0,0.0,0.0,0.0,0.0,0.0,0.0,0.0,0.0,0.0,0.0,0.0,0.0,0.0,0.0,0.0,0.0,0.0,0.0,146.6
Vinho tinto Merlot,122,0.0,0.0,0.0,0.0,3.7,0.9,0.1,0.0,0.0,0.011,127.3,0.0,0.087,0.064,0.0,0.01,0.3,0.081,0.061,0.0,0.0,0.0,0.0,11.8,0.026,0.7,17.6,0.2,33.8,186.7,0.083,0.2,16.3
Vinho tinto Sangiovese,126,0.0,0.0,0.0,0.0,3.9,0.0,0.1,0.0,0.0,0.0,126.7,0.0,0.0,0.0,0.0,0.0,0.0,0.0,0.0,0.0,0.0,0.0,0.0,0.0,0.0,0.0,0.0,0.0,0.0,0.0,0.0,0.0,4.0
Vinho branco de Sauvignon Blanc,119,0.0,0.0,0.0,0.0,3.0,0.0,0.1,0.0,0.0,0.0,128.1,0.0,0.0,0.0,0.0,0.0,0.0,0.0,0.0,0.0,0.0,0.0,0.0,0.0,0.0,0.0,0.0,0.0,0.0,0.0,0.0,0.0,3.1
Vinho tinto Syrah,122,0.0,0.0,0.0,0.0,3.8,0.0,0.1,0.0,0.0,0.0,127.2,0.0,0.0,0.0,0.0,0.0,0.0,0.0,0.0,0.0,0.0,0.0,0.0,0.0,0.0,0.0,0.0,0.0,0.0,0.0,0.0,0.0,3.9
Vinho tinto de Carignane,370,0.0,0.0,0.0,0.0,12.0,0.0,0.4,0.0,0.0,0.0,439.4,0.0,0.0,0.0,0.0,0.0,0.0,0.0,0.0,0.0,0.0,0.0,0.0,0.0,0.0,0.0,0.0,0.0,0.0,0.0,0.0,0.0,12.4
Vinho branco Pinot Blanc,119,0.0,0.0,0.0,0.0,2.9,0.0,0.1,0.0,0.0,0.0,128.1,0.0,0.0,0.0,0.0,0.0,0.0,0.0,0.0,0.0,0.0,0.0,0.0,0.0,0.0,0.0,0.0,0.0,0.0,0.0,0.0,0.0,3.0
Vinho branco de Semillon,121,0.0,0.0,0.0,0.0,4.6,0.0,0.1,14.9,0.0,0.0,0.0,128.1,0.0,0.0,0.0,0.0,0.0,0.0,0.0,0.0,0.0,0.0,0.0,0.0,0.0,0.0,0.0,0.0,0.0,0.0,0.0,0.0,147.7
Vinho doce seco,760,0.0,0.0,0.0,0.0,58.4,5.5,1.0,76.5,0.0,0.0,0.062,362.7,0.0,0.033,0.0,0.0,0.096,1.1,0.2,0.0,0.0,0.0,0.0,0.0,40.0,0.2,1.2,45.0,0.6,45.0,460.0,0.066,498.8
Vinho tinto,125,0.0,0.0,0.0,0.0,3.8,0.9,0.1,0.0,0.0,0.027,127.1,0.0,0.01,0.018,0.0,0.073,0.3,0.049,0.044,0.0,0.0,0.0,0.066,11.8,0.017,0.7,17.6,0.2,33.8,186.7,0.074,0.2,16.4
Vinho tinto Cabernet Sauvignon,166,0.0,0.0,0.0,0.0,5.2,0.0,0.1,0.0,0.0,0.0,173.1,0.0,0.0,0.0,0.0,0.0,0.0,0.0,0.0,0.0,0.0,0.0,0.0,0.0,0.0,0.0,0.0,0.0,0.0,0.0,0.0,0.0,5.3
Vinho branco Moscato,123,0.0,0.0,0.0,0.0,7.8,0.0,0.1,0.0,0.0,0.0,128.5,0.0,0.0,0.0,0.0,0.0,0.0,0.0,0.0,0.0,0.0,0.0,0.0,0.0,0.0,0.0,0.0,0.0,0.0,0.0,0.0,0.0,7.9
Vinho cozido,2,0.0,0.0,0.0,0.0,0.3,0.09,0.028,0.0,0.0,0.002,4.4,0.0,0.0,0.077,0.0,0.016,0.094,0.0,0.072,0.0,0.0,0.0,0.0,0.4,0.021,0.1,0.5,0.0,0.7,4.3,0.079,0.085,0.879
Vinho branco Chardonnay,168,0.0,0.0,0.0,0.0,4.3,1.9,0.1,0.0,0.0,0.027,173.7,0.0,0.092,0.002,0.0,0.039,0.2,0.09,0.1,0.0,0.0,0.0,0.0,18.0,0.054,0.5,20.0,0.2,36.0,142.0,0.017,0.2,22.9
Vinho do clarete,122,0.0,0.0,0.0,0.0,4.4,0.0,0.1,15.0,0.0,0.0,0.0,127.0,0.0,0.0,0.0,0.0,0.0,0.0,0.0,0.0,0.0,0.0,0.0,0.0,0.0,0.0,0.0,0.0,0.0,0.0,0.0,0.0,146.5
Arroz sake,197,0.0,0.0,0.0,0.0,7.4,0.0,0.7,0.0,0.0,0.046,115.2,0.0,0.0,0.0,0.0,0.0,0.0,0.0,0.0,0.0,0.0,0.0,0.0,7.4,0.051,0.1,8.8,0.0,8.8,36.8,0.057,0.092,15.6
Vinho branco Fume Blanc,121,0.0,0.0,0.0,0.0,3.3,0.0,0.1,15.4,0.0,0.0,0.0,127.9,0.0,0.0,0.0,0.0,0.0,0.0,0.0,0.0,0.0,0.0,0.0,0.0,0.0,0.0,0.0,0.0,0.0,0.0,0.0,0.0,146.7
Vinho tinto Cabernet Franc,122,0.0,0.0,0.0,0.0,3.6,0.0,0.1,0.0,0.0,0.0,127.3,0.0,0.0,0.0,0.0,0.0,0.0,0.0,0.0,0.0,0.0,0.0,0.0,0.0,0.0,0.0,0.0,0.0,0.0,0.0,0.0,0.0,3.7
Manteiga de chocolate,81,3.6,1.1,1.8,0.5,13.0,11.8,0.2,0.2,0.0,0.025,3.5,0.0,0.026,0.069,0.0,0.097,0.024,0.005,0.085,0.0,0.0,0.3,0.0,1.6,0.045,0.3,4.3,0.064,16.2,40.2,0.094,0.062,18.9
 Açúcar branco,19,0.0,0.0,0.0,0.0,5.0,4.9,0.0,0.0,0.0,0.012,0.021,0.0,0.0,0.0,0.0,0.099,0.0,0.0,0.0,0.0,0.0,0.0,0.0,0.046,0.078,0.078,0.0,0.081,0.0,0.1,0.026,0.05,5.037
Substituto de ovos,115,0.0,0.0,0.0,0.0,4.8,4.8,24.0,0.0,0.0,0.5,208.8,0.0,0.3,0.065,0.039,0.9,0.3,4.0,0.3,1.2,0.006,3.8,0.063,175.2,0.07,4.8,36.0,0.002,172.8,511.2,0.017,2.4,210.0
Soro de agave,21,0.081,0.0,0.0,0.0,5.3,4.7,0.025,0.01,0.0,0.09,1.6,0.0,0.0,0.0,0.0,0.0,0.0,0.0,0.0,0.0,0.0,0.0,0.0,0.088,0.071,0.042,0.034,0.049,0.009,0.3,0.0,0.008,5.456
Sweetenedor Splenda,336,0.0,0.0,0.0,0.0,91.2,80.3,0.0,0.0,0.0,0.0,8.8,0.0,0.0,0.0,0.0,0.0,0.0,0.0,0.0,0.0,0.0,0.0,0.0,0.0,0.0,0.0,0.0,0.0,0.0,4.0,0.0,0.0,91.2
Extração de baunilha,12,0.069,0.003,0.06,0.001,0.5,0.5,0.0,0.0,0.0,0.061,2.2,0.0,0.041,0.0,0.0,0.083,0.002,0.039,0.079,0.0,0.0,0.0,0.0,0.5,0.03,0.019,0.5,0.066,0.3,6.2,0.0,0.065,1.213
Ovo-vermelho secado,27,2.3,0.7,0.9,0.4,0.054,0.002,1.3,0.0,92.3,0.071,0.1,0.01,0.041,0.036,0.092,0.025,0.065,0.4,0.078,0.0,0.065,0.2,0.074,12.3,0.015,0.4,1.0,0.071,41.6,10.6,0.098,0.3,16.368
 Açúcar granulado,16,0.0,0.0,0.0,0.0,4.2,4.2,0.0,0.0,0.0,0.019,0.055,0.0,0.0,0.0,0.0,0.06,0.0,0.0,0.0,0.0,0.0,0.0,0.0,0.027,0.034,0.01,0.0,0.067,0.0,0.033,0.093,0.05,4.253
Chocolate para assadeira,145,15.2,9.4,4.7,0.5,8.7,0.3,3.7,4.8,0.0,0.049,0.4,0.0,0.023,0.098,0.0,0.002,0.4,0.088,0.015,0.0,0.0,0.1,0.097,29.3,0.9,5.0,94.8,1.2,116.0,240.7,0.072,2.8,66.7
Levain de padeiro,18,0.3,0.089,0.2,0.079,3.1,0.0,1.4,1.4,0.0,0.066,11.7,0.0,0.3,0.1,0.0,0.2,2.1,0.8,0.005,0.04,0.0,0.0,0.0,3.2,0.024,0.6,6.8,0.02,57.1,102.2,0.073,1.7,10.078
Fondant,106,0.009,0.0,0.0,0.0,26.4,25.2,0.0,0.0,0.0,0.022,1.9,0.0,0.062,0.0,0.0,0.062,0.0,0.0,0.0,0.0,0.0,0.0,0.0,0.8,0.095,0.09,0.0,0.0,0.0,1.1,0.045,0.037,27.396
 Açúcar mascavo,16,0.0,0.0,0.0,0.0,4.1,4.1,0.024,0.0,0.0,0.094,0.087,0.0,0.0,0.023,0.0,0.0,0.0,0.037,0.008,0.0,0.0,0.0,0.0,3.5,0.03,0.071,0.4,0.047,0.2,5.6,0.023,0.08,7.622
Cobertura branca seca,768,0.0,0.0,0.0,0.0,196.4,0.0,4.8,0.0,0.0,0.5,3.9,0.0,0.018,0.077,0.0,0.1,2.1,0.1,0.031,0.0,0.0,0.0,0.0,8.3,0.053,0.2,6.2,0.043,14.5,242.2,0.036,0.01,209.7
 Açúcar de bordo,42,0.061,0.076,0.037,0.09,10.9,10.2,0.036,0.0,0.0,0.031,1.0,0.0,0.016,0.0,0.0,0.021,0.015,0.032,0.04,0.0,0.0,0.0,0.0,10.8,0.024,0.2,2.3,0.5,0.4,32.9,0.03,0.7,21.961
Aditivo suave de frutose,15,0.0,0.0,0.0,0.0,4.2,3.9,0.0,0.0,0.0,0.013,0.0,0.0,0.0,0.0,0.0,0.0,0.0,0.0,0.0,0.0,0.0,0.0,0.0,0.0,0.013,0.067,0.0,0.0,0.0,0.0,0.082,0.0,4.274
Aditivo adoçante sacarina,360,0.0,0.0,0.0,0.0,89.1,85.2,0.9,0.0,0.0,0.4,8.8,0.0,0.0,0.0,0.0,0.0,0.0,0.0,0.0,0.0,0.0,0.0,0.0,0.0,0.0,0.058,0.0,0.0,0.0,4.0,0.0,0.079,90.082
"Claro! Here is the translation:

Ovo branco cru",17,0.063,0.0,0.0,0.0,0.2,0.2,3.6,0.0,0.0,0.038,28.9,0.0,0.099,0.024,0.041,0.1,0.089,0.055,0.043,0.0,0.0,0.0,0.0,2.3,0.075,0.045,3.6,0.039,5.0,53.8,0.017,0.001,6.196
 Açúcar turbinado,18,0.0,0.0,0.0,0.0,4.6,4.6,0.0,0.0,0.0,0.008,0.082,0.0,0.0,0.0,0.0,0.0,0.0,0.0,0.0,0.0,0.0,0.0,0.0,0.6,0.05,0.018,0.016,0.064,0.052,1.3,0.0,0.003,5.24
Creme de baunilha,1931,75.0,13.7,22.5,36.7,313.7,291.5,0.0,0.0,0.0,0.9,69.6,0.0,0.046,0.026,0.0,1.4,1.0,0.3,0.0,0.0,0.0,7.1,0.032,13.9,0.0,0.7,4.6,0.0,83.2,157.1,0.029,0.3,403.3
Aditivo doceiro aspartame,365,0.0,0.0,0.0,0.0,89.1,80.7,2.2,0.0,0.0,0.0,8.8,0.0,0.0,0.0,0.0,0.0,0.0,0.0,0.0,0.0,0.0,0.0,0.0,0.0,0.0,0.022,0.0,0.0,0.0,4.0,0.079,0.068,91.381
Ovo cru,80,5.3,1.8,2.0,1.1,0.4,0.2,7.0,0.0,208.3,0.08,42.6,0.066,0.011,0.048,0.013,0.3,0.018,0.9,0.099,0.0,0.038,0.6,0.016,31.4,0.071,1.0,6.7,0.057,110.9,77.3,0.023,0.7,45.156
Topping de abacaxi,860,0.3,0.066,0.1,0.2,225.8,71.4,0.3,1.4,0.0,0.1,112.2,0.0,0.1,0.026,0.0,0.008,0.3,0.059,0.012,10.5,0.0,0.054,0.032,20.4,0.2,0.4,20.4,0.2,10.2,146.2,0.026,0.2,259.1
Branco de ovos secos,26,0.087,0.0,0.0,0.0,0.3,0.0,5.8,0.0,0.0,0.052,0.6,0.0,0.041,0.06,0.077,0.2,0.049,0.1,0.059,0.0,0.0,0.0,0.0,6.2,0.033,0.028,5.0,0.03,6.2,78.1,0.012,0.0,12.343
Ovo gema crua,55,4.5,1.6,2.0,0.7,0.6,0.08,2.7,0.0,184.5,0.006,8.9,0.009,0.014,0.04,0.098,0.064,0.042,0.5,0.061,0.0,0.078,0.4,0.034,21.9,0.069,0.5,0.9,0.013,66.3,18.5,0.039,0.4,30.27
Soda de padaria,0,0.0,0.0,0.0,0.0,0.0,0.0,0.0,0.0,0.0,1.3,0.018,0.0,0.0,0.0,0.0,0.0,0.0,0.0,0.0,0.0,0.0,0.0,0.0,0.0,0.0,0.0,0.0,0.0,0.0,0.0,0.018,0.0,0.0
Ovo seco,30,2.2,0.7,0.9,0.3,0.047,0.05,2.4,0.0,81.5,0.06,0.2,0.044,0.026,0.016,0.09,0.02,0.079,0.3,0.075,0.0,0.027,0.1,0.075,11.8,0.017,0.2,1.7,0.063,31.5,27.0,0.017,0.2,16.62
Mistura de morangos,53,0.096,0.071,0.083,0.063,13.9,5.7,0.014,0.1,0.0,0.099,6.9,0.0,0.077,0.03,0.0,0.051,0.049,0.063,0.024,2.9,0.0,0.079,0.029,1.3,0.078,0.014,0.8,0.002,1.1,10.7,0.005,0.079,18.34
Levadura de padeiro seca,13,0.3,0.078,0.2,0.069,1.6,0.0,1.6,1.1,0.0,0.081,0.2,0.0,0.4,0.002,0.014,0.2,1.6,0.5,0.008,0.038,0.0,0.0,0.088,1.2,0.016,0.051,2.2,0.048,25.5,38.2,0.006,0.3,5.927
Pasta de amendoim,1040,63.0,6.0,40.9,13.2,108.5,82.3,20.4,10.9,0.0,0.051,32.0,0.0,0.2,0.2,0.0,0.9,3.2,0.3,0.051,0.2,0.0,30.7,0.0,390.4,1.0,3.6,295.1,1.9,585.7,712.8,0.037,3.4,597.0
Creme de tartera,8,0.0,0.0,0.0,0.0,1.8,0.0,0.0,0.01,0.0,0.009,0.032,0.0,0.0,0.0,0.0,0.0,0.0,0.0,0.0,0.0,0.0,0.0,0.0,0.2,0.094,0.1,0.073,0.062,0.2,495.0,0.031,0.054,2.138
Sachet de mistura seca,631,7.3,1.7,3.4,1.4,120.7,0.0,17.7,0.0,0.0,1.5,19.9,0.0,0.7,0.2,0.008,0.2,5.7,0.8,0.072,0.2,0.0,0.0,0.0,54.4,0.3,5.0,42.5,1.3,170.0,170.0,0.044,1.5,205.3
Pó de substituto de ovos,126,3.7,1.1,1.5,0.5,6.2,6.2,15.7,0.0,161.9,0.2,1.1,0.1,0.006,0.017,0.049,0.5,0.2,1.0,0.074,0.2,0.0,0.4,0.025,92.3,0.017,0.9,18.4,0.045,135.3,210.6,0.032,0.5,119.1
Pó de gelatina,17,0.086,0.09,0.054,0.063,0.0,0.0,4.3,0.0,0.0,0.029,0.7,0.0,0.033,0.015,0.0,0.028,0.063,0.039,0.014,0.0,0.0,0.0,0.0,2.8,0.1,0.099,1.1,0.019,2.0,0.8,0.077,0.004,7.255
Grão de tapioca,544,0.093,0.075,0.088,0.057,134.8,5.1,0.3,1.4,0.0,0.077,16.7,0.0,0.016,0.001,0.0,0.0,0.0,0.2,0.091,0.0,0.0,0.0,0.0,30.4,0.021,2.4,1.5,0.2,10.6,16.7,0.007,0.2,169.318
Pó de bakery,2,0.0,0.0,0.0,0.0,1.3,0.0,0.0,0.03,0.0,0.5,0.2,0.0,0.0,0.0,0.0,0.0,0.0,0.0,0.0,0.0,0.0,0.0,0.0,270.3,0.077,0.5,1.2,0.074,100.8,0.9,0.004,0.091,272.196
Ovo cozido,93,6.4,2.0,2.4,0.8,0.7,0.7,7.5,0.0,223.8,0.042,44.8,0.04,0.069,0.072,0.015,0.3,0.038,0.8,0.056,0.0,0.019,0.6,0.069,30.0,0.009,0.7,6.0,0.004,103.2,75.6,0.062,0.6,45.338
Farinha de milheto,444,5.1,0.6,1.1,3.1,86.9,2.0,12.8,4.2,0.0,0.056,12.8,0.0,0.5,0.032,0.0,0.01,7.2,1.5,0.4,0.0,0.0,0.1,0.037,16.7,0.6,4.7,141.6,1.2,339.2,266.6,0.028,3.1,130.4
Farinha de triticale,439,2.4,0.4,0.2,1.0,95.1,0.0,17.1,19.0,0.0,0.096,13.0,0.0,0.5,0.012,0.0,0.2,3.7,2.8,0.5,0.0,0.0,1.2,0.0,45.5,0.7,3.4,198.9,5.4,417.3,605.8,0.0,3.5,182.5
Farinha de milho branca,414,4.2,0.6,1.1,2.0,87.3,1.8,9.6,7.3,0.0,0.036,11.2,0.0,0.3,0.078,0.0,0.1,1.9,0.2,0.5,0.0,0.0,0.1,0.0,157.3,0.2,1.7,106.0,0.5,263.3,298.7,0.072,2.1,267.4
Farinha de arroz castanha,574,4.4,0.9,1.6,1.6,120.8,1.3,11.4,7.3,0.0,0.039,18.9,0.0,0.7,0.056,0.0,0.1,10.0,2.5,1.2,0.0,0.0,1.9,0.0,17.4,0.4,3.1,177.0,6.3,532.5,456.6,0.0,3.9,164.4
Farinha de sorgo,437,4.0,0.6,1.1,1.7,93.7,2.3,9.5,8.0,0.0,0.023,12.2,0.0,0.3,0.058,0.0,0.014,6.3,1.1,0.4,0.0,0.0,0.6,0.079,14.5,0.3,3.6,145.2,1.5,348.5,376.3,0.026,1.7,133.3
Farinha de milho integral,442,4.4,0.6,1.2,2.0,93.8,0.8,9.9,8.9,0.0,0.022,12.5,0.0,0.5,0.034,0.0,0.2,4.4,0.5,0.4,0.0,0.0,0.5,0.059,7.3,0.2,4.2,154.9,0.6,294.0,350.1,0.004,2.2,128.5
Farinha de milho branca,581,2.7,0.3,0.5,1.0,124.7,2.5,11.2,6.1,0.0,0.094,17.6,0.0,0.2,0.089,0.0,0.016,1.6,0.4,0.3,0.0,0.0,0.2,0.0,4.7,0.1,1.7,50.2,0.3,155.4,222.9,0.03,1.0,151.1
Farinha de cevada,511,2.4,0.5,0.3,1.1,110.3,1.2,15.5,14.9,0.0,0.062,17.9,0.0,0.5,0.021,0.0,0.2,9.3,0.2,0.6,0.0,0.0,0.8,0.069,47.4,0.5,4.0,142.1,1.5,438.1,457.3,0.037,3.0,194.5
Semente de amora,97,0.7,0.029,0.099,0.4,13.8,0.0,10.1,0.0,0.0,0.006,1.8,0.0,0.3,0.022,0.0,0.1,0.6,1.1,0.3,0.0,0.0,0.0,0.0,21.8,0.5,1.4,99.1,0.6,180.6,19.2,0.0,1.4,47.8
Farinha de sésamo,658,46.4,6.5,17.5,20.3,33.3,0.0,38.5,0.0,0.0,0.041,1.1,0.0,3.4,0.073,0.0,0.4,16.7,3.7,0.2,0.0,0.0,0.0,0.0,198.8,1.9,19.0,451.3,1.9,1008.8,528.8,0.0,13.3,336.0
Farinha de trigo integral,408,3.0,0.5,0.3,1.4,86.4,0.5,15.9,12.8,0.0,0.027,12.9,0.0,0.6,0.066,0.0,0.2,5.9,0.7,0.5,0.0,0.0,0.9,0.025,40.8,0.5,4.3,164.4,4.9,428.4,435.6,0.045,3.1,163.2
Farinha de milho amarela,422,4.5,0.6,1.2,2.1,89.9,0.7,8.1,8.5,0.0,0.04,12.8,0.0,0.3,0.04,0.0,0.036,2.2,0.8,0.4,0.0,0.0,0.5,0.006,8.2,0.3,2.8,108.8,0.5,318.2,368.6,0.012,2.0,122.0
Farinha de milho integral,422,4.5,0.6,1.2,2.1,89.9,0.7,8.1,8.5,0.0,0.033,12.8,0.0,0.3,0.021,0.0,0.035,2.2,0.8,0.4,0.0,0.0,0.5,0.071,8.2,0.3,2.8,108.8,0.5,318.2,368.6,0.045,2.0,122.0
Farinha de semente de algodão baixa em gordura,94,0.4,0.082,0.046,0.2,10.2,0.0,14.1,0.0,0.0,0.022,2.0,0.0,0.6,0.016,0.0,0.1,1.1,0.1,0.2,0.7,0.0,0.0,0.0,134.1,0.3,3.6,202.6,0.6,449.1,498.4,0.0,3.3,163.1
Farinha de sementes de girassol,13,0.013,0.036,0.059,0.077,1.4,0.0,1.9,0.2,0.0,0.073,0.3,0.0,0.1,0.02,0.0,0.006,0.3,0.3,0.022,0.003,0.0,0.0,0.0,4.6,0.081,0.3,13.8,0.011,27.6,2.7,0.047,0.2,8.557
Farinha de gergelim,160,13.6,1.9,5.1,6.0,7.4,0.0,4.8,0.0,0.0,0.073,1.4,0.0,0.7,0.01,0.0,0.094,3.6,0.8,0.081,0.0,0.0,0.0,0.0,43.3,0.4,4.1,97.9,0.4,219.0,114.9,0.0,2.9,73.2
Farinha de abeto,626,37.7,4.9,23.9,7.3,68.3,0.0,9.4,0.0,0.0,0.0,7.5,0.0,0.2,0.1,0.0,0.2,3.0,1.2,0.9,0.0,0.0,0.0,0.0,53.8,0.8,1.5,137.5,2.2,128.8,890.0,0.0,0.8,170.7
Farinha de arroz branca,578,2.2,0.6,0.7,0.6,126.6,0.2,9.4,3.8,0.0,0.0,18.8,0.0,0.2,0.058,0.0,0.014,4.1,1.3,0.7,0.0,0.0,0.2,0.0,15.8,0.2,0.6,55.3,1.9,154.8,120.1,0.062,1.3,158.4
"Farinha de semente de abacate, baixo teor de gordura",94,0.5,0.011,0.2,0.2,10.0,0.0,14.2,0.0,0.0,0.072,2.0,0.0,0.7,0.073,0.0,0.092,3.5,0.8,0.02,0.0,0.0,0.0,0.0,42.2,0.4,4.0,95.7,0.4,214.2,112.4,0.0,2.8,70.9
Farinha de batata,571,0.5,0.1,0.063,0.2,133.0,5.6,11.0,9.4,0.0,0.042,10.4,0.0,0.0,0.4,0.043,0.0,0.06,5.6,0.8,1.2,6.1,0.0,0.4,0.0,104.0,0.3,2.2,104.0,0.5,268.8,1601.6,0.031,155.4
Farinha de milho amarela,581,2.7,0.3,0.5,1.0,124.7,2.5,11.2,6.1,0.0,0.011,17.6,0.0,0.2,0.072,0.0,0.085,1.6,0.4,0.3,0.0,0.0,0.2,0.0,4.7,0.1,1.7,50.2,0.3,155.4,222.9,0.069,1.0,151.1
Farinha de centeio,364,1.4,0.2,0.2,0.6,78.2,0.9,10.0,8.2,0.0,0.061,11.6,0.0,0.3,0.047,0.0,0.068,0.8,0.7,0.2,0.0,0.0,0.8,0.079,13.3,0.2,0.9,32.6,1.2,132.6,228.5,0.07,1.4,112.0
Farinha de arrábida,457,0.1,0.019,0.088,0.036,112.8,0.0,0.4,4.4,0.0,0.002,14.6,0.0,0.013,0.043,0.0,0.0,0.0,0.2,0.032,0.0,0.0,0.0,0.0,51.2,0.045,0.4,3.8,0.6,6.4,14.1,0.0,0.067,169.3
Farinha de grão de abóbora,356,6.2,0.6,1.4,2.7,53.2,10.0,20.6,9.9,0.0,0.05,9.5,0.0,0.4,0.4,0.0,0.037,1.6,0.6,0.5,0.0,0.0,0.8,0.003,41.4,0.8,4.5,152.7,1.5,292.6,778.3,0.079,2.6,135.8
Farinha de trigo,455,1.2,0.2,0.1,0.5,95.4,0.3,12.9,3.4,0.0,0.061,14.9,0.0,1.0,0.2,0.0,0.6,7.4,0.5,0.001,0.0,0.0,0.095,0.051,18.8,0.2,5.8,27.5,0.9,135.0,133.8,0.023,0.9,137.5
Amido de milho,488,0.03,0.077,0.046,0.012,116.8,0.0,0.3,1.2,0.0,0.093,10.6,0.0,0.0,0.0,0.0,0.0,0.0,0.0,0.0,0.0,0.0,0.0,0.0,2.6,0.097,0.6,3.8,0.028,16.6,3.8,0.096,0.081,121.535
Farinha de carqueja,13,0.061,0.041,0.088,0.052,5.3,2.9,0.3,2.4,0.0,0.033,0.2,0.0,0.09,0.007,0.0,0.079,0.1,0.038,0.029,0.088,0.0,0.046,0.0,20.9,0.088,0.2,3.2,0.019,4.7,49.6,0.087,0.087,29.18
Farinha de girassol,402,3.7,0.8,1.1,1.1,84.7,3.1,15.1,12.0,0.0,0.033,13.4,0.0,0.5,0.035,0.0,0.2,7.4,0.5,0.7,0.0,0.0,0.4,0.044,49.2,0.6,4.9,301.2,2.4,404.4,692.4,0.04,3.7,169.6
Pudim de noz pecan,503,27.1,4.9,13.6,7.0,63.7,0.0,6.0,0.0,106.1,0.3,23.8,0.046,0.2,0.083,0.061,0.2,1.0,0.6,0.034,0.2,0.0,0.0,0.0,39.0,0.3,1.8,31.7,0.9,114.7,162.3,0.089,1.2,137.891
Torta de maçã,331,15.6,3.8,6.7,4.2,46.4,0.0,3.0,0.0,0.0,0.3,59.1,0.078,0.2,0.02,0.0,0.1,1.5,0.1,0.009,2.1,0.0,0.0,0.0,8.8,0.02,1.4,8.8,0.2,35.0,98.8,0.077,0.2,77.358
Crosta de massa de wafers de baunilha,935,63.7,13.1,27.5,18.8,88.4,12.9,6.5,0.2,68.6,0.9,15.0,0.4,0.3,0.071,0.081,0.4,3.7,0.5,0.082,0.2,0.059,5.4,0.028,73.9,0.1,2.9,17.6,0.3,137.3,139.0,0.009,0.4,236.2
Coxinha de chocolate,881,40.8,8.6,26.4,3.7,117.4,47.9,11.1,4.9,0.0,0.9,9.1,0.0,0.6,0.1,0.0,0.5,5.6,0.3,0.049,0.0,0.0,3.3,0.078,58.2,1.4,7.8,72.8,3.3,218.4,340.3,0.033,3.8,240.2
Pudim de maçã,195,8.0,1.5,2.3,3.8,29.2,18.3,2.3,1.6,4.3,0.02,30.9,0.011,0.087,0.082,0.009,0.016,0.2,0.2,0.031,1.2,0.0,1.0,0.002,10.7,0.092,0.3,6.4,0.1,23.4,105.8,0.034,0.1,53.359
Bolo de chocolate para picar,200,8.0,2.4,4.3,0.9,30.2,18.9,1.8,1.6,0.0,0.2,9.3,0.001,0.051,0.079,0.011,0.013,0.5,0.067,0.068,1.0,0.0,0.5,0.08,58.0,0.2,1.8,18.0,0.2,43.5,88.0,0.006,0.5,102.459
Pie de frutas frita,404,20.6,3.1,9.5,6.9,54.5,27.4,3.8,3.3,0.0,0.4,48.1,0.065,0.2,0.046,0.074,0.1,1.8,0.1,0.019,1.7,0.0,2.2,0.035,28.2,0.094,1.6,12.8,0.3,55.0,83.2,0.094,0.3,113.776
Torta de abobora,316,14.4,4.9,5.7,2.8,40.9,0.0,7.0,0.0,65.1,0.3,90.7,0.1,0.1,0.091,0.086,0.3,1.2,0.7,0.077,2.6,0.0,0.0,0.0,145.7,0.1,2.0,29.5,0.3,151.9,288.3,0.058,0.7,212.686
Bolinho de milho,35,0.2,0.019,0.032,0.098,7.5,2.1,0.7,0.2,0.0,0.01,0.4,0.013,0.057,0.084,0.0,0.084,0.5,0.023,0.074,0.0,0.0,0.0,0.0,1.7,0.04,0.1,10.3,0.2,14.1,14.1,0.082,0.2,10.437
Bolinho de pão esponjoso,157,4.8,1.7,2.1,0.8,26.9,15.7,1.5,0.4,17.2,0.2,8.2,0.095,0.091,0.096,0.034,0.022,0.7,0.06,0.0,0.089,0.098,0.3,0.011,10.1,0.06,0.6,3.4,0.1,77.7,29.8,0.029,0.3,44.404
Pão danês com nozes,280,16.4,3.8,8.9,2.8,29.7,16.8,4.6,1.3,29.9,0.2,13.3,0.054,0.1,0.091,0.088,0.2,1.5,0.5,0.062,1.1,0.0,0.5,0.018,61.1,0.1,1.2,20.8,0.5,71.5,61.8,0.062,0.6,115.451
Torta de creme de chocolate,301,19.2,4.9,11.0,2.4,33.3,0.0,2.6,2.0,5.0,0.1,43.1,0.0,0.002,0.093,0.0,0.1,0.7,0.4,0.023,0.0,0.0,0.0,0.0,35.6,0.078,1.1,20.8,0.2,67.3,125.7,0.016,0.2,93.8
Bolo de anjo,72,0.2,0.071,0.095,0.1,16.2,0.0,1.7,0.4,0.0,0.2,9.3,0.0,0.095,0.039,0.035,0.1,0.2,0.046,0.058,0.0,0.0,0.0,0.0,39.2,0.058,0.1,3.4,0.012,90.7,26.0,0.095,0.055,57.8
Torta de limão com merengue,362,16.4,4.0,7.1,4.2,49.7,0.0,4.8,0.0,67.3,0.3,55.0,0.011,0.1,0.009,0.043,0.2,1.2,0.3,0.034,4.2,0.0,0.0,0.0,15.2,0.086,1.3,7.6,0.2,53.3,82.6,0.059,0.4,91.632
Pão de danesa com canela,349,16.7,3.5,10.6,1.6,46.9,0.0,4.8,0.0,27.3,0.3,18.4,0.058,0.3,0.072,0.041,0.2,2.2,0.6,0.049,2.6,0.0,0.0,0.0,37.0,0.079,1.8,14.1,0.4,73.9,95.9,0.028,0.5,109.897
Bolinho de café com canela,238,13.3,3.3,7.4,1.8,26.6,0.0,3.9,1.1,18.2,0.2,12.5,0.049,0.1,0.02,0.085,0.1,1.0,0.4,0.046,0.2,0.0,0.0,0.0,30.8,0.006,1.1,12.5,0.3,61.6,70.1,0.048,0.5,77.089
Torta de queijo,257,18.0,7.9,6.9,1.3,20.4,17.4,4.4,0.3,44.0,0.4,36.5,0.1,0.061,0.011,0.03,0.2,0.2,0.5,0.1,0.3,0.078,0.4,0.093,40.8,0.039,0.5,8.8,0.1,74.4,72.0,0.079,0.4,84.8
Pudim de frutas,139,3.9,0.5,1.8,1.4,26.5,11.8,1.2,1.6,2.2,0.013,10.9,0.06,0.004,0.063,0.0,0.063,0.3,0.015,0.008,0.2,0.0,0.4,0.032,14.2,0.082,0.9,6.9,0.067,22.4,65.8,0.033,0.1,48.507
Torta de ovos,293,12.9,6.1,3.9,1.2,31.0,31.0,14.2,0.0,236.9,0.2,222.4,0.1,0.1,0.025,0.081,0.7,0.3,1.6,0.1,0.0,0.0,0.6,0.097,301.7,0.031,1.0,31.0,0.07,318.7,417.4,0.016,1.5,360.9
Torta de carne,477,17.8,4.4,7.7,4.7,79.2,46.7,4.3,4.3,0.0,0.4,61.7,0.0,0.2,0.074,0.0,0.2,2.0,0.2,0.1,9.7,0.0,0.2,0.071,36.3,0.2,2.5,23.1,0.4,69.3,335.0,0.099,0.4,154.1
Bolo amarelo com cobertura de chocolate,546,25.6,8.3,10.4,6.8,79.7,56.5,4.6,2.2,23.0,0.4,32.2,0.0,0.032,0.0,0.0,0.1,1.2,0.2,0.0,0.0,0.0,6.5,0.089,46.1,0.2,2.9,28.8,0.3,198.7,269.3,0.084,0.6,161.1
Pão danês com frutas,335,15.9,3.3,10.1,1.6,45.1,0.0,4.8,0.0,18.8,0.3,27.3,0.043,0.3,0.093,0.016,0.2,1.8,0.6,0.005,1.6,0.0,0.0,0.0,21.6,0.059,1.4,14.1,0.2,68.6,110.0,0.052,0.5,90.454
Bolo branco com cobertura de coco,399,11.5,4.4,4.1,2.4,70.8,64.3,4.9,1.1,1.1,0.3,23.2,0.015,0.1,0.058,0.091,0.2,1.2,0.2,0.026,0.1,0.047,0.1,0.019,100.8,0.031,1.3,13.4,0.3,78.4,110.9,0.093,0.4,190.574
Pão danês com queijo,353,24.6,5.1,15.6,2.4,28.7,0.0,5.8,0.0,20.0,0.3,30.8,0.057,0.3,0.035,0.095,0.2,2.5,0.6,0.082,2.6,0.0,0.0,0.0,70.1,0.004,1.8,15.5,0.4,80.1,116.5,0.015,0.6,133.666
Crosta de tarta com cracker de Graham,917,45.4,9.1,31.0,3.1,117.7,33.2,9.3,3.5,0.0,0.9,8.0,0.0,0.3,0.1,0.0,0.4,5.9,0.3,0.1,0.0,0.0,3.4,0.058,53.1,0.4,4.8,42.1,2.4,214.1,206.8,0.039,2.3,233.8
Torta de amora azul,360,17.5,4.3,7.5,4.5,49.2,0.0,4.0,0.0,0.0,0.3,75.3,0.0,0.2,0.073,0.0,0.2,1.8,0.2,0.015,1.0,0.0,0.0,0.0,10.3,0.081,1.8,11.8,0.4,44.1,73.5,0.059,0.3,83.8
Bolo amarelo com glacê de baunilha,239,9.3,1.5,3.9,3.3,37.6,0.0,2.2,0.2,35.2,0.2,14.1,0.027,0.018,0.064,0.016,0.099,0.3,0.2,0.001,0.0,0.0,0.0,0.0,39.7,0.017,0.7,3.8,0.089,91.5,33.9,0.02,0.2,89.788
Crustă de torta,121,8.0,2.0,3.5,2.1,10.9,0.045,1.5,0.4,0.0,0.1,2.3,0.0,0.004,0.004,0.0,0.088,0.8,0.048,0.075,0.0,0.0,0.033,0.038,2.3,0.079,0.7,3.2,0.061,15.4,15.4,0.096,0.1,23.8
Bolo de chocolate com cobertura de chocolate,537,27.7,8.2,10.1,6.4,72.9,55.1,4.8,3.0,30.4,0.5,30.4,0.095,0.0,0.098,0.0,0.061,1.1,0.3,0.0,0.1,0.0,6.0,0.02,41.4,0.3,4.2,42.8,0.5,189.1,372.6,0.084,0.8,154.164
Torta de queijo e café,258,11.6,4.1,5.4,1.3,33.7,0.0,5.3,0.8,64.6,0.3,24.5,0.082,0.098,0.001,0.049,0.07,0.5,0.3,0.086,0.041,0.0,0.0,0.0,44.8,0.074,0.5,11.4,0.1,76.8,219.6,0.075,0.4,96.831
Torta de creme de vanília,350,18.1,5.1,7.6,4.3,41.1,16.0,6.0,0.8,78.1,0.3,59.2,0.1,0.2,0.064,0.086,0.3,1.2,0.5,0.006,0.6,0.076,0.6,0.01,113.4,0.018,1.3,16.4,0.2,131.0,158.8,0.024,0.7,181.4
Bolo de abacaxi,367,13.9,3.4,6.0,3.8,58.1,0.0,4.0,0.9,25.3,0.4,37.1,0.078,0.2,0.069,0.091,0.2,1.4,0.2,0.029,1.4,0.0,0.0,0.0,138.0,0.1,1.7,15.0,0.4,94.3,128.8,0.094,0.4,218.024
Torta de abacate,262,11.7,1.8,5.0,4.4,38.5,19.0,2.2,0.9,0.0,0.3,63.6,0.06,0.025,0.089,0.0,0.082,0.2,0.1,0.047,1.1,0.0,1.1,0.023,9.4,0.082,0.6,7.0,0.2,25.7,146.3,0.025,0.1,64.447
Pão de café com frutas,156,5.1,1.2,2.8,0.7,25.8,0.0,2.6,1.3,3.5,0.2,15.9,0.0,0.089,0.042,0.0,0.037,1.3,0.3,0.013,0.4,0.0,0.0,0.0,22.5,0.02,1.2,8.5,0.1,59.0,45.0,0.056,0.3,58.9
Bolo de pão de um quilo,116,6.0,3.5,1.8,0.3,14.6,0.0,1.7,0.2,66.3,0.1,7.4,0.09,0.059,0.055,0.088,0.048,0.4,0.1,0.087,0.0,0.0,0.0,0.0,10.5,0.021,0.4,3.3,0.046,41.1,35.7,0.092,0.1,33.47
Pão de bolo inglês,215,9.6,1.7,2.4,5.2,28.2,10.0,3.9,0.9,0.0,0.2,12.3,0.0,0.041,0.0,0.0,0.028,2.6,0.3,0.08,0.0,0.0,0.8,0.0,25.3,0.077,1.2,10.5,0.1,165.0,115.5,0.02,0.3,69.1
Bolo branco,264,9.2,2.4,3.9,2.3,42.3,26.3,4.0,0.6,1.5,0.2,17.2,0.043,0.1,0.037,0.07,0.2,1.1,0.1,0.02,0.1,0.0,0.073,0.04,96.2,0.003,1.1,8.9,0.1,68.8,70.3,0.033,0.2,153.59
Bolinho de café com glacê de chocolate,298,9.7,2.5,5.1,1.3,48.4,0.0,4.5,1.8,62.1,0.3,26.2,0.041,0.006,0.036,0.01,0.024,0.8,0.4,0.051,0.015,0.0,0.0,0.0,34.2,0.056,0.5,13.5,0.2,67.5,70.2,0.034,0.4,99.233
Cachorro quente de milho,38,0.3,0.074,0.06,0.1,8.0,0.001,1.0,0.3,0.0,0.05,0.5,0.0,0.079,0.068,0.0,0.06,0.6,0.002,0.076,0.0,0.0,0.073,0.005,0.9,0.067,0.2,15.9,0.037,27.7,32.7,0.079,0.4,10.7
Torta de creme de banana,3190,161.3,44.6,67.8,39.0,390.2,143.0,52.2,8.3,604.9,2.8,568.1,0.7,1.6,0.3,0.006,2.5,12.5,4.6,1.6,19.0,0.009,4.7,0.069,889.5,0.6,12.3,189.8,1.8,1091.1,1956.9,0.1,5.7,1533.5
Pão de maçã assado do McDonald's,91,4.4,1.1,2.6,0.3,12.3,4.9,0.9,0.6,0.0,0.076,10.5,0.0,0.093,0.053,0.0,0.045,0.7,0.036,0.027,9.1,0.0,0.5,0.0,5.4,0.03,0.6,2.0,0.071,10.2,17.8,0.0,0.0,33.3
Bolo de espuma,187,2.7,0.8,1.0,0.4,36.4,0.0,4.6,0.0,107.1,0.1,18.5,0.071,0.1,0.076,0.056,0.2,0.8,0.3,0.07,0.0,0.0,0.0,0.0,26.5,0.076,1.0,5.7,0.1,63.0,88.8,0.034,0.4,71.264
Bolo amarelo,245,9.9,2.7,4.2,2.4,36.0,0.0,3.6,0.5,36.7,0.2,17.1,0.094,0.1,0.086,0.016,0.2,1.0,0.2,0.038,0.1,0.0,0.0,0.0,99.3,0.099,1.1,8.2,0.1,79.6,61.9,0.037,0.3,150.51
Pão doce,98,4.0,1.1,1.7,1.0,13.7,0.0,1.7,0.0,0.8,0.1,8.0,0.005,0.058,0.027,0.099,0.039,0.7,0.005,0.055,0.07,0.0,0.0,0.0,58.0,0.076,0.7,4.5,0.08,40.5,30.0,0.097,0.1,78.182
Bolo de cereja,486,22.0,5.4,9.6,5.8,69.3,0.0,5.0,0.0,0.0,0.3,82.4,0.027,0.3,0.081,0.0,0.2,2.3,0.2,0.016,1.8,0.0,0.0,0.0,18.0,0.1,3.3,16.2,0.4,54.0,138.6,0.011,0.4,119.444
Pão de maçã holandês,397,15.8,3.2,7.9,2.9,61.0,30.2,3.0,2.2,0.0,0.3,56.3,0.008,0.3,0.033,0.0,0.07,1.5,0.1,0.0,7.8,0.0,1.3,0.071,19.2,0.2,1.2,11.0,0.3,39.7,104.1,0.038,0.3,110.281
Pão de chocolate,352,14.3,5.2,5.7,2.6,50.7,0.0,5.0,1.5,55.1,0.3,23.2,0.0,0.1,0.012,0.027,0.2,1.1,0.3,0.038,0.2,0.0,0.0,0.0,57.0,0.2,1.5,30.4,0.3,100.7,133.0,0.019,0.7,130.2
Marácuja,64,0.033,0.045,0.035,0.06,16.3,11.5,0.4,0.013,0.0,0.039,3.3,0.0,0.015,0.011,0.0,0.028,0.038,0.014,0.062,0.0,0.0,0.0,0.0,0.6,0.002,0.038,0.4,0.003,1.6,1.0,0.009,0.06,17.445
Fruta-de-abacate,72,0.2,0.009,0.031,0.095,18.2,0.0,1.6,3.4,0.0,0.045,56.4,0.0,0.0,0.066,0.024,0.0,0.093,0.7,0.2,0.2,28.0,0.0,0.0,0.0,18.5,0.075,0.5,16.2,0.0,24.6,190.2,0.083,23.644
Toffée,67,3.9,2.5,1.1,0.1,7.8,7.6,0.1,0.0,12.5,0.044,0.04,0.033,0.074,0.059,0.021,0.076,0.001,0.098,0.044,0.099,0.079,0.0,0.1,0.097,4.1,0.092,0.094,0.5,0.082,3.8,6.1,0.031,12.023
Crème fudge com nozes,123,3.9,1.1,0.7,1.9,21.1,20.1,0.8,0.3,3.7,0.075,2.3,0.064,0.079,0.012,0.018,0.077,0.042,0.046,0.041,0.074,0.0,0.087,0.056,13.3,0.012,0.1,6.8,0.1,20.7,29.1,0.016,0.2,39.577
Amendoins cobertos de chocolate,21,1.3,0.6,0.5,0.2,2.0,1.5,0.5,0.2,0.4,0.063,0.008,0.09,0.023,0.014,0.019,0.078,0.2,0.027,0.026,0.0,0.0,0.001,0.054,4.2,0.067,0.037,3.8,0.042,8.5,20.1,0.005,0.1,8.305
"Caramelo com nozes, coberto de chocolate",66,2.9,0.7,1.3,0.8,8.5,5.8,1.3,0.6,0.0,0.041,0.9,0.028,0.067,0.066,0.0,0.004,0.7,0.0,0.05,0.2,0.0,0.2,0.024,10.9,0.05,0.2,11.3,0.0,23.2,62.3,0.094,0.3,24.683
Bolinho de gengibre,263,12.1,3.1,5.3,3.1,36.4,0.0,2.9,0.0,23.7,0.2,20.7,0.036,0.1,0.088,0.027,0.1,1.3,0.3,0.1,0.082,0.0,0.0,0.0,52.5,0.1,2.1,51.8,0.5,40.0,324.9,0.082,0.3,106.123
Rolinho Nestle,24,1.0,0.6,3.4,2.9,0.2,0.078,0.009,0.0,0.0,0.0,0.0,0.0,0.0,0.0,0.0,0.0,0.0,0.0,0.0,0.0,0.0,0.0,0.0,0.0,0.0,0.0,0.0,0.0,0.0,0.0,0.0,0.0,1.234
Fudge de baunilha,108,1.5,1.0,0.4,0.084,23.2,22.6,0.3,0.0,4.2,0.04,3.1,0.063,0.013,0.056,0.076,0.012,0.093,0.015,0.095,0.0,0.0,0.067,0.026,10.8,0.036,0.036,0.8,0.045,8.5,13.9,0.004,0.089,35.944
Halavah,328,15.1,2.9,5.7,5.9,42.3,0.0,8.7,3.2,0.0,0.1,2.6,0.0,0.3,0.016,0.0,0.036,2.0,0.1,0.2,0.097,0.0,0.0,0.0,23.1,0.8,3.2,152.6,0.6,424.9,130.9,0.036,3.0,95.618
Praline,189,10.1,0.9,5.7,3.0,23.2,21.8,1.3,1.4,0.0,0.016,4.0,0.0,0.066,0.096,0.0,0.071,0.2,0.1,0.021,0.1,0.0,0.2,0.033,16.8,0.2,0.5,19.1,0.7,40.6,84.6,0.021,0.7,53.4
Barragem de suco de fruta,67,0.089,0.0,0.0,0.026,15.6,13.5,0.9,0.8,0.0,0.011,60.3,0.0,0.022,0.032,0.0,0.055,0.1,0.099,0.094,7.3,0.0,0.0,0.092,3.9,0.0,0.1,3.1,0.1,4.6,40.8,0.007,0.068,28.671
Peanut brittle,138,5.4,1.2,2.3,1.3,20.2,14.5,2.1,0.7,3.4,0.1,0.2,0.051,0.015,0.046,0.0,0.098,0.7,0.1,0.029,0.0,0.0,0.7,0.06,7.6,0.086,0.3,11.9,0.2,30.0,47.5,0.037,0.2,36.343
Bacalhau,21,0.2,0.1,0.07,0.076,4.8,4.3,0.079,0.0,0.5,0.039,0.3,0.076,0.008,0.0,0.0,0.087,0.093,0.075,0.0,0.0,0.0,0.059,0.092,0.2,0.062,0.02,0.0,0.076,0.04,0.2,0.011,0.001,5.351
Frijoles de café de chocolate,155,9.4,5.1,3.9,0.4,15.6,14.4,2.1,1.6,5.7,0.006,0.7,0.049,0.007,0.016,0.063,0.011,0.052,0.1,0.002,0.0,0.0,0.1,0.04,47.8,0.1,0.6,18.1,0.2,53.2,116.9,0.056,0.6,77.127
Nougat com amendoins,56,0.2,0.2,0.0,0.0,12.9,11.7,0.5,0.5,0.0,0.061,0.3,0.0,0.058,0.044,0.0,0.045,0.083,0.044,0.001,0.096,0.0,0.4,0.0,4.5,0.051,0.082,4.5,0.043,7.7,14.7,0.062,0.051,18.658
Carob,135,7.8,7.3,0.1,0.028,14.1,8.5,2.0,1.0,0.3,0.015,0.4,0.0,0.0,0.02,0.087,0.086,0.027,0.3,0.2,0.007,0.1,0.0,0.4,0.051,75.8,0.011,0.3,9.0,0.059,31.5,158.3,0.087,25.013
Pudim de manteiga de amendoim,62,1.1,0.3,0.5,0.3,12.4,11.7,0.6,0.1,0.5,0.085,1.7,0.081,0.064,0.09,0.095,0.07,0.2,0.028,0.052,0.0,0.0,0.2,0.068,6.7,0.016,0.072,3.2,0.077,10.9,19.0,0.007,0.021,21.055
Amandos com casca de açúcar,17,0.6,0.016,0.4,0.1,2.4,2.2,0.4,0.013,0.0,0.021,0.094,0.0,0.08,0.033,0.0,0.098,0.046,0.029,0.092,0.0,0.0,0.4,0.0,3.5,0.073,0.061,4.8,0.091,5.8,8.9,0.009,0.085,6.936
Marshmallow coberta a chocolate,118,4.7,1.3,2.6,0.5,19.0,12.5,1.1,0.6,0.0,0.002,2.8,0.043,0.07,0.002,0.098,0.027,0.2,0.1,0.087,0.093,0.0,0.022,0.03,12.9,0.013,0.7,10.1,0.061,27.2,51.0,0.076,0.2,39.096
Uvas passas cobertas com chocolate,390,14.8,10.3,3.1,0.6,68.4,62.2,4.1,3.1,3.0,0.021,11.2,0.059,0.018,0.016,0.066,0.2,0.4,0.3,0.08,0.2,0.0,0.3,0.054,86.0,0.4,1.7,45.0,0.4,143.0,514.0,0.053,1.3,178.329
Goma de mascarar sem açúcar,5,0.013,0.09,0.081,0.038,1.9,0.0,0.0,0.078,0.0,0.001,0.067,0.0,0.0,0.0,0.0,0.0,0.0,0.0,0.0,0.0,0.0,0.0,0.0,0.4,0.0,0.0,0.0,0.0,0.0,0.0,0.03,0.0,2.378
Chewing gum,11,0.032,0.058,0.06,0.015,2.9,2.0,0.0,0.012,0.0,0.083,0.067,0.0,0.0,0.0,0.0,0.0,0.0,0.0,0.0,0.0,0.0,0.0,0.0,0.0,0.0,0.0,0.0,0.0,0.0,0.05,0.045,0.0,2.973
Soro de chocolate,109,0.4,0.2,0.1,0.011,25.4,19.4,0.8,1.0,0.0,0.061,12.1,0.0,0.055,0.096,0.0,0.099,0.1,0.096,0.089,0.009,0.0,0.086,0.049,5.5,0.2,0.8,25.4,0.1,50.3,87.4,0.08,0.3,33.955
Sírup de fudge de chocolate,67,1.7,0.8,0.7,0.086,12.0,6.6,0.9,0.5,0.2,0.084,4.1,0.07,0.015,0.079,0.029,0.077,0.02,0.073,0.046,0.023,0.0,0.5,0.035,9.3,0.076,0.2,9.1,0.013,18.4,54.0,0.044,0.2,24.726
M&M's leite morno de chocolate,207,8.9,5.5,2.2,0.4,29.9,26.7,1.8,1.2,5.9,0.018,0.7,0.086,0.097,0.016,0.063,0.08,0.1,0.1,0.015,0.2,0.0,0.2,0.032,44.1,0.1,0.5,18.5,0.1,61.3,109.6,0.064,0.7,86.651
Leite com chocolate e amendoins,216,14.1,7.3,4.9,1.2,21.9,18.0,3.7,2.5,7.8,0.051,0.6,0.049,0.02,0.06,0.093,0.2,0.3,0.2,0.047,0.084,0.0,1.3,0.016,91.8,0.2,0.7,36.9,0.3,108.2,182.0,0.067,0.5,134.811
Chocolate fudge,70,1.8,1.1,0.5,0.055,13.0,12.4,0.4,0.3,2.4,0.032,1.7,0.067,0.028,0.062,0.061,0.029,0.054,0.011,0.044,0.0,0.0,0.075,0.068,8.3,0.059,0.3,6.1,0.044,12.1,22.8,0.01,0.2,24.119
Chocolote com arroz cereais,0,0.0,0.0,0.0,0.0,0.0,0.0,0.0,0.0,0.0,0.0,0.0,0.0,0.0,0.0,0.0,0.0,0.0,0.0,0.0,0.0,0.0,0.0,0.0,0.0,0.0,0.0,0.0,0.0,0.0,0.0,0.0,0.0,0.0
"M&M's peanut chocolate Mars

Translation: M&M's amendoim chocolate Mars",93,4.7,1.8,1.5,0.6,10.9,9.1,1.7,0.7,1.4,0.017,0.4,0.035,0.064,0.097,0.051,0.062,0.6,0.1,0.061,0.0,0.0,0.5,0.086,18.4,0.057,0.2,12.4,0.1,34.2,62.5,0.099,0.3,36.623
Chocolate escuro,165,9.7,5.7,2.9,0.3,18.0,13.8,1.5,2.2,2.1,0.013,0.3,0.074,0.0,0.052,0.0,0.077,0.004,0.2,0.084,0.064,0.0,0.0,0.2,0.087,17.1,0.3,2.4,45.6,0.4,64.2,170.4,0.033,31.848
Chocolate semisweet,806,50.4,29.8,16.7,1.6,107.4,91.6,7.1,9.9,0.0,0.042,1.2,0.0,0.023,0.094,0.0,0.2,0.7,0.2,0.036,0.0,0.0,0.4,0.066,53.8,1.2,5.3,193.2,1.3,221.8,613.2,0.055,2.7,233.9
"Depois de oito minutos, Nestlé",36,1.0,0.7,0.0,0.0,6.7,5.6,0.1,0.2,0.0,0.025,0.5,0.0,0.0,0.0,0.0,0.0,0.0,0.0,0.0,0.0,0.0,0.0,0.0,1.1,0.0,0.062,0.0,0.0,0.0,0.0,0.0,0.0,9.163
Chocolate de leite,37,2.1,1.3,0.5,0.036,4.2,3.6,0.5,0.2,1.6,0.045,0.1,0.049,0.097,0.033,0.01,0.066,0.079,0.087,0.089,0.0,0.0,0.003,0.017,13.2,0.083,0.2,4.4,0.014,14.6,26.0,0.007,0.2,20.464
Chocolate branco,162,9.6,5.8,2.7,0.3,17.8,17.7,1.8,0.081,6.3,0.009,0.4,0.072,0.072,0.051,0.022,0.091,0.2,0.2,0.042,0.2,0.0,0.3,0.082,59.7,0.01,0.025,3.6,0.1,52.8,85.8,0.073,0.2,89.212
O chocolate,208,14.0,8.2,4.6,0.4,24.8,21.1,1.6,2.3,0.0,0.001,0.2,0.0,0.094,0.069,0.0,0.026,0.3,0.019,0.091,0.0,0.0,0.1,0.074,9.8,0.2,1.1,46.3,0.2,60.3,118.9,0.018,0.6,53.6
Twix Mars Uma sentença apenas,146,7.2,5.5,0.9,0.2,18.8,14.0,1.4,0.3,2.0,0.064,1.2,0.081,0.062,0.048,0.007,0.036,0.073,0.3,0.03,0.099,0.2,0.0,0.2,0.085,30.7,0.042,0.2,7.8,0.071,30.5,53.9,0.065,27.86
Kit Kat Nestle,62,3.3,2.2,0.6,0.097,7.6,6.5,0.7,0.2,1.1,0.022,0.1,0.0,0.0,0.094,0.047,0.0,0.071,0.035,0.065,0.0,0.2,0.0,0.0,0.0,16.6,0.059,0.1,0.2,0.0,13.4,35.3,0.0,11.843
Snickers Mars,280,13.6,5.2,4.5,1.7,35.1,28.8,4.3,1.3,7.4,0.1,3.2,0.2,0.009,0.015,0.089,0.078,0.092,2.1,0.3,0.077,0.3,0.0,0.9,0.015,53.0,0.2,0.4,41.0,0.2,108.3,184.1,0.0,54.826
"""Caminho Celestial de Leite",264,10.0,7.0,1.3,0.2,41.3,34.6,2.3,0.6,5.2,0.021,3.7,0.1,0.065,0.085,0.079,0.011,0.081,0.0,0.09,0.068,0.4,0.072,0.5,0.038,66.7,0.047,0.3,11.6,0.095,38.9,71.9,0.073,54.438
Barra Clif,235,4.0,1.0,0.7,1.5,44.5,21.5,10.0,5.0,0.0,0.1,7.5,0.0,0.4,0.076,0.055,0.3,3.0,1.5,0.4,60.0,0.0,0.2,0.089,250.2,0.3,4.5,100.0,1.5,199.9,280.2,0.048,3.0,378.2
Drops de goma,18,0.042,0.05,0.1,0.012,4.4,3.5,0.0,0.0,0.0,0.008,0.6,0.0,0.0,0.0,0.0,0.0,0.0,0.0,0.0,0.0,0.0,0.0,0.0,0.0,0.0,0.0,0.0,0.0,0.0,0.0,0.058,0.0,4.418
Skittles Wild Berry Mars,249,2.6,2.6,0.0,0.0,56.3,47.1,0.1,0.0,0.0,0.036,2.4,0.0,0.0,0.0,0.0,0.0,0.0,0.0,0.0,41.6,0.0,0.0,0.0,0.0,0.0,0.0,0.0,0.0,0.0,0.0,0.0,0.0,100.6
Skittles original Mars,251,2.7,2.6,0.0,0.0,56.3,47.0,0.1,0.0,0.0,0.025,2.4,0.0,0.0,0.0,0.0,0.033,0.037,0.016,0.097,41.4,0.0,0.1,0.036,0.0,0.087,0.0,0.6,0.073,0.6,7.4,0.044,0.03,100.5
Skittles Tropical Mars,251,2.7,0.0,0.0,0.0,56.3,47.0,0.1,0.0,0.0,0.095,2.4,0.0,0.0,0.0,0.0,0.0,0.0,0.0,0.0,41.6,0.0,0.0,0.0,0.0,0.0,0.0,0.0,0.0,0.0,0.0,0.0,0.0,100.7
Cera de frutas,52,0.4,0.025,0.2,0.05,12.0,6.9,0.029,0.0,0.0,0.0,1.4,0.0,0.051,0.081,0.0,0.05,0.03,0.078,0.016,16.8,0.0,0.02,0.003,4.5,0.06,0.1,2.8,0.083,4.3,41.2,0.034,0.014,33.811
Taffy,60,0.5,0.3,0.1,0.045,13.7,10.3,0.087,0.0,1.4,0.028,0.7,0.096,0.026,0.011,0.0,0.0,0.046,0.018,0.013,0.0,0.0,0.0,0.062,0.034,1.2,0.0,0.016,0.0,0.0,0.2,0.5,0.054,14.358
Essências de bis e macarrões,23,0.0,0.0,5.6,4.0,0.0,0.0,0.0,0.0,0.0,0.0,0.0,0.0,0.0,0.0,0.0,0.0,0.0,0.0,0.0,0.0,0.0,0.0,0.0,0.0,0.0,0.0,0.0,0.0,0.0,0.0,0.0,0.0,0.0
Caraméis,39,0.8,0.3,0.2,0.4,7.8,6.6,0.5,0.0,0.7,0.015,0.9,0.021,0.005,0.061,0.03,0.04,0.094,0.092,0.088,0.024,0.0,0.002,0.014,13.9,0.06,0.049,1.7,0.006,11.5,21.6,0.087,0.057,23.208
Caramelo duro,24,0.067,0.0,0.0,0.0,5.9,3.8,0.0,0.0,0.0,0.021,0.05,0.0,0.021,0.0,0.0,0.084,0.039,0.09,0.035,0.0,0.0,0.0,0.0,0.2,0.071,0.038,0.2,0.082,0.2,0.3,0.052,0.059,6.182
Conchitas de goma,4,0.043,0.0,0.0,0.0,1.0,0.8,0.0,0.083,0.0,0.076,0.051,0.0,0.04,0.0,0.0,0.017,0.099,0.098,0.09,0.0,0.0,0.0,0.0,0.08,0.038,0.029,0.055,0.013,0.027,0.4,0.052,0.032,1.216
Jellies,56,0.069,0.033,0.059,0.071,14.7,10.8,0.005,0.2,0.0,0.016,6.3,0.0,0.055,0.098,0.0,0.1,0.039,0.045,0.046,0.2,0.0,0.0,0.063,1.5,0.012,0.084,1.3,0.096,1.3,11.3,0.1,0.041,16.779
Semente de trigo tostada,115,3.2,0.5,0.5,2.0,14.9,2.3,8.7,4.5,0.0,0.06,1.7,0.0,0.5,0.1,0.0,0.2,1.7,0.4,0.3,1.8,0.0,4.8,0.098,13.5,0.2,2.7,96.0,6.0,343.8,284.1,0.047,5.0,49.3
Arroz integral crocante,124,1.1,0.2,0.3,0.5,27.5,2.9,2.3,2.3,0.0,0.086,1.0,0.0,0.034,0.046,0.0,0.084,0.7,0.0,0.051,0.0,0.0,0.043,0.0,9.0,0.067,0.4,28.2,0.0,90.6,76.2,0.034,0.5,42.6
Flakes de aveia da Asda,109,0.6,0.2,19.5,3.6,0.2,0.0,0.0,0.0,0.0,0.0,0.0,0.0,0.0,0.0,0.0,0.0,0.0,0.0,0.0,0.0,0.0,0.0,0.0,0.0,0.0,0.0,0.0,0.0,0.0,0.0,0.0,0.0,0.8
Amarant cozido,251,3.9,0.0,0.0,0.0,46.0,0.0,9.3,5.2,0.0,0.095,184.9,0.0,0.048,0.025,0.0,0.033,0.6,0.0,0.3,0.0,0.0,0.5,0.0,115.6,0.4,5.2,159.9,2.1,364.1,332.1,0.074,2.1,185.2
Triticale,645,4.0,0.7,0.4,1.8,138.5,0.0,25.1,0.0,0.0,0.049,20.2,0.0,0.8,0.1,0.0,0.3,2.7,2.5,0.3,0.0,0.0,1.7,0.0,71.0,0.9,4.9,249.6,6.2,687.4,637.4,0.0,6.6,243.5
Aveia crua,42,0.1,0.041,0.096,0.038,9.3,0.094,1.2,1.9,0.0,0.016,1.2,0.0,0.017,0.002,0.0,0.096,0.6,0.035,0.034,0.0,0.0,0.052,0.061,3.5,0.059,0.3,9.5,0.2,26.5,33.6,0.019,0.3,16.3
Bulgur seco,171,0.7,0.1,0.06,0.3,37.9,0.2,6.1,9.2,0.0,0.071,4.5,0.0,0.1,0.076,0.0,0.018,2.6,0.5,0.2,0.0,0.0,0.093,0.044,17.5,0.2,1.2,82.0,1.5,150.0,205.0,0.073,1.0,72.6
Sementes de algodão tostadas,754,54.1,14.5,10.3,26.9,32.6,0.0,48.6,8.2,0.0,0.073,6.9,0.0,1.1,0.3,0.0,0.4,4.5,0.7,1.2,13.4,0.0,0.0,0.0,149.0,1.8,8.0,655.6,3.2,1192.0,2011.5,0.0,8.9,313.9
Bran de arroz,373,24.6,4.9,8.9,8.8,58.6,1.1,15.8,24.8,0.0,0.036,7.2,0.0,3.2,0.028,0.0,0.3,40.1,8.7,4.8,0.0,0.0,5.8,0.051,67.3,0.9,21.9,921.6,16.8,1978.9,1752.3,0.018,7.1,213.0
Pão indiano chapati,491,2.5,2.5,99.9,17.5,0.089,68.4,7.0,0.0,0.0,0.0,0.0,0.0,0.0,0.0,0.0,0.0,0.0,0.0,0.0,0.0,0.0,0.0,0.0,0.0,0.0,0.0,0.0,0.0,0.0,0.0,0.0,0.0,9.551
Quinoa cozida,222,3.6,0.4,1.0,2.0,39.4,1.6,8.1,5.2,0.0,0.026,132.5,0.0,0.2,0.084,0.0,0.2,0.8,0.0,0.2,0.0,0.0,1.2,0.0,31.5,0.4,2.8,118.4,1.2,281.2,318.2,0.058,2.0,90.6
Dar vida Swiss Original,116,3.1,0.3,17.8,2.8,0.5,0.0,0.0,0.0,0.0,0.0,0.0,0.0,0.0,0.0,0.0,0.0,0.0,0.0,0.0,0.0,0.0,0.0,0.0,0.0,0.0,0.0,0.0,0.0,0.0,0.0,0.0,0.0,3.6
Teff cozido,255,1.6,0.0,0.0,0.0,50.0,0.0,9.8,7.1,0.0,0.053,188.8,0.0,0.5,0.016,0.0,0.056,2.3,0.0,0.2,0.0,0.0,0.0,0.0,123.5,0.6,5.2,126.0,7.2,302.4,269.6,0.0,2.8,197.2
Couscousseco,650,1.1,0.2,0.2,0.4,134.0,0.0,22.1,8.7,0.0,0.031,14.8,0.0,0.3,0.059,0.0,0.1,6.0,2.2,0.2,0.0,0.0,0.0,0.0,41.5,0.4,1.9,76.1,1.3,294.1,287.2,0.0,1.4,209.3
"I think there might be some confusion! Weetabix is a brand of wheat biscuits, and it doesn't have any specific nutritional value or scientific concept However, if you'd like me to translate the text ""Weetabix Weetabix"" to Portuguese, I can do that for you:

Weetabix Weetabix",2078,11.5,396.1,68.9,57.4,0.0,0.0,0.0,0.0,0.0,0.0,0.0,0.0,0.0,0.0,0.0,0.0,0.0,0.0,0.0,0.0,0.0,0.0,0.0,0.0,0.0,0.0,0.0,0.0,0.0,0.0,0.0,0.0,11.5
Avena branada cozida,88,1.9,0.4,0.6,0.7,25.1,0.0,7.0,5.7,0.0,0.082,184.0,0.0,0.4,0.022,0.0,0.017,0.3,0.5,0.073,0.0,0.0,0.0,0.0,21.9,0.1,1.9,87.6,2.1,260.6,201.5,0.023,1.2,63.5
Avena cozida,155,1.0,0.2,0.3,0.3,33.5,1.5,5.7,4.5,0.0,0.053,127.1,0.0,0.079,0.066,0.0,0.087,1.6,0.6,0.1,0.0,0.0,0.2,0.031,11.8,0.2,1.3,85.7,0.7,117.6,147.8,0.044,1.0,57.8
Aveia instantânea,74,0.7,0.1,0.2,0.4,16.8,0.1,2.7,0.6,0.0,0.076,0.5,0.0,0.072,0.044,0.0,0.099,0.9,0.0,0.08,0.0,0.0,0.1,0.029,1.7,0.1,0.6,22.3,0.0,55.9,8.4,0.084,0.3,23.1
Fibra de avena crua,23,0.5,0.077,0.2,0.2,4.9,0.1,1.3,1.2,0.0,0.036,32.4,0.0,0.5,0.091,0.0,0.06,0.084,0.017,0.0,0.0,5.6,0.044,0.4,18.0,51.6,40.0,0.2,0.0,0.0,0.0,0.0,0.0,65.9
Óleo de milho popado,64,4.8,0.8,1.1,2.6,5.0,0.027,0.8,0.9,0.0,0.018,0.1,0.0,0.074,0.052,0.0,0.099,0.1,0.1,0.067,0.086,0.0,0.3,0.08,0.4,0.062,0.2,8.7,0.051,21.9,20.0,0.03,0.3,12.109
Kamut cozido,251,1.6,0.0,0.0,0.0,52.4,0.0,11.1,6.7,0.0,0.038,105.6,0.0,0.2,0.017,0.0,0.06,4.7,0.0,0.1,0.0,0.0,0.0,0.0,17.2,0.4,3.5,96.3,2.1,304.4,347.4,0.058,3.0,92.5
Bran de trigo,125,2.5,0.4,0.4,1.3,37.4,0.2,9.0,24.8,0.0,0.015,5.7,0.0,0.3,0.005,0.0,0.3,7.9,1.3,0.8,0.0,0.0,0.9,0.01,42.3,0.6,6.1,354.4,6.7,587.5,685.6,0.066,4.2,122.1
Popcorn de queijo,58,3.7,0.7,1.1,1.7,5.7,0.0,1.0,1.1,1.2,0.002,0.3,0.09,0.009,0.06,0.076,0.017,0.2,0.089,0.015,0.074,0.0,0.0,0.0,12.4,0.044,0.2,10.0,0.097,39.7,28.7,0.096,0.2,24.284
Raisin Bran Crunch Kellogg's,90,0.5,0.0,0.0,0.0,21.2,9.0,1.9,0.0,0.0,0.0,0.0,0.0,0.0,0.0,0.0,0.0,0.0,0.0,0.0,0.0,0.0,0.0,0.0,0.0,0.0,0.0,0.0,0.0,0.0,0.0,0.0,0.0,23.6
Cuscus cozido,176,0.3,0.091,0.063,0.1,36.5,0.2,6.0,2.2,0.0,0.054,113.9,0.0,0.026,0.087,0.0,0.092,1.5,0.6,0.058,0.0,0.0,0.2,0.046,12.6,0.065,0.6,12.6,0.1,34.5,91.1,0.01,0.4,58.2
Cheerios Multigrão da General Mills,4,0.005,0.0,0.08,0.095,1.0,0.2,0.038,0.1,0.072,0.0,0.0,0.0,0.0,0.0,0.0,0.0,0.0,0.0,0.0,0.0,0.0,0.0,0.0,0.0,0.0,0.0,0.0,0.0,0.0,0.0,0.0,0.0,1.248
Bulgar cozido,151,0.4,0.053,0.083,0.2,33.8,0.2,5.6,8.2,0.0,0.049,141.5,0.0,0.1,0.022,0.0,0.017,1.8,0.6,0.2,0.0,0.0,0.051,0.093,18.2,0.1,1.7,58.2,1.1,72.8,123.8,0.026,1.0,67.9
Popcorn à base ar,31,0.4,0.011,0.014,0.2,6.2,0.086,1.0,1.2,0.0,0.016,0.3,0.0,0.031,0.099,0.0,0.092,0.2,0.097,0.057,0.0,0.0,0.097,0.071,0.6,0.02,0.3,11.5,0.092,28.6,26.3,0.0,0.2,9.7
Teff cru,708,4.6,0.9,1.1,2.1,141.1,3.6,25.7,15.4,0.0,0.053,17.0,0.0,0.8,0.0,0.0,0.5,6.5,1.8,0.9,0.0,0.0,0.2,0.03,347.4,1.6,14.7,355.1,17.8,828.0,824.1,0.038,7.0,548.9
Azeitonas cozidas,246,1.6,0.0,0.0,0.0,51.3,0.0,10.7,7.6,0.0,0.041,129.1,0.0,0.2,0.066,0.0,0.087,5.0,0.0,0.2,0.0,0.0,0.5,0.0,19.4,0.4,3.2,95.1,2.1,291.0,277.4,0.042,2.4,93.8
Avena crua,756,8.4,1.4,1.5,4.3,145.7,0.0,22.0,17.0,0.0,0.013,17.3,0.0,0.8,0.2,0.0,0.6,9.4,1.7,0.8,0.0,0.0,0.1,0.027,16.0,1.5,6.0,228.0,3.3,570.0,390.0,0.0,3.4,215.1
Arroz doce não torrado,106,1.2,0.2,0.3,0.7,20.9,0.3,3.1,3.6,0.0,0.001,3.0,0.0,0.087,0.001,0.0,0.051,0.5,0.1,0.054,0.0,0.0,0.026,0.0,1.4,0.042,0.9,34.8,0.3,84.6,77.5,0.0,0.8,31.1
Arroz integral cozido,150,1.0,0.1,0.1,0.5,33.2,0.2,4.8,3.9,0.0,0.6,202.3,0.0,0.2,0.085,0.0,0.1,2.2,0.4,0.2,0.0,0.0,0.6,0.056,16.9,0.2,1.5,53.2,1.4,167.0,171.8,0.025,1.2,61.3
Culminho de trigo,214,1.4,0.2,0.2,0.6,45.9,0.0,8.1,1.2,0.0,0.026,51.6,0.0,0.2,0.023,0.0,0.2,3.3,1.0,0.3,2.8,0.0,0.0,0.0,30.2,0.3,2.3,88.6,2.0,216.0,182.5,0.004,1.8,91.9
Farinha integral seca,96,0.6,0.031,0.095,0.3,21.1,0.1,3.1,2.7,0.0,0.036,2.8,0.0,0.1,0.053,0.0,0.087,1.4,0.3,0.1,0.0,0.0,0.4,0.092,11.2,0.1,0.9,34.2,0.9,106.1,108.9,0.031,0.7,39.6
Popcorn caramelizado,122,3.6,1.0,0.8,1.3,22.4,15.1,1.1,1.5,1.4,0.069,0.8,0.066,0.044,0.079,0.0,0.086,0.6,0.018,0.052,0.0,0.0,0.3,0.094,12.2,0.054,0.5,9.9,0.1,23.5,30.8,0.067,0.2,41.396
Avena inflada,44,0.1,0.025,0.0,0.0,9.6,0.0,1.8,0.5,0.0,0.03,0.4,0.0,0.3,0.092,0.0,0.2,4.2,0.092,0.041,0.0,0.0,0.0,0.0,3.4,0.086,3.8,17.4,0.2,42.6,41.8,0.084,0.3,19.2
Pão de trigo misto com sementes de girassol da Aldi,82,3.1,9.9,2.5,0.0,0.0,0.0,0.0,0.0,0.0,0.0,0.0,0.0,0.0,0.0,0.0,0.0,0.0,0.0,0.0,0.0,0.0,0.0,0.0,0.0,0.0,0.0,0.0,0.0,0.0,0.0,0.0,0.0,3.1
Gérmene de trigo,112,3.0,0.5,0.4,1.9,16.1,0.0,7.2,4.1,0.0,0.037,3.4,0.0,0.6,0.087,0.0,0.2,2.1,0.7,0.4,0.0,0.0,0.0,0.0,12.1,0.2,1.9,74.1,4.1,261.0,276.5,0.056,3.8,44.4
Popcorn micro-ondas,465,26.3,12.7,9.2,3.6,49.8,0.3,7.3,8.7,0.0,0.6,0.8,0.7,0.072,0.073,0.034,0.0,0.073,1.4,0.2,0.3,0.0,0.0,2.5,0.052,20.0,0.2,1.8,95.7,0.7,239.3,341.9,0.004,93.352
Milho cozido,207,1.7,0.3,0.3,0.9,41.2,0.2,6.1,2.3,0.0,0.046,124.3,0.0,0.2,0.088,0.0,0.1,2.3,0.3,0.2,0.0,0.0,0.019,0.021,5.2,0.3,1.1,76.6,0.5,174.0,107.9,0.094,1.6,57.6
Kamut cru,627,4.1,0.4,0.4,1.1,130.9,15.2,27.3,16.9,0.0,0.012,20.4,0.035,0.0,1.1,0.0,0.0,0.3,11.8,1.7,0.5,0.0,0.0,1.1,0.043,44.6,1.0,8.2,249.2,5.3,718.0,829.6,0.1,180.788
Trigo durum,651,4.7,0.9,0.7,1.9,136.6,0.0,26.3,0.0,0.0,0.032,21.0,0.0,0.8,0.054,0.0,0.2,12.9,1.8,0.8,0.0,0.0,0.0,0.0,65.3,1.1,6.8,276.5,5.8,975.4,827.5,0.2,8.0,239.7
Milho,651,6.3,0.9,1.9,2.6,143.3,0.0,21.7,12.1,0.0,0.045,17.7,0.0,0.5,0.0,0.0,0.3,5.6,0.0,0.0,0.0,0.0,0.0,0.0,53.8,0.0,8.4,0.0,0.0,551.0,672.0,0.0,0.0,245.6
Trigo branco,657,3.3,0.5,0.4,1.4,145.7,0.8,21.7,23.4,0.0,0.094,18.4,0.0,0.7,0.058,0.0,0.2,8.4,1.8,0.7,0.0,0.0,1.9,0.089,61.4,0.7,8.8,178.6,7.3,681.6,829.4,0.0,6.4,264.3
Centeio,571,2.8,0.3,0.4,1.3,128.2,1.7,17.5,25.5,0.0,0.078,17.9,0.0,0.5,0.036,0.0,0.4,7.2,2.5,0.5,0.0,0.0,1.4,0.092,40.6,0.6,4.4,185.9,4.4,561.1,861.9,0.032,4.5,219.0
Avena crua,588,4.2,0.7,0.8,2.2,122.1,11.9,25.4,18.6,0.0,0.076,19.2,0.0,0.6,0.056,0.0,0.2,11.9,1.9,0.4,0.0,0.0,1.4,0.037,47.0,0.9,7.7,236.6,5.2,697.7,675.1,0.051,5.7,225.0
Avena-brava crua,41,0.4,0.007,0.1,0.1,8.6,0.0,1.6,1.2,0.0,0.054,1.2,0.0,0.054,0.03,0.0,0.015,0.8,0.1,0.005,0.0,0.0,0.0,0.0,2.2,0.1,0.3,27.7,0.2,41.6,55.2,0.094,0.3,14.3
Mel e Cereal Geral Mills,104,2.0,21.2,3.0,188.0,3.0,0.0,0.0,0.0,0.0,0.0,0.0,0.0,0.0,0.0,0.0,0.0,0.0,0.0,0.0,0.0,0.0,0.0,0.0,0.0,0.0,0.0,0.0,0.0,0.0,0.0,0.0,0.0,5.0
Avena cozida,193,0.7,0.1,0.039,0.3,44.3,0.4,3.5,6.0,0.0,0.064,108.0,0.0,0.1,0.008,0.0,0.037,3.2,0.2,0.2,0.0,0.0,0.098,0.057,17.3,0.2,2.1,34.5,0.4,84.8,146.0,0.073,1.3,73.9
Avena,39,0.7,0.1,0.2,0.3,6.6,0.0,1.7,1.1,0.0,0.074,0.8,0.0,0.01,0.085,0.0,0.026,0.016,0.1,0.032,0.0,0.0,0.0,0.0,5.4,0.006,0.5,17.7,0.5,52.3,42.9,0.0,0.4,16.0
"Amaranto cru: 0 kcal, 0g de proteínas, 0g de lipídios, 0g de carboidratos, 0mg de colesterol, 0% da DV",37,0.7,0.1,0.2,0.3,6.5,0.2,1.4,0.7,0.0,0.077,1.1,0.0,0.084,0.065,0.0,0.004,0.073,0.1,0.024,0.4,0.0,0.1,0.0,15.9,0.048,0.8,24.8,0.3,55.7,50.8,0.05,0.3,26.4
A semolina,601,1.8,0.3,0.2,0.7,121.6,0.0,21.2,6.5,0.0,0.097,21.2,0.0,1.4,0.3,0.0,1.0,10.0,1.0,0.2,0.0,0.0,0.4,0.0,28.4,0.3,7.3,78.5,1.0,227.1,310.6,0.1,1.8,186.8
Quinoa seco,221,3.6,0.4,1.0,2.0,38.5,0.0,8.5,4.2,0.0,0.026,8.0,0.0,0.2,0.1,0.0,0.2,0.9,0.5,0.3,0.0,0.0,1.5,0.0,28.2,0.4,2.7,118.2,1.2,274.2,337.8,0.056,1.9,85.7
Avena ralada,155,1.0,0.2,0.2,0.6,36.2,0.4,5.2,5.5,0.0,0.086,2.8,0.0,0.1,0.002,0.0,0.01,2.4,0.1,0.5,4.6,0.0,0.0,0.041,23.0,0.2,1.4,61.2,1.2,170.2,173.0,0.06,1.4,76.9
Cipó,5,0.0,0.0,0.0,0.0,1.0,0.074,0.2,0.9,0.0,0.031,17.6,0.0,0.075,0.005,0.0,0.054,0.082,0.089,0.012,0.1,0.0,0.0,0.021,10.3,0.03,0.2,12.0,0.1,8.6,58.7,0.091,0.064,12.7
Barra de granola de amendoim,116,5.7,0.8,1.7,2.9,15.0,8.2,2.4,0.7,0.0,0.006,0.6,0.062,0.006,0.01,0.0,0.008,0.5,0.1,0.023,0.012,0.0,1.3,0.095,9.8,0.02,0.6,13.2,0.3,33.4,69.8,0.061,0.3,34.218
Barra de tipo vanilla mirtilo,49,1.4,8.4,2.5,0.7,0.9,0.096,0.0,0.0,0.0,0.0,0.0,0.0,0.0,0.0,0.0,0.0,0.0,0.0,0.0,0.0,0.0,0.0,0.0,0.0,0.0,0.0,0.0,0.0,0.0,0.0,0.0,0.0,2.3
Barra de granola de coco,150,9.1,6.4,1.4,0.9,15.6,9.7,1.5,1.8,0.0,0.006,1.7,0.0,0.041,0.008,0.053,0.064,0.1,0.0,0.056,0.1,0.0,0.019,0.072,11.9,0.045,0.5,15.8,0.0,43.6,71.9,0.053,0.3,40.5
Barra de granola de amendoins,119,6.1,3.0,1.9,0.9,14.9,0.0,1.8,1.2,0.0,0.067,0.7,0.0,0.031,0.009,0.0,0.0,0.1,0.1,0.077,0.0,0.0,0.0,0.0,7.7,0.017,0.6,19.4,0.3,54.7,65.5,0.06,0.4,32.3
Barrinha de granola com Chips de Chocolate,105,3.9,2.7,0.6,0.3,17.3,0.0,1.8,1.1,0.0,0.062,0.6,0.0,0.076,0.014,0.0,0.071,0.1,0.1,0.057,0.1,0.0,0.0,0.0,18.5,0.008,0.7,17.3,0.4,49.0,60.2,0.018,0.5,43.38
Barra de granola de frutas,82,0.2,0.034,0.032,0.093,18.6,13.3,1.4,1.8,0.0,0.028,3.3,0.0,0.006,0.007,0.002,0.009,0.034,0.0,0.4,0.4,0.0,0.071,0.099,0.7,0.003,1.0,12.0,0.0,29.3,52.8,0.052,0.3,24.1
Barra de granola,99,4.2,0.5,0.9,2.5,13.5,6.0,2.1,1.1,0.0,0.084,0.8,0.0,0.059,0.011,0.0,0.061,0.3,0.2,0.003,0.2,0.0,0.4,0.022,12.8,0.081,0.6,20.4,0.4,58.2,70.6,0.027,0.4,34.5
Barra de amendoim,209,13.5,1.9,6.7,4.3,19.0,16.9,6.2,1.6,0.0,0.059,0.6,0.0,0.051,0.042,0.0,0.093,3.2,0.3,0.089,0.0,0.0,1.6,0.0,31.2,0.3,0.4,44.0,0.5,123.2,162.8,0.043,1.6,71.9
Barra de cereais com leite,103,2.7,2.3,0.3,0.01,18.0,11.5,1.6,0.1,1.5,0.087,2.2,0.085,0.2,0.094,0.046,0.2,2.0,0.1,0.2,3.9,0.027,0.1,0.002,102.5,0.028,1.5,5.3,0.055,38.8,63.5,0.041,0.2,130.334
Barra de arroz com amendoins,128,5.7,1.1,2.1,2.2,18.1,0.0,2.0,1.0,0.0,0.0,1.9,0.0,0.4,0.0,0.0,0.4,4.9,0.2,0.5,3.2,0.0,0.0,0.0,20.7,0.057,1.8,19.9,0.4,46.8,64.1,0.0,1.5,52.5
Quadrados de frutas e nozes,55,1.3,0.1,0.2,1.0,10.3,6.4,0.3,0.3,0.0,0.086,1.9,0.0,0.033,0.021,0.0,0.014,0.008,0.099,0.049,0.065,0.0,0.004,0.068,2.4,0.054,0.1,3.5,0.052,7.6,11.5,0.068,0.034,14.762
Barra de cereal de arroz e trigo,90,2.0,0.0,1.4,0.5,16.0,7.0,2.0,0.4,0.0,0.1,1.7,0.0,0.2,0.013,0.0,0.2,2.0,0.018,0.2,0.0,0.0,0.6,0.058,6.8,0.01,0.6,10.1,0.3,29.9,31.5,0.097,0.4,27.8
Barra de arroz torrado,113,3.8,1.5,1.1,1.0,20.4,0.0,1.4,0.6,0.0,0.01,2.0,0.0,0.1,0.019,0.0,0.2,2.0,0.0,0.2,0.0,0.0,0.0,0.0,5.9,0.045,1.8,13.4,0.3,37.5,47.0,0.02,0.2,33.9
Arroz integral cru,685,5.4,1.1,2.0,1.9,142.9,1.6,14.7,6.5,0.0,0.086,19.2,0.0,0.7,0.014,0.0,0.2,9.4,2.8,0.9,0.0,0.0,2.2,0.024,42.6,0.5,2.7,264.6,6.9,616.1,412.6,0.038,3.7,214.8
Arroz pilaf cozido,352,8.8,1.8,3.7,3.0,61.1,0.6,7.0,1.4,0.0,1.0,158.2,0.055,0.4,0.0,0.0,0.012,4.4,0.6,0.3,0.0,0.0,0.6,0.0,69.0,0.1,2.0,26.2,0.7,114.2,164.2,0.049,0.9,149.399
Arroz cru com sabor de carne de boi,657,2.3,0.0,0.0,0.0,139.1,0.0,19.8,2.9,0.0,2.4,15.1,0.0,1.3,0.0,0.0,0.2,9.7,1.0,0.3,0.0,0.0,0.3,0.0,58.6,0.3,5.2,62.2,1.7,228.8,309.3,0.068,2.5,227.9
Arroz selvagem cozido,166,0.6,0.078,0.03,0.3,35.0,1.2,6.5,3.0,0.0,0.008,121.2,0.0,0.044,0.051,0.0,0.1,2.1,0.3,0.2,0.0,0.0,0.4,0.047,4.9,0.2,1.0,52.5,0.5,134.5,165.6,0.016,2.2,51.0
Arroz bravo cru,571,1.7,0.2,0.3,1.1,119.8,4.0,23.6,9.9,0.0,0.051,12.4,0.0,0.2,0.2,0.0,0.4,10.8,1.7,0.6,0.0,0.0,1.3,0.004,33.6,0.8,3.1,283.2,2.1,692.8,683.2,0.025,9.5,191.7
"Arroz congee com carne de porco, camarão e lula mais ovos",178,0.3,39.3,2.8,0.0,0.0,0.0,0.0,0.0,0.0,0.0,0.0,0.0,0.0,0.0,0.0,0.0,0.0,0.0,0.0,0.0,0.0,0.0,0.0,0.0,0.0,0.0,0.0,0.0,0.0,0.0,0.0,0.0,0.3
"Arroz branco, macarrão cozido",246,5.7,1.1,2.3,1.9,43.3,0.0,5.1,5.1,2.0,1.1,144.9,0.0,0.2,0.074,0.0,0.2,3.6,0.6,0.2,0.4,0.0,0.0,0.0,16.2,0.048,1.9,24.2,0.4,74.7,84.8,0.0,0.6,77.7
Arroz temperado com sabor de frango crua,601,2.2,0.7,0.6,0.8,127.3,4.0,17.9,2.0,0.0,2.1,13.8,0.0,1.0,0.0,0.0,0.2,8.6,0.9,0.3,0.0,0.0,0.3,0.0,30.2,0.3,4.7,52.1,1.7,211.7,257.0,0.011,2.3,184.3
Arroz branco instantâneo crudo,361,0.9,0.1,0.1,0.2,78.2,0.026,7.4,1.8,0.0,0.039,8.0,0.0,0.9,0.3,0.0,0.044,6.7,0.4,0.1,0.0,0.0,0.079,0.095,20.9,0.2,6.0,13.3,0.9,112.1,25.7,0.011,1.4,115.2
Crackers de arroz,107,0.4,0.065,0.017,0.09,24.1,2.3,1.8,0.2,0.0,0.2,1.1,0.2,0.6,0.0,0.0,0.7,7.3,0.006,0.8,12.9,0.0,0.003,0.0,1.4,0.08,2.9,6.7,0.3,26.9,30.2,0.096,0.3,43.9
Arroz integral branco cozido a vapor,692,1.9,0.5,0.5,0.6,149.6,0.6,13.9,3.3,0.0,0.055,18.2,0.0,1.1,0.5,0.0,0.054,9.3,1.2,0.8,0.0,0.0,0.088,0.078,131.4,0.5,6.2,50.0,1.9,283.1,321.9,0.038,1.9,306.3
Arroz branco instantâneo cozido,193,0.8,0.088,0.1,0.032,41.4,0.0,3.6,1.0,0.0,0.001,118.8,0.0,0.1,0.1,0.0,0.059,2.9,0.075,0.059,0.0,0.0,0.008,0.0,13.2,0.088,2.9,8.3,0.6,61.1,14.9,0.006,0.8,62.9
Arroz pilaf crudo,732,2.8,0.0,0.0,0.0,155.7,3.1,21.3,2.4,0.0,2.7,16.4,0.088,1.2,0.0,0.0,0.2,12.5,1.5,0.8,0.0,0.0,0.066,0.0,169.3,0.3,5.0,65.3,1.8,314.2,383.5,0.037,2.1,356.56
Bolo de cracker de arroz,111,1.2,0.2,0.4,0.4,23.0,0.2,2.0,1.2,0.0,0.097,1.6,0.0,0.011,0.092,0.0,0.049,2.2,0.0,0.057,0.0,0.0,0.4,0.063,3.1,0.1,0.4,37.1,0.0,101.9,121.1,0.06,0.8,30.9
Arroz branco cozido à vagem,194,0.6,0.1,0.1,0.1,41.2,0.2,4.6,1.4,0.0,0.088,111.2,0.0,0.3,0.1,0.0,0.098,3.6,0.5,0.2,0.0,0.0,0.074,0.0,30.0,0.1,2.9,14.2,0.6,86.9,88.5,0.055,0.6,80.7
Arroz branco cozido,199,0.4,0.0,0.0,0.0,44.7,0.0,4.2,1.2,0.0,0.009,82.5,0.0,0.031,0.01,0.0,0.012,0.7,0.0,0.006,0.0,0.0,0.0,0.0,6.6,0.027,0.5,6.6,0.6,43.6,26.4,0.0,0.9,57.6
Pão de arroz castanho,35,0.3,0.062,0.083,0.005,7.3,0.047,0.7,0.4,0.0,0.024,0.5,0.0,0.013,0.025,0.0,0.079,0.7,0.012,0.071,0.0,0.0,0.1,0.096,1.0,0.08,0.1,11.8,0.3,32.4,26.1,0.099,0.3,9.8
Arroz branco glutinoso crudo,685,1.0,0.2,0.4,0.4,151.1,0.0,12.6,5.2,0.0,0.015,19.4,0.0,0.3,0.017,0.0,0.1,4.0,1.5,0.2,0.0,0.0,0.0,0.0,20.4,0.3,3.0,42.6,1.8,131.4,142.5,0.038,2.2,193.3
Arroz branco pasta crua,600,4.0,0.7,1.0,1.6,122.8,0.0,15.3,0.0,3.3,3.0,11.6,0.0,1.2,0.3,0.007,0.4,11.4,1.1,0.2,1.0,0.0,0.0,0.0,75.0,0.4,6.5,65.2,1.7,257.5,340.7,0.099,2.0,224.6
Arroz branco glutinoso cozido,169,0.3,0.056,0.1,0.1,36.7,0.078,3.5,1.7,0.0,0.027,133.3,0.0,0.01,0.012,0.0,0.025,0.5,0.4,0.033,0.0,0.0,0.031,0.0,3.5,0.017,0.2,8.7,0.5,13.9,17.4,0.072,0.7,45.9
Arroz integral cozido,218,1.6,0.3,0.6,0.6,45.8,0.7,4.5,3.5,0.0,0.086,142.3,0.0,0.2,0.007,0.0,0.016,2.6,0.6,0.3,0.0,0.0,0.074,0.071,19.5,0.2,1.0,85.8,1.8,150.2,154.1,0.093,1.2,75.9
Arroz cozido com sabor de carne de boi,319,7.9,2.1,3.5,2.9,54.4,0.0,7.0,1.5,0.0,0.9,175.2,0.0,0.4,0.0,0.0,0.04,3.3,0.4,0.022,0.0,0.0,0.7,0.0,24.7,0.1,2.2,24.7,0.6,81.5,118.6,0.063,1.0,97.7
Arroz branco cozido,205,0.4,0.1,0.1,0.1,44.5,0.015,4.3,0.6,0.0,0.077,108.1,0.0,0.3,0.073,0.0,0.009,2.3,0.6,0.1,0.0,0.0,0.031,0.0,15.8,0.1,1.9,19.0,0.7,67.9,55.3,0.059,0.8,67.5
Arroz cozido com sabor de frango,317,8.0,1.7,3.3,2.7,54.8,1.5,6.2,1.6,0.0,0.9,161.5,0.068,0.3,0.0,0.0,0.018,3.3,0.4,0.1,0.0,0.0,0.6,0.0,16.3,0.1,2.2,23.3,0.7,83.9,135.1,0.088,1.1,89.138
Arroz branco cru,675,1.2,0.3,0.4,0.3,147.9,0.2,13.2,2.4,0.0,0.081,21.5,0.0,1.1,0.4,0.0,0.091,7.8,1.9,0.3,0.0,0.0,0.2,0.08,51.8,0.4,8.0,46.3,2.0,212.8,212.8,0.057,2.0,224.5
Queijo imitação,441,36.2,6.6,16.0,12.0,1.1,1.1,28.3,0.0,17.0,0.8,42.9,0.1,0.053,0.098,0.034,0.4,0.093,0.0,0.034,0.0,0.0,0.3,0.037,796.7,0.05,0.8,33.9,0.0,598.9,62.2,0.063,3.4,863.2
Queijo de Cheshire,110,8.7,5.5,2.5,0.2,1.4,0.0,6.6,0.0,29.1,0.2,10.7,0.004,0.082,0.074,0.071,0.099,0.071,0.1,0.075,0.0,0.0,0.0,0.0,182.0,0.035,0.005,5.9,0.02,131.3,26.9,0.006,0.8,198.767
Queijo Monterey,421,34.2,21.5,9.9,1.0,0.8,0.6,27.7,0.0,100.6,0.7,46.3,0.2,0.068,0.002,0.022,0.4,0.1,0.2,0.072,0.0,0.089,0.3,0.036,843.0,0.019,0.8,30.5,0.061,501.7,91.5,0.021,3.4,906.7
Queijo Edam,107,8.3,5.6,2.4,0.2,0.4,0.0,7.5,0.0,26.7,0.3,12.5,0.03,0.08,0.048,0.086,0.1,0.004,0.029,0.014,0.0,0.055,0.03,0.084,219.3,0.072,0.1,9.0,0.08,160.8,56.4,0.028,1.1,235.628
Queijo fontina,420,33.6,20.7,9.4,1.8,1.7,1.7,27.6,0.0,125.3,0.9,41.0,0.3,0.018,0.1,0.044,0.2,0.2,0.5,0.072,0.0,0.044,0.3,0.021,594.0,0.087,0.2,15.1,0.03,373.7,69.1,0.052,3.8,657.4
Queijo de Monterey baixo em gordura,350,24.4,15.9,6.4,0.9,0.8,0.6,31.9,0.0,73.5,0.6,52.0,0.2,0.04,0.049,0.007,0.4,0.1,0.0,0.077,0.0,0.002,0.2,0.074,796.7,0.089,0.8,30.5,0.0,501.7,91.5,0.03,3.4,854.8
Queijo colby,445,36.3,22.8,10.5,1.1,2.9,0.6,26.8,0.0,107.4,0.7,43.2,0.3,0.029,0.071,0.089,0.4,0.1,0.2,0.084,0.0,0.053,0.3,0.073,774.1,0.047,0.9,29.4,0.01,516.4,143.5,0.023,3.5,841.3
Queijo americano,93,7.9,4.5,2.1,0.3,0.9,0.6,4.5,0.0,25.0,0.4,9.9,0.036,0.064,0.069,0.012,0.068,0.023,0.1,0.06,0.0,0.007,0.2,0.093,261.3,0.034,0.2,6.5,0.086,160.3,33.0,0.014,0.6,274.886
Queijo azul,106,8.6,5.6,2.3,0.2,0.7,0.2,6.4,0.0,22.5,0.3,12.7,0.018,0.008,0.03,0.011,0.1,0.3,0.5,0.015,0.0,0.087,0.09,0.047,158.4,0.004,0.063,6.9,0.054,116.1,76.8,0.035,0.8,174.154
Meloe,66,0.5,0.066,0.1,0.2,15.8,11.8,1.6,2.6,0.0,0.0,131.4,0.0,0.0,0.026,0.037,0.0,0.032,1.7,0.3,0.007,8.1,0.0,1.2,0.081,9.0,0.1,0.4,13.5,0.002,39.0,301.5,0.0,20.735
Mirtilo dourado,51,0.2,0.008,0.099,0.051,12.8,10.0,0.8,1.1,0.0,0.046,66.8,0.091,0.0,0.051,0.058,0.07,0.2,0.4,0.067,130.7,0.0,1.1,0.074,13.8,0.1,0.2,9.7,0.072,20.3,255.2,0.003,0.077,159.686
Nozes de opuntia cru,8,0.072,0.0,0.0,0.0,1.9,0.2,0.001,1.0,0.0,0.065,17.0,0.0,0.058,0.0,0.0,0.038,0.04,0.0,0.078,2.1,0.0,0.0,0.018,34.2,0.051,0.021,13.1,0.1,2.1,24.7,0.023,0.073,39.263
Pessego,45,0.1,0.074,0.001,0.087,11.8,8.9,0.5,1.3,0.0,0.099,77.4,0.0,0.0,0.085,0.033,0.0,0.014,0.5,0.2,0.1,43.0,0.0,0.078,0.061,11.7,0.091,0.3,10.8,0.8,7.2,98.1,0.061,13.97
Acerola,253,4.6,0.6,0.0,0.0,54.5,32.1,5.2,14.1,0.0,0.083,162.8,0.0,0.0,0.0,0.0,0.0,0.0,0.0,0.0,58.8,0.0,0.0,0.0,34.2,2.4,5.0,73.0,0.4,118.6,298.7,0.0,1.0,176.4
Uvas de muscadine,3,0.056,0.0,0.0,0.0,0.8,0.0,0.014,0.2,0.0,0.024,5.1,0.0,0.0,0.046,0.0,0.0,0.0,0.0,0.0,0.0,0.0,0.0,0.0,2.2,0.023,0.014,0.8,0.1,1.4,12.2,0.0,0.027,3.38
Amoras de mirtilo pela manhã,17,0.2,0.039,2.5,2.4,0.4,0.0,0.0,0.0,0.0,0.0,0.0,0.0,0.0,0.0,0.0,0.0,0.0,0.0,0.0,0.0,0.0,0.0,0.0,0.0,0.0,0.0,0.0,0.0,0.0,0.0,0.0,0.0,0.6
Azeitonas cozidas,316,0.7,0.085,0.5,0.1,83.2,0.0,3.4,0.0,0.0,0.039,190.4,0.0,0.1,0.0,0.0,0.011,2.8,0.3,0.5,0.0,0.0,0.0,0.0,67.2,0.6,3.3,58.8,0.3,103.6,988.4,0.0,0.7,157.8
Laranja,40,0.2,0.07,0.097,0.05,10.1,8.0,0.6,1.4,0.0,0.056,64.7,0.0,0.068,0.05,0.0,0.024,0.3,0.2,0.096,20.3,0.0,0.2,0.0,28.1,0.001,0.1,9.1,0.057,15.2,126.2,0.008,0.078,60.8
Amoras,237,0.5,0.057,0.3,0.1,62.3,0.0,2.6,0.0,0.0,0.076,2.8,0.0,0.093,0.042,0.0,0.1,2.1,0.3,0.5,0.0,0.0,0.0,0.0,50.4,0.4,2.5,44.8,0.2,78.4,740.6,0.0,0.5,118.3
Corteza de limão,1,0.002,0.057,0.024,0.095,0.3,0.054,0.032,0.2,0.0,0.028,1.6,0.0,0.007,0.025,0.0,0.018,0.046,0.055,0.011,2.6,0.0,0.061,0.0,2.7,0.015,0.032,0.3,0.0,0.2,3.2,0.048,0.036,5.934
Banana,134,0.5,0.2,0.096,0.1,34.3,18.3,1.6,3.9,0.0,0.055,112.4,0.0,0.0,0.085,0.045,0.0,0.1,1.0,0.5,0.6,13.1,0.0,0.2,0.035,7.5,0.1,0.4,40.5,0.4,33.0,537.0,0.049,41.084
Mirtilos,5,0.034,0.005,0.063,0.098,1.2,0.4,0.1,0.7,0.0,0.054,8.6,0.0,0.0,0.067,0.064,0.0,0.074,0.097,0.087,0.068,2.6,0.0,0.025,0.031,2.5,0.034,0.015,2.2,0.017,2.9,15.1,0.028,2.207
Amendoim,17,0.1,0.03,0.099,0.028,3.9,3.2,0.5,0.7,0.0,0.02,30.2,0.0,0.0,0.017,0.038,0.0,0.012,0.2,0.09,0.026,3.5,0.0,0.3,0.039,4.6,0.012,0.1,3.5,0.056,8.1,90.7,0.031,5.334
Morango guaiaba,4,0.008,0.039,0.004,0.041,1.0,0.0,0.01,0.3,0.0,0.059,4.8,0.0,0.0,0.0,0.0,0.062,0.064,0.0,0.0,2.2,0.0,0.0,0.0,1.3,0.0,0.071,1.0,0.0,1.6,17.5,0.0,0.0,4.931
Frutas de kiwi verde,42,0.4,0.095,0.084,0.2,10.1,6.2,0.8,2.1,0.0,0.096,57.3,0.0,0.0,0.067,0.089,0.0,0.066,0.2,0.1,0.086,64.0,0.0,1.0,0.091,23.5,0.002,0.2,11.7,0.064,23.5,215.3,0.034,13.588
"Figs: Uma sentença apenas, sem explicações",37,0.2,0.068,0.008,0.078,9.6,8.1,0.4,1.5,0.0,0.049,39.6,0.0,0.043,0.046,0.0,0.03,0.2,0.2,0.083,1.0,0.0,0.001,0.027,17.5,0.079,0.2,8.5,0.024,7.0,116.0,0.083,0.06,30.4
Laranja-clementina,35,0.1,0.0,0.0,0.0,8.9,6.8,0.6,1.3,0.0,0.044,64.1,0.0,0.0,0.052,0.063,0.0,0.06,0.5,0.1,0.018,36.1,0.0,0.1,0.0,22.2,0.093,0.1,7.4,0.035,15.5,131.0,0.0,10.954
Laranja,86,0.2,0.008,0.099,0.005,21.6,17.2,1.7,4.4,0.0,0.0,159.6,0.0,0.0,0.2,0.08,0.0,0.089,0.5,0.5,0.1,97.9,0.0,0.3,0.0,73.6,0.094,0.2,18.4,0.057,25.8,333.0,0.035,28.073
Pirâmula Bartlett,112,0.3,0.0,0.0,0.0,26.6,17.2,0.7,5.5,0.0,0.047,148.9,0.0,0.051,0.023,0.0,0.018,0.3,0.04,0.01,7.8,0.0,0.2,0.028,15.9,0.1,0.3,10.6,0.091,19.5,178.8,0.044,0.1,57.1
Mirtilos roxos,63,0.2,0.043,0.091,0.089,15.5,8.3,1.6,4.8,0.0,0.056,94.0,0.0,0.03,0.016,0.0,0.059,0.1,0.06,0.062,45.9,0.0,0.1,0.093,37.0,0.1,1.1,14.6,0.2,49.3,308.0,0.079,0.3,106.1
Mirtilos,84,0.5,0.047,0.043,0.2,21.4,14.7,1.1,3.6,0.0,0.015,124.6,0.0,0.0,0.086,0.074,0.0,0.016,0.6,0.2,0.058,14.4,0.0,0.8,0.041,8.9,0.063,0.4,8.9,0.5,17.8,114.0,0.027,26.767
Morangos,6,0.049,0.004,0.016,0.065,1.5,1.2,0.2,0.3,0.0,0.021,13.2,0.0,0.0,0.005,0.092,0.0,0.075,0.013,0.0,0.025,5.5,0.0,0.1,0.074,5.9,0.041,0.3,2.7,0.0,5.7,29.1,0.083,2.163
Mirtilo,2,0.029,0.0,0.0,0.0,0.5,0.0,0.034,0.0,0.0,0.063,2.5,0.0,0.051,0.0,0.0,0.058,0.042,0.0,0.075,0.4,0.0,0.0,0.0,0.6,0.0,0.054,0.5,0.0,0.5,2.4,0.0,0.0,1.624
Puré de damasco,46,0.02,0.038,0.0,0.0,11.7,7.0,0.4,0.6,0.0,0.036,5.4,0.0,0.0,0.053,0.0,0.0,0.0,0.5,0.057,0.0,0.8,0.0,0.0,0.0,5.6,0.0,0.5,0.0,0.0,13.0,153.4,0.0,12.709
Sorva de maçã,102,0.2,0.028,0.036,0.09,27.5,22.9,0.4,2.7,0.0,0.031,215.3,0.0,0.0,0.07,0.029,0.0,0.085,0.2,0.1,0.08,2.4,0.0,0.4,0.043,9.8,0.014,0.6,7.3,0.074,12.2,180.6,0.007,30.923
Mirtilos crus,62,0.7,0.076,0.03,0.4,13.8,7.0,2.0,7.6,0.0,0.05,126.9,0.0,0.03,0.045,0.0,0.054,0.9,0.4,0.037,30.2,0.0,1.7,0.082,41.8,0.2,0.9,28.8,0.9,31.7,233.3,0.008,0.8,97.0
Mirtilo,30,0.2,0.062,0.003,0.022,7.5,6.5,0.5,0.9,0.0,0.0,57.6,0.0,0.0,0.077,0.036,0.0,0.021,0.3,0.033,0.038,6.3,0.0,0.2,0.047,4.0,0.056,0.1,4.6,0.016,10.6,103.6,0.0,9.21
Uvas americanas,2,0.087,0.029,0.082,0.074,0.4,0.4,0.035,0.09,0.0,0.056,2.0,0.0,0.06,0.049,0.0,0.025,0.045,0.05,0.061,0.032,0.0,0.027,0.052,0.3,0.094,0.099,0.1,0.1,0.2,4.6,0.03,0.091,0.93
Pessego,59,0.4,0.034,0.1,0.1,14.3,12.6,1.4,2.3,0.0,0.0,133.3,0.0,0.0,0.035,0.004,0.0,0.06,1.2,0.2,0.075,9.9,0.0,1.1,0.042,9.0,0.1,0.4,13.5,0.03,30.0,285.0,0.069,18.643
Melão de mel,64,0.2,0.055,0.049,0.1,16.1,14.4,1.0,1.4,0.0,0.062,159.0,0.0,0.092,0.052,0.0,0.066,0.7,0.3,0.2,31.9,0.0,0.043,0.083,10.6,0.007,0.3,17.7,0.003,19.5,403.6,0.099,0.2,61.5
Plátano amarelo frito,399,12.7,3.1,3.9,3.8,68.9,36.8,2.4,5.4,0.0,0.079,82.9,0.0,0.1,0.0,0.0,0.061,1.4,1.0,0.5,0.0,0.0,1.9,0.05,10.1,0.2,1.0,76.1,0.5,72.7,856.8,0.077,0.4,100.5
Brosquilas,206,0.4,0.0,0.0,0.0,48.5,3.3,2.0,30.6,0.0,0.035,74.5,0.0,0.048,0.085,0.0,0.2,1.7,1.0,0.078,541.0,0.0,7.4,0.05,214.6,0.1,1.3,87.6,1.3,77.5,544.8,0.0,0.3,838.4
Limões,17,0.2,0.063,0.046,0.031,5.4,1.5,0.6,1.6,0.0,0.045,51.6,0.0,0.085,0.023,0.0,0.066,0.056,0.1,0.085,30.7,0.0,0.075,0.0,15.1,0.09,0.3,4.6,0.036,9.3,80.0,0.044,0.065,53.9
Limão,20,0.1,0.087,0.002,0.095,7.1,1.1,0.5,1.9,0.0,0.082,59.1,0.0,0.067,0.07,0.0,0.034,0.1,0.1,0.055,19.5,0.0,0.1,0.085,22.1,0.052,0.4,4.0,0.013,12.1,68.3,0.076,0.011,51.6
Romã,117,1.6,0.2,0.1,0.1,26.4,19.3,2.4,5.6,0.0,0.042,109.9,0.0,0.0,0.008,0.059,0.0,0.004,0.4,0.5,0.1,14.4,0.0,0.8,0.066,14.1,0.2,0.4,16.9,0.2,50.8,332.8,0.09,36.33
Groseiras,66,0.9,0.001,0.06,0.5,15.3,0.0,1.3,6.5,0.0,0.074,131.8,0.0,0.0,0.068,0.084,0.0,0.007,0.5,0.4,0.1,41.6,0.0,0.6,0.0,37.5,0.1,0.5,15.0,0.2,40.5,297.0,0.097,24.2
Piripiri asiática,51,0.3,0.009,0.091,0.091,13.0,8.6,0.6,4.4,0.0,0.0,107.7,0.0,0.1,0.071,0.0,0.073,0.3,0.05,0.079,4.6,0.0,0.1,0.059,4.9,0.067,0.0,9.8,0.01,13.4,147.6,0.015,0.041,27.8
Abiu Valor nutricional: não disponível,157,0.2,0.065,0.0,0.0,40.1,19.5,3.4,12.1,0.0,0.093,182.2,0.0,0.0,0.0,0.0,0.0,0.0,0.0,0.0,123.3,0.0,0.0,0.0,18.2,0.1,3.7,54.7,0.4,107.2,693.1,0.0,0.7,201.0
"Melão corno, kiwano",92,2.6,0.0,0.0,0.0,15.8,0.0,3.7,0.0,0.0,0.095,185.9,0.0,0.042,0.04,0.0,0.016,1.2,0.4,0.1,11.1,0.0,0.0,0.0,27.2,0.043,2.4,83.6,0.043,77.3,257.1,0.0,1.0,62.8
Salada de noz e frutas da McDonald's,312,13.3,1.8,2.1,8.5,43.8,32.9,4.8,0.0,5.3,0.017,200.5,0.0,0.1,0.061,0.041,0.1,0.3,0.4,0.3,383.6,0.0,0.0,0.0,171.6,0.3,0.9,34.3,0.0,129.4,0.0,0.0,0.7,618.0
Laranja-grape,53,0.2,0.092,0.048,0.006,13.3,8.6,1.0,2.0,0.0,0.0,110.1,0.0,0.0,0.051,0.01,0.0,0.032,0.3,0.3,0.027,39.0,0.0,0.2,0.0,27.5,0.087,0.1,11.3,0.067,22.5,168.8,0.032,16.592
Mirtilo japonês,118,0.3,0.089,0.077,0.086,31.2,21.1,1.0,6.0,0.0,0.067,134.9,0.0,0.0,0.063,0.018,0.0,0.027,0.2,0.0,0.2,12.6,0.0,1.2,0.066,13.4,0.2,0.3,15.1,0.6,28.6,270.5,0.024,38.927
Mirtilos silvestres,81,0.4,0.0,0.0,0.0,18.0,7.2,1.5,9.8,0.0,0.09,109.8,0.0,0.091,0.023,0.0,0.1,1.3,0.4,0.1,34.3,0.0,0.7,0.071,46.8,0.1,0.8,33.8,0.5,53.3,227.5,0.0,0.6,111.6
Maçã Pink Lady,18,0.1,0.0,0.0,0.0,3.9,0.0,0.1,0.0,0.0,0.0,0.0,0.0,0.0,0.0,0.0,0.0,0.0,0.0,0.0,0.0,0.0,0.0,0.0,0.0,0.0,0.0,0.0,0.0,0.0,0.0,0.0,0.0,4.1
Acerolas de maraschino,8,0.083,0.06,0.015,0.033,2.1,1.9,0.06,0.2,0.0,0.072,2.9,0.0,0.0,0.0,0.0,0.0,0.06,0.088,0.017,0.0,0.0,0.069,0.068,2.7,0.089,0.091,0.2,0.063,0.2,1.1,0.018,0.031,5.19
Mirtilos,71,0.5,0.019,0.081,0.2,17.2,0.0,1.6,0.0,0.0,0.075,91.8,0.0,0.01,0.0,0.0,0.096,0.3,0.4,0.016,202.7,0.0,1.1,0.0,61.6,0.015,1.7,26.9,0.3,66.1,360.6,0.0,0.3,285.3
Banana-da-terra cozida,179,0.3,0.1,0.02,0.052,48.0,21.6,1.2,3.5,0.0,0.079,103.6,0.0,0.064,0.005,0.0,0.036,1.2,0.4,0.4,16.8,0.0,0.2,0.024,3.1,0.1,0.9,49.3,0.0,43.1,716.1,0.087,0.2,73.8
Maçã-do-crab,84,0.3,0.064,0.022,0.018,21.9,0.0,0.4,0.0,0.0,0.03,86.8,0.0,0.055,0.0,0.0,0.077,0.1,0.0,0.0,8.8,0.0,0.0,0.0,19.8,0.069,0.4,7.7,0.1,16.5,213.4,0.0,0.0,51.6
Pó de potes maternos,19,0.2,0.2,4.8,3.8,0.2,0.068,0.0,0.0,0.0,0.0,0.0,0.0,0.0,0.0,0.0,0.0,0.0,0.0,0.0,0.0,0.0,0.0,0.0,0.0,0.0,0.0,0.0,0.0,0.0,0.0,0.0,0.0,0.4
Maçã,95,0.3,0.043,0.002,0.094,25.1,18.9,0.5,4.4,0.0,0.062,155.7,0.0,0.0,0.094,0.03,0.0,0.084,0.2,0.1,0.03,8.4,0.0,0.3,0.044,10.9,0.086,0.2,9.1,0.01,20.0,194.7,0.0,30.438
Melão cantalupo,60,0.3,0.071,0.079,0.1,14.4,13.9,1.5,1.6,0.0,0.087,159.6,0.0,0.0,0.051,0.013,0.0,0.098,1.3,0.2,0.1,65.0,0.0,0.015,0.028,15.9,0.018,0.4,21.2,0.064,26.6,472.6,0.082,17.939
Cactus cozido,7,0.043,0.0,0.0,0.0,1.6,0.0,0.091,0.0,0.0,0.0,5.7,0.0,0.035,0.0,0.0,0.027,0.095,0.0,0.093,0.5,0.0,0.0,0.0,0.0,0.0,0.0,0.0,0.0,0.0,0.0,0.0,0.0,2.226
Guava,37,0.5,0.1,0.054,0.2,7.9,4.9,1.4,3.0,0.0,0.056,44.4,0.0,0.0,0.052,0.007,0.0,0.049,0.6,0.2,0.069,125.6,0.0,0.4,0.019,9.9,0.1,0.1,12.1,0.02,22.0,229.4,0.078,12.956
Mamães,4,0.069,0.057,0.06,0.036,0.9,0.6,0.01,0.2,0.0,0.068,10.9,0.0,0.063,0.012,0.0,0.026,0.052,0.097,0.092,7.1,0.0,0.079,0.062,1.9,0.089,0.04,1.6,0.083,2.9,18.4,0.027,0.091,10.261
Mirtilo japonês seco,93,0.2,0.0,0.0,0.0,25.0,0.0,0.5,4.9,0.0,0.002,7.8,0.0,0.0,0.0,0.0,0.053,0.019,0.0,0.0,0.0,0.0,0.0,0.0,8.5,0.2,0.3,10.5,0.5,27.5,272.7,0.0,0.1,39.4
Melão,86,0.4,0.026,0.1,0.1,21.6,17.7,1.7,1.1,0.0,0.043,261.5,0.0,0.0,0.089,0.07,0.0,0.037,0.5,0.6,0.1,23.2,0.0,0.1,0.016,20.0,0.1,0.7,28.6,0.1,31.5,320.3,0.089,25.025
Amoras-velhas,106,0.7,0.005,0.1,0.4,26.7,0.0,1.0,10.2,0.0,0.042,115.7,0.0,0.1,0.041,0.0,0.061,0.7,0.2,0.3,52.2,0.0,0.0,0.0,55.1,0.047,2.3,7.3,0.0,56.6,406.0,0.097,0.2,148.2
Kumquat Uma sentença apenas: Kumquatro,13,0.2,0.063,0.037,0.042,3.0,1.8,0.4,1.2,0.0,0.018,15.4,0.0,0.0,0.042,0.087,0.0,0.078,0.046,0.077,0.013,8.3,0.0,0.02,0.0,11.8,0.092,0.2,3.8,0.052,3.6,35.3,0.0,4.882
Cascas de laranja,6,0.017,0.046,0.073,0.07,1.5,0.0,0.093,0.6,0.0,0.023,4.4,0.0,0.063,0.003,0.0,0.019,0.018,0.03,0.075,8.2,0.0,0.039,0.0,9.7,0.095,0.097,1.3,0.0,1.3,12.7,0.048,0.012,20.111
Talos de póquer cozinhas,33,0.7,0.0,0.0,0.0,5.1,2.6,3.8,2.5,0.0,0.4,153.3,0.0,0.1,0.005,0.0,0.4,1.8,0.074,0.2,135.3,0.0,1.4,0.2,87.5,0.2,2.0,23.1,0.6,54.5,303.6,0.02,0.3,236.9
Nozoes de panqueca,227,0.5,0.1,0.05,0.1,59.7,24.2,2.4,10.8,0.0,0.057,155.4,0.0,0.0,0.2,0.07,0.0,0.031,2.0,1.0,0.2,63.8,0.0,0.2,0.045,37.4,0.2,1.2,55.0,0.1,66.0,1078.0,0.008,73.872
Pêra,101,0.2,0.019,0.1,0.2,27.1,17.4,0.6,5.5,0.0,0.07,149.4,0.0,0.063,0.005,0.0,0.072,0.3,0.035,0.079,7.7,0.0,0.2,0.022,16.0,0.1,0.3,12.5,0.082,21.4,206.5,0.051,0.2,57.4
Amoras ácidas,52,0.3,0.069,0.023,0.09,12.5,8.7,1.0,1.6,0.0,0.071,88.7,0.0,0.0,0.025,0.026,0.0,0.079,0.4,0.1,0.053,10.3,0.0,0.012,0.02,16.5,0.1,0.3,9.3,0.1,15.5,178.2,0.0,15.607
Plantaína crua,218,0.6,0.3,0.002,0.1,57.1,31.3,2.3,3.0,0.0,0.082,116.7,0.1,0.1,0.002,0.0,0.1,1.2,0.5,0.4,32.9,0.0,0.3,0.01,5.4,0.1,1.0,64.4,0.0,57.3,871.7,0.068,0.3,102.4
Mirtilos pretos congelados,97,0.6,0.017,0.006,0.4,23.7,16.1,1.8,7.6,0.0,0.007,124.1,0.0,0.07,0.001,0.0,0.068,1.8,0.2,0.0,4.7,0.0,1.8,0.1,43.8,0.2,1.2,33.2,1.8,45.3,211.4,0.027,0.4,83.4
Morcegos,5,0.056,0.053,0.093,0.047,1.3,1.0,0.068,0.2,0.0,0.0,6.6,0.0,0.0,0.071,0.063,0.0,0.011,0.052,0.083,0.079,0.6,0.0,0.005,0.053,1.0,0.026,0.015,0.9,0.004,1.7,17.8,0.0,1.715
Batata-doce frita,16,0.6,0.2,0.2,0.1,2.6,0.2,0.023,0.2,0.0,0.065,1.9,0.0,0.084,0.059,0.0,0.099,0.025,0.081,0.023,0.2,0.0,0.0,0.0,0.2,0.028,0.039,3.1,0.096,2.3,25.5,0.0,0.044,3.85
Carambola estrela de frutas,26,0.3,0.077,0.01,0.2,5.7,3.4,0.9,2.4,0.0,0.047,77.7,0.0,0.0,0.044,0.021,0.0,0.049,0.3,0.3,0.039,29.2,0.0,0.1,0.0,2.6,0.1,0.056,8.5,0.034,10.2,113.1,0.045,9.403
Chayaote cozida,35,0.8,0.1,0.0,0.0,7.2,0.0,1.0,4.5,0.0,0.4,149.5,0.0,0.04,0.026,0.0,0.03,0.7,0.7,0.2,12.8,0.0,0.0,0.0,20.8,0.2,0.4,19.2,0.3,46.4,276.8,0.063,0.5,47.5
Fossem de maçã do McDonald's,33,0.0,0.0,0.0,0.0,8.2,6.3,0.0,0.0,0.0,0.0,59.5,0.088,0.0,0.0,0.0,0.0,0.0,0.0,0.0,188.4,0.0,0.001,0.0,42.2,0.0,0.021,0.0,0.0,0.0,0.0,0.0,0.0,238.864
Grapefruit branco,78,0.2,0.072,0.036,0.032,19.8,17.3,1.6,2.6,0.0,0.0,213.5,0.0,0.031,0.098,0.0,0.045,0.6,0.7,0.1,78.6,0.0,0.3,0.0,28.3,0.1,0.1,21.2,0.047,18.9,349.3,0.013,0.2,131.2
Cherimóia,176,1.6,0.5,0.1,0.4,41.6,30.2,3.7,7.1,0.0,0.061,186.6,0.0,0.0,0.2,0.034,0.0,0.3,1.5,0.8,0.6,29.6,0.0,0.6,0.0,23.5,0.2,0.6,40.0,0.2,61.1,674.5,0.0,54.8
Bolas de melão,57,0.4,0.1,0.032,0.2,13.7,0.0,1.5,1.2,0.0,0.022,156.1,0.0,0.3,0.081,0.0,0.084,1.1,0.3,0.2,10.7,0.0,0.0,0.0,17.3,0.1,0.5,24.2,0.08,20.8,484.4,0.0,0.3,45.3
Maçã Golden Delicious,62,0.2,0.0,0.0,0.0,14.8,10.9,0.3,2.6,0.0,0.034,93.5,0.0,0.0,0.094,0.061,0.0,0.017,0.1,0.063,0.038,0.0,0.0,0.2,0.043,6.5,0.035,0.1,5.5,0.05,10.9,109.0,0.0,18.014
Torneiras de pokeberry crudas,37,0.6,0.0,0.0,0.0,5.9,0.0,4.2,2.7,0.0,0.05,146.6,0.0,0.0,0.1,0.001,0.0,0.5,1.9,0.04,0.2,217.6,0.0,0.0,0.0,84.8,0.3,2.7,28.8,0.7,70.4,387.2,0.006,13.9
Aromelos,21,0.014,0.089,0.011,0.096,5.4,1.9,0.2,1.6,0.0,0.03,39.2,0.0,0.0,0.081,0.035,0.0,0.023,0.093,0.1,0.098,6.3,0.0,0.5,0.063,3.6,0.033,0.1,2.7,0.2,5.0,36.0,0.049,7.473
Quinze,52,0.012,0.049,0.033,0.089,14.1,0.0,0.4,1.7,0.0,0.081,77.1,0.0,0.0,0.047,0.07,0.0,0.002,0.2,0.037,0.08,13.8,0.0,0.0,0.0,10.1,0.1,0.6,7.4,0.0,15.6,181.2,0.072,16.436
Chayaote cru,25,0.2,0.027,0.053,0.021,6.0,2.2,1.1,2.2,0.0,0.094,124.4,0.0,0.0,0.065,0.1,0.0,0.041,0.6,0.3,0.1,10.2,0.0,0.2,0.046,22.4,0.2,0.4,15.8,0.2,23.8,165.0,0.047,9.855
Laranja com casca,100,0.5,0.036,0.003,0.048,24.6,0.0,2.1,7.2,0.0,0.028,130.9,0.0,0.2,0.019,0.0,0.042,0.8,0.5,0.1,112.9,0.0,0.0,0.0,111.3,0.016,1.3,22.3,0.0,35.0,311.6,0.039,0.2,259.9
Mirtilos,249,2.6,0.0,0.0,0.0,51.8,14.4,4.7,30.8,0.0,0.078,93.5,0.0,0.005,0.027,0.0,0.3,1.0,0.6,0.3,8.5,0.0,0.5,0.089,92.4,0.3,1.1,41.6,0.6,103.2,583.7,0.0,0.5,191.9
Mamoe,202,1.3,0.3,0.5,0.2,50.3,45.9,2.8,5.4,0.0,0.027,280.4,0.0,0.0,0.034,0.1,0.0,0.1,2.2,0.7,0.4,122.3,0.0,3.0,0.019,37.0,0.4,0.5,33.6,0.2,47.0,564.5,0.08,60.641
Cereja silvestre,147,0.3,0.0,0.0,0.0,35.3,17.1,0.7,9.7,0.0,0.047,123.5,0.0,0.047,0.098,0.0,0.014,0.6,0.5,0.1,16.6,0.0,0.9,0.077,17.7,0.027,0.3,12.9,0.1,48.3,586.0,0.0,0.1,80.6
Açafrão,148,1.0,0.3,0.1,0.3,37.0,19.9,1.7,15.6,0.0,0.041,202.4,0.0,0.001,0.071,0.0,0.015,0.7,0.6,0.2,79.9,0.0,0.4,0.041,41.3,0.006,0.3,21.9,0.2,46.2,418.0,0.0,0.1,176.8
Tomates-do-chão,74,1.0,0.0,0.0,0.0,15.7,0.0,2.7,0.0,0.0,0.0,119.6,0.0,0.2,0.0,0.0,0.043,3.9,0.0,0.0,15.4,0.0,0.0,0.0,12.6,0.0,1.4,0.0,0.0,56.0,0.0,0.0,0.0,48.8
Peça,30,0.1,6.1,0.8,0.0,0.0,0.0,0.0,0.0,0.0,0.0,0.0,0.0,0.0,0.0,0.0,0.0,0.0,0.0,0.0,0.0,0.0,0.0,0.0,0.0,0.0,0.0,0.0,0.0,0.0,0.0,0.0,0.0,0.1
Romanó,32,0.1,0.0,0.0,0.0,8.4,0.0,0.2,0.0,0.0,0.024,16.1,0.0,0.0,0.0,0.0,0.0,0.0,0.0,0.0,16.5,0.0,0.0,0.0,6.8,0.0,0.6,0.0,0.0,6.5,77.5,0.0,0.0,32.6
Uvas,3,0.044,0.041,0.012,0.008,0.9,0.8,0.045,0.087,0.0,0.009,3.9,0.0,0.071,0.091,0.0,0.009,0.045,0.006,0.033,0.2,0.0,0.089,0.042,0.5,0.055,0.012,0.3,0.037,1.0,9.4,0.059,0.011,1.83
Nozes de rambutão em conserva,175,0.4,0.0,0.0,0.0,44.7,0.0,1.4,1.9,0.0,0.051,167.0,0.0,0.088,0.019,0.0,0.077,2.9,0.094,0.039,10.5,0.0,0.0,0.0,47.1,0.1,0.7,15.0,0.7,19.3,89.9,0.0,0.2,106.7
Figas em lata,14,0.039,0.066,0.066,0.045,3.8,3.2,0.1,0.6,0.0,0.049,23.0,0.0,0.008,0.036,0.0,0.093,0.1,0.044,0.094,0.3,0.0,0.092,0.041,7.6,0.003,0.069,2.7,0.095,2.7,27.8,0.093,0.014,12.491
Amoras enlatadas,246,0.5,0.072,0.3,0.1,65.1,0.0,2.0,8.9,0.0,0.044,165.4,0.0,0.044,0.0,0.0,0.3,2.0,0.2,0.5,6.6,0.0,0.0,0.0,39.8,0.3,1.0,35.1,0.2,60.8,528.8,0.0,0.4,123.9
Manguezes em lata,28,0.05,0.079,0.039,0.078,7.4,6.8,0.2,0.4,0.0,0.06,39.2,0.0,0.066,0.041,0.0,0.03,0.1,0.087,0.068,4.5,0.0,0.048,0.016,6.6,0.026,0.1,6.6,0.5,2.8,57.3,0.047,0.092,19.255
Amoras de prune em conserva,27,0.075,0.006,0.035,0.096,7.0,6.5,0.2,0.4,0.0,0.055,38.6,0.0,0.082,0.034,0.0,0.068,0.2,0.01,0.056,1.3,0.0,0.065,0.093,4.6,0.06,0.2,3.7,0.025,6.9,70.8,0.0,0.06,13.728
Laranjas-cítricas em conserva,92,0.1,0.087,0.086,0.04,23.8,22.1,1.5,1.7,0.0,0.022,222.9,0.0,0.2,0.053,0.0,0.038,1.1,0.3,0.1,85.2,0.0,0.2,0.0,27.4,0.085,0.7,27.4,0.044,24.9,331.2,0.058,1.3,140.389
Cocktail de frutas enlatada,109,0.053,0.03,0.04,0.042,28.1,25.7,1.1,2.4,0.0,0.059,207.2,0.0,0.023,0.003,0.0,0.056,1.0,0.1,0.1,6.4,0.0,0.9,0.021,19.0,0.1,0.5,16.6,0.3,33.2,225.2,0.075,0.2,57.508
Mirtilos ácidos enlatados,189,0.3,0.007,0.033,0.087,48.6,0.0,1.9,2.0,0.0,0.073,200.6,0.0,0.024,0.088,0.0,0.009,0.4,0.3,0.1,5.0,0.0,0.0,0.0,25.2,0.2,3.3,15.1,0.2,25.2,239.4,0.0,0.2,86.3
Mangostão em lata,143,1.1,0.0,0.0,0.0,35.1,0.0,0.8,3.5,0.0,0.024,158.6,0.0,0.1,0.074,0.0,0.1,0.6,0.057,0.089,5.7,0.0,0.0,0.0,23.5,0.1,0.6,25.5,0.2,15.7,94.1,0.0,0.4,70.3
Suco de damasco,117,0.07,0.008,0.048,0.065,30.1,26.2,1.5,3.9,0.0,0.024,211.4,0.0,0.0,0.048,0.043,0.0,0.025,0.8,0.2,0.1,12.0,0.0,1.5,0.053,29.3,0.1,0.7,24.4,0.1,48.8,402.6,0.028,35.804
Frutas de morango enlatadas,234,0.7,0.064,0.03,0.3,59.8,55.4,1.4,4.3,0.0,0.024,191.4,0.0,0.024,0.008,0.0,0.051,0.1,0.5,0.1,80.5,0.0,0.5,0.091,33.0,0.2,1.2,20.3,0.5,30.5,218.4,0.007,0.2,180.9
Amora enlatada,110,0.094,0.03,0.026,0.067,28.9,25.7,1.6,3.3,0.0,0.006,218.7,0.0,0.004,0.026,0.0,0.034,1.5,0.1,0.071,9.0,0.0,1.2,0.088,15.0,0.1,0.7,17.5,0.1,42.5,320.0,0.04,0.3,58.587
Salada de frutas enlatada,125,0.008,0.08,0.005,0.006,32.5,0.0,1.3,2.5,0.0,0.069,214.5,0.0,0.016,0.02,0.0,0.027,0.9,0.1,0.059,8.2,0.0,0.0,0.0,27.4,0.1,0.6,19.9,0.4,34.9,288.8,0.0,0.3,72.531
Groseillas em lata,184,0.5,0.004,0.097,0.3,47.3,0.0,1.6,6.0,0.0,0.097,201.9,0.0,0.066,0.041,0.0,0.1,0.4,0.3,0.085,25.2,0.0,0.0,0.0,40.3,0.5,0.8,15.1,0.4,17.6,194.0,0.069,0.3,121.7
Laranja-grape cebola enlatada,88,0.2,0.09,0.011,0.066,22.3,21.4,1.4,1.0,0.0,0.091,219.2,0.0,0.061,0.094,0.0,0.092,0.6,0.3,0.08,53.2,0.0,0.2,0.0,36.6,0.2,1.0,24.4,0.056,24.4,322.1,0.049,0.2,115.7
Cebola enlatada,38,0.001,0.099,0.049,0.034,9.8,7.4,0.3,1.2,0.0,0.088,65.7,0.0,0.096,0.08,0.0,0.048,0.2,0.085,0.042,1.2,0.0,0.078,0.034,6.8,0.012,0.2,5.3,0.064,9.1,73.0,0.0,0.077,19.566
Mirtilos enlatados,233,0.3,0.081,0.012,0.2,59.8,51.4,2.1,8.4,0.0,0.013,192.8,0.0,0.094,0.074,0.0,0.07,1.1,0.6,0.1,22.3,0.0,1.5,0.074,28.2,0.1,1.1,30.7,0.6,23.0,240.6,0.092,0.4,122.2
Papaya em lata,80,0.2,0.1,0.006,0.026,21.8,20.4,0.001,0.6,0.0,0.075,16.9,0.0,0.038,0.0,0.0,0.084,0.014,0.003,0.006,1.4,0.0,0.0,0.038,8.2,0.008,0.1,2.3,0.082,2.3,26.1,0.031,0.002,32.371
Uvas enlatadas,98,0.3,0.034,0.072,0.006,25.2,23.8,1.2,1.5,0.0,0.022,217.7,0.0,0.089,0.065,0.0,0.006,0.3,0.1,0.2,2.5,0.0,0.3,0.069,24.5,0.1,2.4,14.7,0.077,44.1,262.2,0.028,0.1,57.6
Maçã seca,145,0.2,0.088,0.022,0.041,39.1,34.0,0.6,5.1,0.0,0.024,214.5,0.0,0.093,0.0,0.0,0.013,0.3,0.1,0.1,2.6,0.0,0.3,0.036,7.7,0.1,0.8,10.2,0.051,23.0,267.8,0.076,0.1,56.1
Ameixa seca,199,0.6,0.055,0.2,0.3,50.8,43.8,3.0,7.0,0.0,0.059,201.5,0.0,0.029,0.0,0.0,0.006,3.9,0.5,0.039,9.5,0.0,0.2,0.06,23.2,0.3,3.4,33.5,0.3,98.0,825.6,0.068,0.5,97.5
Chips de banana-da-terra,150,8.4,2.4,1.6,3.3,18.1,0.3,0.6,1.0,0.0,0.039,0.6,0.0,0.087,0.045,0.0,0.024,0.2,0.3,0.1,9.1,0.0,1.4,0.098,2.5,0.049,0.3,20.1,0.094,22.1,222.4,0.028,0.1,40.0
Uvas-passas douradas,498,0.8,0.2,0.016,0.2,131.2,97.7,5.6,6.6,0.0,0.001,24.7,0.0,0.031,0.067,0.0,0.3,1.9,0.2,0.5,5.3,0.0,0.2,0.066,87.5,0.6,3.0,57.8,0.5,189.8,1230.9,0.062,0.5,240.0
Uvas sem sementes,488,0.9,0.3,0.036,0.3,129.5,0.0,4.2,11.2,0.0,0.098,27.3,0.0,0.2,0.092,0.0,0.3,1.8,0.092,0.3,8.9,0.0,0.0,0.0,46.2,0.5,4.3,49.5,0.4,123.8,1361.3,0.058,0.3,205.2
Círios de zante secos,408,0.4,0.009,0.003,0.3,106.7,96.9,5.9,9.8,0.0,0.067,27.7,0.0,0.2,0.07,0.0,0.2,2.3,0.007,0.4,6.8,0.0,0.2,0.07,123.8,0.7,4.7,59.0,0.7,180.0,1284.5,0.098,1.0,258.1
Cereja desidratada,94,0.2,0.003,0.01,0.065,25.1,22.4,0.7,2.7,0.0,0.074,9.6,0.0,0.006,0.0,0.0,0.067,0.5,0.054,0.074,2.5,0.0,0.036,0.002,12.2,0.1,0.8,11.9,0.1,21.2,191.9,0.005,0.1,44.2
Uvas-passas,90,0.056,0.005,0.063,0.004,23.8,19.6,1.0,1.4,0.0,0.025,4.6,0.049,0.0,0.015,0.006,0.0,0.02,0.2,0.006,0.081,0.7,0.0,0.003,0.068,18.6,0.018,0.5,10.8,0.018,29.4,223.2,0.042,26.474
Améndoa secas,308,0.5,0.01,0.4,0.1,81.5,0.0,2.7,9.4,0.0,0.011,161.4,0.0,0.07,0.0,0.0,0.2,1.7,0.2,0.5,6.7,0.0,0.0,0.0,52.1,0.4,2.6,47.1,0.2,81.8,773.8,0.055,0.5,155.5
Cranberries secas,370,1.6,0.1,0.2,0.8,98.8,78.0,0.053,6.8,0.0,0.037,19.2,0.0,0.05,0.0,0.0,0.029,1.2,0.3,0.004,0.2,0.0,1.3,0.066,12.0,0.003,0.6,6.0,0.3,9.6,48.0,0.09,0.1,120.036
Figs secas,21,0.008,0.014,0.003,0.037,5.4,4.0,0.3,0.8,0.0,0.091,2.5,0.0,0.021,0.002,0.0,0.054,0.023,0.046,0.031,0.1,0.0,0.062,0.046,13.6,0.052,0.2,5.7,0.073,5.6,57.1,0.067,0.079,20.461
Longanas secas,5,0.091,0.0,0.0,0.0,1.3,0.0,0.027,0.0,0.0,0.018,0.3,0.0,0.008,0.0,0.0,0.055,0.001,0.0,0.0,0.5,0.0,0.0,0.0,0.8,0.072,0.009,0.8,0.078,3.3,11.2,0.0,0.001,2.804
Tortas de banana,147,9.5,8.2,0.6,0.2,16.5,10.0,0.7,2.2,0.0,0.099,1.2,0.0,0.003,0.041,0.0,0.03,0.2,0.2,0.032,1.8,0.0,0.042,0.057,5.1,0.031,0.4,21.5,0.4,15.8,151.7,0.06,0.2,36.2
Lichee secas,7,0.003,0.076,0.004,0.061,1.8,1.7,0.01,0.1,0.0,0.049,0.6,0.0,0.06,0.063,0.0,0.015,0.032,0.0,0.004,4.6,0.0,0.071,0.032,0.8,0.071,0.036,1.1,0.012,4.5,27.8,0.08,0.085,7.431
Amora seca,17,0.015,0.02,0.083,0.031,4.4,3.7,0.2,0.5,0.0,0.066,2.2,0.0,0.042,0.064,0.0,0.086,0.2,0.055,0.017,0.012,0.0,0.3,0.088,3.9,0.02,0.2,2.2,0.038,5.0,81.3,0.04,0.055,9.329
Longan,2,0.076,0.0,0.0,0.0,0.5,0.0,0.009,0.071,0.0,0.0,2.6,0.0,0.01,0.0,0.0,0.052,0.014,0.0,0.0,2.7,0.0,0.0,0.0,0.039,0.059,0.066,0.3,0.089,0.7,8.5,0.0,0.01,3.493
Sapote de mamey,217,0.8,0.3,0.2,0.2,56.2,35.2,2.5,9.5,0.0,0.008,113.5,0.0,0.018,0.094,0.0,0.2,2.5,0.7,1.3,40.3,0.0,3.7,0.0,31.5,0.4,1.4,19.3,0.4,45.5,794.5,0.0,0.3,142.2
Cabeça-de-alce cozida,19,0.4,0.026,0.076,0.2,4.3,2.1,0.7,1.8,0.0,0.6,168.1,0.0,0.059,0.087,0.0,0.052,0.7,0.2,0.096,18.4,0.0,0.1,0.028,31.5,0.036,0.7,17.5,0.015,29.8,8.8,0.012,1.0,57.8
Fruta-jacó,33,0.2,0.071,0.004,0.002,8.1,6.7,0.6,0.5,0.0,0.094,25.7,0.0,0.0,0.09,0.019,0.0,0.031,0.3,0.073,0.1,4.8,0.0,0.1,0.0,8.4,0.071,0.005,10.2,0.081,7.4,156.8,0.0,9.574
Mamoeiros,9,0.071,0.085,0.035,0.023,2.4,0.0,0.09,0.3,0.0,0.053,17.3,0.0,0.097,0.015,0.0,0.048,0.012,0.0,0.042,0.2,0.0,0.0,0.0,3.2,0.093,0.007,2.6,0.037,5.4,53.2,0.047,0.014,6.236
Mamão da mamã apple mamão,431,4.2,1.2,1.7,0.7,105.8,0.0,4.2,25.4,0.0,0.1,729.3,0.0,0.2,0.1,0.0,0.3,3.4,0.9,0.8,118.4,0.0,0.0,0.0,93.1,0.7,5.9,135.4,0.0,93.1,397.6,0.064,0.8,357.0
"""Valor nutricional""",82,1.3,0.0,0.0,0.0,19.0,9.3,0.7,8.4,0.0,0.039,90.3,0.0,0.0,0.086,0.032,0.0,0.022,0.3,0.2,0.098,103.6,0.0,1.4,0.078,51.5,0.037,0.4,22.4,0.3,11.2,273.3,0.017,29.436
Nozes de coco inteiros,3336,71.5,672.0,48.0,0.0,0.0,0.0,0.0,0.0,0.0,0.0,0.0,0.0,0.0,0.0,0.0,0.0,0.0,0.0,0.0,0.0,0.0,0.0,0.0,0.0,0.0,0.0,0.0,0.0,0.0,0.0,0.0,0.0,71.5
Mirtilo,42,0.5,0.014,0.038,0.2,9.9,0.0,0.8,3.7,0.0,0.044,90.2,0.0,0.0,0.066,0.097,0.0,0.062,0.5,0.0,0.097,14.4,0.0,0.0,0.0,57.7,0.051,0.3,87.6,0.0,24.7,226.6,0.012,14.977
Romaninho,6,0.016,0.06,0.03,0.067,1.6,1.5,0.024,0.1,0.0,0.029,7.8,0.0,0.0,0.067,0.033,0.0,0.058,0.047,0.0,0.038,6.9,0.0,0.006,0.086,0.5,0.022,0.092,1.0,0.015,3.0,16.4,0.061,2.012
Pó de polpa de naranjilla lulo,30,0.3,0.0,0.0,0.0,7.1,4.5,0.5,1.3,0.0,0.044,111.7,0.0,0.039,0.032,0.0,0.0,1.7,0.3,0.1,3.8,0.0,0.9,0.011,9.6,0.069,0.4,13.2,0.074,14.4,240.0,0.082,0.1,23.0
Carne de coco seca,187,18.3,16.2,0.8,0.2,6.7,2.1,1.9,4.6,0.0,0.058,0.8,0.0,0.054,0.059,0.0,0.012,0.2,0.2,0.047,0.4,0.0,0.1,0.049,7.4,0.2,0.9,25.5,0.8,58.3,153.7,0.041,0.6,40.2
Nozogáudio crudo,17,0.3,0.036,0.024,0.1,4.0,0.0,0.5,3.8,0.0,0.1,126.9,0.0,0.07,0.089,0.0,0.1,0.5,0.2,0.082,17.2,0.0,0.0,0.0,25.1,0.088,0.5,13.2,0.067,25.1,7.9,0.052,0.8,51.4
"Sour cherry, pitanga",2,0.059,0.0,0.0,0.0,0.5,0.0,0.045,0.0,0.0,0.1,6.4,0.0,0.024,0.0,0.0,0.004,0.096,0.0,0.0,1.8,0.0,0.0,0.0,0.6,0.0,0.0,0.8,0.0,0.8,7.2,0.0,0.0,3.056
Maracujá,17,0.1,0.098,0.051,0.053,4.2,2.0,0.4,1.9,0.0,0.072,13.1,0.0,0.0,0.0,0.068,0.0,0.09,0.3,0.0,0.074,5.4,0.0,0.078,0.03,2.2,0.015,0.3,5.2,0.0,12.2,62.6,0.053,6.667
Sapodilla,141,1.9,0.3,0.9,0.05,33.9,0.0,0.7,9.0,0.0,0.08,132.6,0.0,0.0,0.08,0.0,0.001,0.3,0.4,0.086,25.0,0.0,0.0,0.0,35.7,0.1,1.4,20.4,0.0,20.4,328.1,0.099,0.2,107.6
Pumelo,48,0.06,0.0,0.0,0.0,12.0,0.0,1.0,1.3,0.0,0.094,111.4,0.0,0.0,0.067,0.0,0.0,0.098,0.3,0.0,0.005,76.3,0.0,0.0,0.0,5.0,0.097,0.1,7.5,0.005,21.3,270.0,0.0,14.376
Carne de coco,1405,133.0,117.9,5.7,1.5,60.5,24.7,13.2,35.7,0.0,0.022,186.6,0.0,0.3,0.1,0.0,0.054,2.1,1.2,0.2,13.1,0.0,1.0,0.019,55.6,1.7,9.6,127.0,6.0,448.6,1413.3,0.056,4.4,320.7
Sorosope,149,0.7,0.1,0.2,0.2,37.9,30.5,2.3,7.4,0.0,0.024,182.6,0.0,0.2,0.001,0.0,0.1,2.0,0.6,0.1,46.4,0.0,0.2,0.031,31.5,0.2,1.4,47.3,0.0,60.8,625.5,0.017,0.2,127.6
Papaya,62,0.4,0.1,0.1,0.051,15.7,11.3,0.7,2.5,0.0,0.004,127.7,0.0,0.0,0.097,0.061,0.0,0.07,0.5,0.3,0.014,88.3,0.0,0.4,0.06,29.0,0.017,0.4,30.5,0.026,14.5,263.9,0.086,19.422
Acerola cherry,2,0.052,0.074,0.086,0.036,0.4,0.0,0.079,0.077,0.0,0.088,4.4,0.0,0.0,0.039,0.038,0.0,0.093,0.026,0.072,0.076,80.5,0.0,0.0,0.0,0.6,0.007,0.021,0.9,0.0,0.5,7.0,0.045,0.707
Amoras de ohelo,39,0.3,0.0,0.0,0.0,9.6,0.0,0.5,0.0,0.0,0.068,129.2,0.0,0.066,0.0,0.0,0.082,0.4,0.0,0.0,8.4,0.0,0.0,0.0,9.8,0.0,0.1,8.4,0.0,14.0,53.2,0.0,0.0,28.7
Mirtilos de Logan,81,0.5,0.053,0.023,0.3,19.1,11.3,2.2,7.8,0.0,0.06,124.4,0.0,0.008,0.029,0.0,0.05,1.2,0.4,0.083,22.5,0.0,1.3,0.065,38.2,0.2,0.9,30.9,1.8,38.2,213.2,0.065,0.5,91.2
Melão casaba,48,0.2,0.012,0.046,0.012,11.2,9.7,1.9,1.5,0.0,0.057,156.1,0.0,0.083,0.003,0.0,0.042,0.4,0.1,0.3,37.1,0.0,0.053,0.034,18.7,0.1,0.6,18.7,0.026,8.5,309.4,0.07,0.1,71.2
Durão,51,1.9,0.0,0.0,0.0,9.5,0.0,0.5,1.3,0.0,0.079,22.7,0.0,0.0,0.1,0.095,0.0,0.049,0.4,0.029,0.1,6.9,0.0,0.0,0.0,2.1,0.094,0.2,10.5,0.1,13.7,152.6,0.0,13.358
Folhas de coentro crúas,4,0.086,0.044,0.01,0.064,0.6,0.1,0.3,0.4,0.0,0.005,14.8,0.0,0.083,0.05,0.0,0.059,0.2,0.069,0.066,4.3,0.0,0.4,0.008,10.7,0.028,0.3,4.2,0.051,7.7,83.4,0.019,0.059,16.674
Cressa de jardim crua,3,0.062,0.052,0.049,0.062,0.5,0.4,0.2,0.063,0.0,0.079,8.0,0.0,0.0,0.072,0.004,0.0,0.03,0.018,0.019,0.017,6.2,0.0,0.011,0.04,7.3,0.009,0.1,3.4,0.001,6.8,54.5,0.032,0.886
Pimentas pasilla secas,24,1.1,0.0,0.0,0.0,3.6,0.0,0.9,1.9,0.0,0.063,1.0,0.0,0.084,0.058,0.0,0.2,0.5,0.1,0.3,0.4,0.0,0.0,0.0,6.8,0.022,0.7,9.1,0.1,18.7,155.5,0.075,0.062,15.4
Pásseiro seco,1,0.096,0.064,0.086,0.093,0.3,0.073,0.1,0.1,0.0,0.058,0.09,0.0,0.062,0.072,0.0,0.014,0.031,0.089,0.03,0.6,0.0,0.008,0.063,5.7,0.092,0.1,2.0,0.061,2.2,13.4,0.029,0.076,6.95
Pimenta ancho seca,48,1.4,0.1,0.08,0.8,8.7,0.0,2.0,3.7,0.0,0.068,3.8,0.0,0.055,0.082,0.0,0.4,1.1,0.3,0.6,0.3,0.0,0.0,0.0,10.4,0.079,1.9,19.2,0.2,34.2,409.9,0.046,0.2,28.4
Sementes de coentro,5,0.3,0.049,0.2,0.074,1.0,0.0,0.2,0.8,0.0,0.095,0.2,0.0,0.003,0.0,0.0,0.092,0.083,0.0,0.0,0.4,0.0,0.0,0.0,12.8,0.077,0.3,5.9,0.097,7.4,22.8,0.068,0.054,15.8
Salsinha seca em flor,253,4.4,0.2,0.0,0.0,55.8,0.0,20.0,13.6,0.0,0.2,7.3,0.0,0.0,0.4,0.0,0.0,0.3,2.8,0.0,1.7,50.0,0.0,0.0,0.0,1784.0,0.5,48.8,451.0,4.0,543.0,3308.0,0.0,96.0
Azevinho,19,0.6,0.2,0.2,0.017,2.7,0.0,1.6,0.0,0.0,0.023,82.8,0.0,0.073,0.058,0.0,0.1,0.8,0.072,0.064,31.2,0.0,0.0,0.0,82.8,0.1,2.9,46.3,0.3,47.2,418.3,0.084,0.2,121.8
Epazote,0,0.06,0.0,0.0,0.0,0.094,0.0,0.059,0.051,0.0,0.021,0.7,0.0,0.0,0.058,0.013,0.0,0.04,0.065,0.026,0.026,0.047,0.0,0.0,0.0,2.2,0.067,0.059,1.0,0.099,0.7,5.1,0.028,0.363
Cebolas secas,1,0.055,0.051,0.093,0.023,0.1,0.0,0.013,0.041,0.0,0.04,0.091,0.0,0.0,0.009,0.036,0.0,0.009,0.068,0.062,0.054,1.3,0.0,0.0,0.0,1.6,0.047,0.003,1.3,0.095,1.0,5.9,0.077,0.32
Alô de tomilho fresca,1,0.068,0.07,0.056,0.085,0.2,0.0,0.091,0.1,0.0,0.017,0.5,0.0,0.0,0.074,0.08,0.0,0.039,0.019,0.048,0.057,1.3,0.0,0.0,0.0,3.2,0.018,0.1,1.3,0.045,0.8,4.9,0.0,0.545
Muda de alecrim,4,0.2,0.0,0.0,0.0,0.5,0.0,0.1,0.0,0.0,0.053,121.4,0.0,0.067,0.078,0.0,0.081,0.2,0.0,0.097,14.8,0.0,0.0,0.0,42.2,0.087,0.8,2.5,0.1,5.0,14.9,0.045,0.015,58.6
Raiz de wasabi,142,0.8,0.0,0.0,0.0,30.6,0.0,6.2,10.1,0.0,0.02,89.8,0.0,0.2,0.099,0.0,0.1,1.0,0.3,0.4,54.5,0.0,0.0,0.0,166.4,0.2,1.3,89.7,0.5,104.0,738.4,0.0,2.1,269.9
Rósemaro seco,4,0.2,0.083,0.029,0.085,0.8,0.0,0.081,0.5,0.0,0.048,0.1,0.0,0.002,0.043,0.0,0.016,0.054,0.0,0.074,0.7,0.0,0.0,0.0,15.4,0.084,0.4,2.6,0.011,0.8,11.5,0.084,0.078,18.079
Raiz de gengibre,2,0.028,0.048,0.067,0.046,0.4,0.019,0.068,0.058,0.0,0.0,1.6,0.0,0.073,0.079,0.0,0.055,0.088,0.064,0.051,0.1,0.0,0.03,0.02,0.3,0.092,0.061,0.9,0.026,0.7,8.3,0.08,0.049,1.028
Pimenta branca,7,0.0,0.002,0.049,0.032,1.6,0.0,0.2,0.6,0.0,0.075,0.3,0.0,0.0,0.008,0.027,0.0,0.028,0.085,0.0,0.075,0.5,0.0,0.0,0.0,6.4,0.069,0.3,2.2,0.1,4.2,1.8,0.077,2.514
Pimentas moídas,6,0.3,0.017,0.037,0.2,1.4,0.028,0.1,0.7,0.0,0.0,0.2,0.0,0.097,0.047,0.0,0.095,0.032,0.075,0.03,0.083,0.0,0.2,0.036,13.3,0.049,0.2,5.4,1.3,2.2,21.4,0.074,0.02,16.019
Pimenta,19,0.9,0.1,0.1,0.5,3.7,0.7,1.0,2.4,0.0,0.061,0.8,0.0,0.0,0.077,0.045,0.0,0.05,0.7,0.2,0.1,0.022,0.0,2.0,0.061,15.6,0.061,1.4,12.1,0.1,21.4,155.0,0.024,8.206
Moagem,25,1.7,0.5,0.6,0.2,2.7,0.0,0.4,1.1,0.0,0.097,0.4,0.0,0.079,0.016,0.0,0.032,0.061,0.0,0.039,1.1,0.0,0.0,0.0,13.4,0.1,0.7,8.6,0.073,5.8,24.5,0.083,0.1,21.1
Folha de louro,2,0.042,0.08,0.095,0.076,0.4,0.0,0.086,0.2,0.0,0.084,0.07,0.0,0.021,0.015,0.0,0.054,0.061,0.0,0.094,0.3,0.0,0.0,0.0,5.0,0.031,0.3,0.7,0.058,0.7,3.2,0.077,0.081,6.316
Não há texto para traduzir,150,1.8,0.0,0.0,0.0,31.7,0.0,4.6,0.0,0.0,0.015,60.0,0.0,0.0,0.1,0.072,0.0,0.1,0.3,1.2,0.2,13.0,0.0,0.0,0.0,110.0,0.2,1.2,32.0,1.1,165.0,340.0,0.052,38.5
Tarragon seco,2,0.047,0.01,0.081,0.068,0.3,0.0,0.1,0.038,0.0,0.012,0.068,0.0,0.011,0.092,0.0,0.082,0.083,0.0,0.083,0.3,0.0,0.0,0.0,6.8,0.069,0.2,2.1,0.044,1.9,18.1,0.088,0.019,7.752
Raiz de gengibre,6,0.043,0.088,0.021,0.095,1.3,0.067,0.2,0.3,0.0,0.038,0.2,0.0,0.037,0.002,0.0,0.091,0.2,0.083,0.05,0.094,0.0,0.0,0.043,2.1,0.078,0.4,3.9,0.6,3.0,23.8,0.084,0.087,4.327
Terra salgada,4,0.029,0.085,0.0,0.0,1.0,0.0,0.074,0.6,0.0,0.055,0.1,0.0,0.0,0.03,0.0,0.0,0.0,0.053,0.0,0.0,0.7,0.0,0.0,0.0,29.8,0.043,0.5,5.3,0.044,2.0,14.7,0.057,1.895
Pimenta-preta,6,0.006,0.034,0.04,0.065,1.5,0.08,0.2,0.6,0.0,0.036,0.3,0.0,0.0,0.047,0.04,0.0,0.029,0.067,0.09,0.073,0.0,0.0,0.084,0.045,10.2,0.001,0.2,3.9,0.3,3.6,30.6,0.009,2.505
Fresha de menta,3,0.089,0.049,0.068,0.022,0.5,0.0,0.2,0.4,0.0,0.092,4.9,0.0,0.0,0.079,0.061,0.0,0.098,0.007,0.086,0.033,0.8,0.0,0.0,0.0,11.3,0.008,0.7,3.6,0.064,3.4,26.1,0.0,1.261
Tempero de ave,14,0.3,0.1,0.094,0.079,2.9,0.1,0.4,0.5,0.0,0.063,0.4,0.0,0.046,0.049,0.0,0.042,0.1,0.0,0.093,0.5,0.0,0.088,0.026,43.8,0.008,1.6,9.9,0.3,7.5,30.1,0.037,0.1,50.0
Noz-moscada em pó,12,0.8,0.6,0.056,0.088,1.1,0.6,0.1,0.5,0.0,0.095,0.1,0.0,0.065,0.008,0.0,0.055,0.088,0.0,0.072,0.001,0.0,0.0,0.0,4.0,0.052,0.018,4.0,0.008,4.7,7.7,0.086,0.036,6.656
Pó de curry,20,0.9,0.1,0.3,0.2,3.7,0.2,0.8,2.1,0.0,0.004,0.6,0.0,0.0,0.076,0.023,0.0,0.042,0.2,0.0,0.05,0.7,0.0,1.4,0.094,30.1,0.034,1.9,16.0,0.3,22.0,97.2,0.052,7.681
Menta-pimenta,1,0.004,0.016,0.034,0.051,0.2,0.0,0.038,0.1,0.0,0.007,1.3,0.0,0.0,0.025,0.039,0.0,0.011,0.086,0.048,0.061,0.5,0.0,0.0,0.0,3.9,0.078,0.066,1.3,0.088,1.2,9.1,0.0,0.423
"Sal Uma frase apenas, sem explicações",0,0.0,0.0,0.0,0.0,0.0,0.0,0.0,0.0,0.0,7.0,0.022,0.0,0.0,0.0,0.0,0.0,0.0,0.0,0.0,0.0,0.0,0.0,0.0,4.3,0.099,0.006,0.2,0.052,0.0,1.4,0.039,0.098,4.329
Folhas de coentro secas,2,0.098,0.099,0.09,0.081,0.3,0.045,0.1,0.095,0.0,0.018,0.009,0.0,0.0,0.019,0.089,0.0,0.02,0.046,0.0,0.014,3.4,0.0,0.08,0.094,7.5,0.017,0.3,4.2,0.087,2.9,26.8,0.04,0.633
Tempero de salsa,2,0.046,0.07,0.069,0.013,0.4,0.052,0.058,0.3,0.0,0.083,0.051,0.0,0.018,0.025,0.0,0.1,0.055,0.0,0.044,0.2,0.0,0.08,0.099,11.6,0.06,0.2,3.0,0.032,0.6,7.5,0.039,0.02,12.796
Pó de alho,10,0.029,0.003,0.045,0.016,2.3,0.068,0.5,0.3,0.0,0.082,0.2,0.0,0.0,0.011,0.056,0.0,0.031,0.059,0.008,0.093,0.091,0.0,0.039,0.008,2.4,0.003,0.2,2.4,0.035,12.8,37.0,0.077,3.269
Alface fresca,4,0.063,0.064,0.022,0.052,0.6,0.0,0.3,0.2,0.0,0.017,7.6,0.0,0.0,0.097,0.063,0.0,0.012,0.1,0.026,0.003,7.6,0.0,0.0,0.0,18.5,0.09,0.6,4.9,0.1,5.9,65.7,0.0,1.201
Cardamomo,6,0.1,0.065,0.038,0.071,1.4,0.0,0.2,0.6,0.0,0.013,0.2,0.0,0.072,0.0,0.0,0.056,0.029,0.0,0.005,0.4,0.0,0.0,0.0,7.7,0.039,0.3,4.6,0.6,3.6,22.4,0.0,0.1,10.7
Açafrão,2,0.092,0.047,0.1,0.05,0.5,0.0,0.071,0.002,0.0,0.063,0.086,0.0,0.0,0.097,0.082,0.0,0.066,0.061,0.0,0.023,0.6,0.0,0.0,0.0,0.8,0.037,0.035,1.8,0.2,1.8,12.1,0.082,0.682
Molho de pimenta-doce,5,0.2,0.034,0.084,0.063,1.4,0.0,0.1,0.4,0.0,0.001,0.2,0.0,0.026,0.079,0.0,0.08,0.088,0.0,0.03,0.7,0.0,0.0,0.0,12.6,0.011,0.1,2.6,0.036,2.1,19.8,0.02,0.015,15.5
Salsa fresh,1,0.078,0.016,0.037,0.01,0.2,0.001,0.1,0.1,0.0,0.056,3.3,0.0,0.0,0.047,0.07,0.0,0.092,0.02,0.002,0.081,5.1,0.0,0.029,0.013,5.2,0.085,0.2,1.9,0.046,2.2,21.1,0.094,0.509
Oregano seco,265,4.3,1.6,0.7,1.4,68.9,4.1,9.0,42.5,0.0,0.009,9.9,0.0,0.0,0.2,0.2,0.0,0.5,4.6,0.9,1.0,2.3,0.0,18.3,0.6,1597.0,0.6,36.8,270.0,5.0,148.0,1260.0,0.01,126.9
Marjorrama seca,5,0.1,0.056,0.076,0.093,1.0,0.077,0.2,0.7,0.0,0.004,0.1,0.0,0.0,0.057,0.073,0.0,0.036,0.097,0.0,0.055,0.9,0.0,0.029,0.047,33.8,0.029,1.4,5.9,0.053,5.2,25.9,0.078,2.032
Cebolas crassas,1,0.088,0.083,0.09,0.002,0.1,0.02,0.03,0.044,0.0,0.099,2.7,0.0,0.0,0.007,0.054,0.0,0.052,0.08,0.072,0.097,1.7,0.0,0.079,0.08,2.8,0.059,0.004,1.3,0.063,1.7,8.9,0.048,0.417
Folhas de fireweed,24,0.6,0.0,0.0,0.0,4.4,0.0,1.1,2.4,0.0,0.035,16.3,0.0,0.044,0.007,0.0,0.079,1.1,0.3,0.1,0.5,0.0,0.0,0.0,98.7,0.016,0.6,35.9,1.5,24.8,113.6,0.068,0.6,108.3
Rosmarinho fresco,1,0.1,0.016,0.0,0.072,0.1,0.0,0.005,0.012,0.0,0.039,0.5,0.0,0.0,0.066,0.028,0.0,0.042,0.028,0.032,0.043,0.2,0.0,0.0,0.0,2.2,0.092,0.099,0.6,0.054,0.5,4.7,0.0,0.369
Alho,4,0.026,0.033,0.078,0.089,0.9,0.043,0.2,0.064,0.0,0.018,1.6,0.0,0.0,0.058,0.024,0.0,0.068,0.09,0.005,0.061,0.9,0.0,0.056,0.003,5.1,0.069,0.046,0.7,0.01,4.3,11.2,0.014,1.253
Canela moída,6,0.044,0.074,0.08,0.044,2.1,0.066,0.1,1.4,0.0,0.022,0.3,0.0,0.087,0.05,0.0,0.006,0.083,0.018,0.004,0.071,0.0,0.052,0.027,26.1,0.099,0.2,1.6,0.5,1.7,11.2,0.018,0.088,30.0
Cherivel seco,5,0.002,0.066,0.033,0.031,0.9,0.0,0.4,0.2,0.0,0.076,0.1,0.0,0.055,0.037,0.0,0.09,0.1,0.0,0.096,1.0,0.0,0.0,0.0,25.6,0.044,0.6,2.5,0.043,8.6,90.1,0.031,0.2,28.777
Pimenta caienna,1,0.094,0.043,0.082,0.023,0.2,0.089,0.039,0.052,0.0,0.059,0.011,0.0,0.034,0.019,0.0,0.046,0.041,0.0,0.066,0.2,0.0,0.019,0.004,0.4,0.049,0.003,0.5,0.049,0.9,6.0,0.062,0.071,0.988
Turmère em pó,8,0.2,0.093,0.014,0.019,1.4,0.062,0.2,0.5,0.0,0.064,0.2,0.0,0.085,0.1,0.0,0.097,0.1,0.0,0.04,0.6,0.0,0.033,0.075,4.0,0.083,0.9,4.2,0.2,5.9,55.6,0.02,0.009,7.8
Mostarda,3,0.2,0.021,0.1,0.086,0.3,0.048,0.2,0.2,0.0,0.015,4.2,0.096,0.026,0.006,0.097,0.0,0.011,0.04,0.013,0.015,0.03,0.0,0.086,0.012,3.2,0.086,0.096,2.4,0.075,5.4,7.6,0.064,1.046
Pó de chili,8,0.4,0.061,0.029,0.2,1.3,0.2,0.4,0.9,0.0,0.014,0.3,0.0,0.0,0.066,0.062,0.0,0.097,0.3,0.013,0.031,0.008,0.0,1.0,0.047,8.9,0.032,0.5,4.0,0.036,8.1,52.7,0.018,3.182
Timão seco,276,7.4,2.7,0.5,1.2,63.9,1.7,9.1,37.0,0.0,0.016,7.8,0.0,0.0,0.5,0.3,0.0,0.4,4.9,0.0,0.6,50.0,0.0,7.5,1.7,1890.0,0.9,123.6,220.0,7.9,201.0,814.0,0.068,120.6
Chamomila seca,1,0.018,0.09,0.018,0.057,0.3,0.0,0.094,0.1,0.0,0.012,0.029,0.0,0.0,0.007,0.087,0.0,0.009,0.04,0.044,0.092,0.0,0.0,0.0,0.0,7.4,0.021,0.4,3.0,0.008,1.4,9.6,0.0,0.649
Alho seco,2,0.027,0.02,0.038,0.076,0.3,0.054,0.2,0.3,0.0,0.089,0.076,0.0,0.0,0.099,0.043,0.0,0.012,0.07,0.011,0.047,0.033,0.0,0.034,0.078,15.7,0.082,0.6,5.0,0.051,1.9,18.4,0.054,1.0
Agruras de dente de leão cozidas,35,0.6,0.0,0.0,0.0,6.7,1.7,2.1,3.0,0.0,0.3,94.3,0.0,0.1,0.063,0.0,0.2,0.5,0.058,0.2,18.9,0.0,0.6,0.4,147.0,0.1,1.9,25.2,0.2,44.1,243.6,0.004,0.3,180.2
Alce fresca,2,0.089,0.069,0.019,0.03,0.2,0.064,0.2,0.1,0.0,0.058,6.4,0.0,0.0,0.06,0.064,0.0,0.075,0.094,0.02,0.074,1.3,0.0,0.014,0.047,12.4,0.075,0.2,4.5,0.069,3.9,20.7,0.085,0.752
"""Calcula o valor nutricional""",29,0.9,0.0,0.0,0.0,4.3,0.0,2.7,3.9,0.0,0.025,123.7,0.0,0.0,0.0,0.091,0.0,0.1,0.7,0.029,0.2,63.8,0.0,0.0,0.0,58.5,0.2,3.2,137.0,0.5,83.8,518.7,0.067,12.2
Cressa de jardim cozida,31,0.8,0.001,0.3,0.3,5.1,4.2,2.6,0.9,0.0,0.3,124.9,0.0,0.029,0.035,0.0,0.2,1.1,0.2,0.2,31.1,0.0,0.7,0.5,82.4,0.2,1.1,35.1,0.5,64.8,476.6,0.039,0.2,124.0
Pó de cebola,8,0.024,0.068,0.036,0.077,1.9,0.2,0.2,0.4,0.0,0.048,0.1,0.0,0.079,0.045,0.0,0.061,0.039,0.012,0.098,0.6,0.0,0.068,0.021,9.2,0.092,0.052,2.7,0.008,7.7,23.6,0.011,0.076,12.389
Alface de dente-de-leão crua,25,0.4,0.012,0.041,0.2,5.1,0.4,1.5,1.9,0.0,0.043,47.1,0.0,0.1,0.059,0.0,0.1,0.4,0.095,0.1,19.3,0.0,1.9,0.4,102.9,0.007,1.7,19.8,0.2,36.3,218.4,0.086,0.2,132.8
O yokan,36,0.022,0.064,0.072,0.003,8.5,0.0,0.5,0.0,0.0,0.05,5.0,0.0,0.0,0.069,0.03,0.0,0.096,0.048,0.066,0.025,0.0,0.0,0.0,0.0,3.8,0.048,0.2,2.5,0.089,5.6,6.3,0.025,9.059
Feijões de favas cozidos,187,0.7,0.1,0.1,0.3,33.4,3.1,12.9,9.2,0.0,0.081,121.6,0.0,0.0,0.2,0.2,0.0,0.2,1.2,0.3,0.1,0.5,0.0,0.046,0.067,61.2,0.4,2.6,73.1,0.7,212.5,455.6,0.058,56.778
Frijoles franceses crus,631,3.7,0.4,0.3,2.2,118.0,0.0,34.6,46.4,0.0,0.069,19.8,0.0,1.0,0.7,0.0,0.4,3.8,1.5,0.7,8.5,0.0,0.0,0.0,342.2,0.8,6.3,345.9,2.2,559.4,2421.4,0.049,3.5,559.7
Lentilhas em conserva,352,7.0,0.5,1.2,2.4,57.0,0.0,17.8,0.0,0.0,0.6,168.8,0.0,0.006,0.1,0.0,0.0,0.4,0.0,0.0,0.3,0.0,0.0,0.0,113.9,0.6,2.7,65.8,2.1,215.1,318.8,0.0,1.6,198.7
Feijões amarelos cozidos,255,1.9,0.5,0.2,0.8,44.7,0.0,16.2,18.4,0.0,0.086,111.5,0.0,0.0,0.3,0.1,0.0,0.2,1.3,0.4,0.2,3.2,0.0,0.0,0.0,109.7,0.3,4.4,131.0,0.8,323.9,575.3,0.068,81.7
Feijão de Mungo cozido,212,0.8,0.2,0.1,0.3,38.7,4.0,14.2,15.4,0.0,0.083,146.8,0.0,0.0,0.3,0.3,0.0,0.1,1.2,0.8,0.1,2.0,0.0,0.3,0.005,54.5,0.3,2.8,97.0,0.6,200.0,537.3,0.099,69.586
Feijões brancos enlatados,299,0.8,0.2,0.073,0.3,55.5,0.8,19.0,12.6,0.0,0.079,183.7,0.0,0.3,0.2,0.0,0.026,0.3,0.5,0.2,0.0,0.0,2.1,0.052,191.3,0.6,7.8,133.6,1.3,238.4,1189.5,0.022,2.9,287.0
Feijão rosa cozido,252,0.8,0.2,0.045,0.4,47.2,0.6,15.3,9.0,0.0,0.075,103.4,0.0,0.0,0.4,0.3,0.0,0.1,1.0,0.5,0.3,0.0,0.0,1.7,0.083,87.9,0.5,3.9,109.9,0.9,278.9,858.5,0.03,73.103
Frijoles rosados crudos,720,2.4,0.6,0.2,1.0,134.8,4.5,44.0,26.7,0.0,0.057,21.1,0.0,1.6,1.0,0.0,0.4,4.0,2.1,1.1,0.0,0.0,0.4,0.007,273.0,1.7,14.2,382.2,2.9,871.5,3074.4,0.077,5.4,495.1
Frijoles de navy crudos,701,3.1,0.4,0.5,2.9,126.4,8.1,46.4,50.8,0.0,0.059,25.2,0.0,1.6,0.8,0.0,0.3,4.6,1.5,0.9,0.0,0.0,0.08,0.018,305.8,1.7,11.4,364.0,2.9,846.6,2464.8,0.028,7.6,543.9
Feijões snaps cozidos,44,0.4,0.005,0.02,0.2,9.9,1.9,2.4,4.0,0.0,0.086,111.5,0.0,0.0,0.053,0.076,0.0,0.1,0.8,0.021,0.061,12.1,0.0,0.6,0.053,55.0,0.015,0.8,22.5,0.4,36.3,182.5,0.02,16.848
Arapuças olhadas pretas cruas,131,0.5,0.1,0.003,0.2,27.3,4.4,4.3,7.3,0.0,0.048,111.9,0.0,0.2,0.2,0.0,0.2,2.1,0.2,0.086,3.6,0.0,0.0,0.0,182.7,0.2,1.6,74.0,0.8,76.9,625.0,0.099,1.5,227.3
Edamame cozido,189,8.1,1.0,2.0,3.3,13.8,3.4,18.5,8.1,0.0,0.034,112.8,0.053,0.0,0.3,0.5,0.0,0.2,1.4,0.6,0.2,9.5,0.0,1.1,0.041,97.7,0.5,3.5,99.2,1.6,262.0,675.8,0.0,49.248
Feijões de olho preto cozidos,160,0.6,0.2,0.1,0.3,33.5,5.3,5.2,8.3,0.0,0.036,124.5,0.0,0.0,0.2,0.2,0.0,0.2,2.3,0.3,0.1,3.6,0.0,0.4,0.0,211.2,0.2,1.8,85.8,0.9,84.2,689.7,0.033,47.9
Feijões de jacintos cozidos,227,1.1,0.2,0.076,0.5,40.2,0.0,15.8,0.0,0.0,0.0,0.003,134.1,0.0,0.5,0.023,0.0,0.001,0.8,0.6,0.014,0.0,0.0,0.0,0.0,77.6,0.7,8.9,159.1,0.9,232.8,653.8,0.021,191.981
Feijoadas emlatas,185,1.3,0.3,0.1,0.6,32.7,0.0,11.4,7.9,0.0,0.7,191.1,0.0,0.2,0.1,0.0,0.2,0.8,0.5,0.1,6.5,0.0,0.0,0.0,48.0,0.3,2.3,67.2,0.7,168.0,412.8,0.061,1.7,110.1
Frijoles pintos cozidos,245,1.1,0.2,0.2,0.3,44.8,0.6,15.4,15.4,0.0,0.085,107.6,0.0,0.0,0.3,0.3,0.0,0.1,0.5,0.4,0.4,1.4,0.0,1.6,0.097,78.7,0.4,3.6,85.5,0.8,251.4,745.6,0.064,77.502
Feijoados cozidos,253,10.0,1.4,3.7,2.7,25.7,0.0,18.3,0.0,0.0,0.4,115.6,0.0,0.5,0.004,0.0,0.2,1.4,0.3,0.07,0.0,0.0,0.0,0.0,244.2,1.3,7.4,92.9,2.1,263.2,481.6,0.019,2.5,305.6
Feijão pinto crudo,670,2.4,0.5,0.4,0.8,120.7,4.1,41.3,29.9,0.0,0.036,21.9,0.0,1.4,1.0,0.0,0.4,2.3,1.5,0.9,12.2,0.0,0.4,0.062,218.1,1.7,9.8,339.7,2.2,793.2,2688.5,0.036,4.4,434.4
Feijão-preto-de-tartar- cru,624,1.7,0.4,0.1,0.7,116.4,3.9,39.1,28.5,0.0,0.041,20.2,0.0,1.7,0.8,0.0,0.4,3.6,1.7,0.5,0.0,0.0,0.4,0.032,294.4,1.8,16.0,294.4,1.8,809.6,2760.0,0.005,4.0,496.1
Feijões de favo crus,512,2.3,0.4,0.5,0.9,87.4,8.6,39.2,37.5,0.0,0.1,16.5,0.0,0.8,0.6,0.0,0.5,4.2,1.5,0.5,2.1,0.0,0.057,0.073,154.5,1.2,10.1,288.0,2.4,631.5,1593.0,0.016,4.7,333.1
Feijões-verdes em conserva,190,0.4,0.095,0.087,0.2,35.9,0.0,11.9,11.6,0.0,0.8,185.8,0.0,0.1,0.1,0.0,0.028,0.6,0.6,0.2,0.0,0.0,0.0,0.0,50.6,0.4,4.4,94.0,0.9,178.3,530.2,0.025,1.6,114.8
Frijoles de jacinto crudo,722,3.5,0.6,0.2,1.5,127.6,0.0,50.2,53.8,0.0,0.073,19.7,0.0,2.4,0.008,0.0,0.3,3.4,2.6,0.3,0.0,0.0,0.0,0.0,273.0,2.8,10.7,594.3,3.3,781.2,2593.5,0.062,19.5,518.8
Feijões brancos crus,673,1.7,0.4,0.1,0.7,121.7,4.3,47.2,30.7,0.0,0.051,22.9,0.0,0.9,0.8,0.0,0.3,1.0,1.5,0.6,0.0,0.0,0.4,0.03,484.8,2.0,21.1,383.8,3.6,608.0,3625.9,0.097,7.4,707.2
Feijões de snap em lata,66,0.4,0.1,0.027,0.2,15.4,0.0,3.5,6.6,0.0,0.09,415.6,0.0,0.1,0.036,0.0,0.2,0.9,0.5,0.1,14.9,0.0,0.6,0.0,105.4,0.3,4.0,57.1,1.5,83.4,403.9,0.057,0.9,150.2
Frijoles de marinha enlatados,296,1.1,0.3,0.073,0.5,53.6,0.7,19.7,13.4,0.0,1.2,184.6,0.0,0.4,0.2,0.0,0.1,1.3,0.5,0.3,1.8,0.0,2.0,0.022,123.1,0.5,4.8,123.1,1.0,351.1,754.6,0.003,2.0,217.5
Feijão-mungo cru,718,2.4,0.7,0.3,0.8,129.6,13.7,49.4,33.7,0.0,0.085,18.7,0.0,1.3,1.3,0.0,0.5,4.7,4.0,0.8,9.9,0.0,1.1,0.009,273.2,1.9,14.0,391.2,2.1,759.7,2579.2,0.001,5.5,512.2
Frijoles de adzuki cru,648,1.0,0.4,0.034,0.2,123.9,0.0,39.1,25.0,0.0,0.06,26.5,0.0,0.9,1.2,0.0,0.4,5.2,2.9,0.7,0.0,0.0,0.0,0.0,130.0,2.2,9.8,250.2,3.4,750.6,2470.4,0.055,9.9,328.8
Feijões de tartar preto cozidos,241,0.6,0.2,0.002,0.3,45.0,0.6,15.1,15.4,0.0,0.06,121.6,0.0,0.0,0.4,0.2,0.0,0.1,1.0,0.5,0.1,0.0,0.0,1.6,0.004,101.8,0.5,5.3,90.7,0.6,281.2,801.1,0.058,76.721
Lentilhas rosas crus,662,4.2,0.7,1.0,2.2,113.6,0.0,47.9,20.7,0.0,0.092,22.6,0.0,1.0,0.4,0.0,0.2,2.9,0.7,0.8,3.3,0.0,0.0,0.0,78.7,2.5,14.5,138.2,2.7,564.5,1109.8,0.03,7.5,282.9
Frijoles amarelos crus,676,5.1,1.3,0.4,2.2,119.0,0.0,43.1,49.2,0.0,0.046,21.8,0.0,1.4,0.8,0.0,0.6,4.8,1.4,0.9,0.0,0.0,0.0,0.0,325.4,1.3,13.7,435.1,2.5,956.5,2042.3,0.074,5.5,555.5
Frijoles brancos cozidos,249,0.6,0.2,0.044,0.3,44.9,0.6,17.4,11.3,0.0,0.045,112.9,0.0,0.0,0.2,0.1,0.0,0.05,0.3,0.4,0.2,0.0,0.0,1.7,0.029,161.1,0.5,6.6,112.8,1.1,202.3,1004.2,0.045,74.959
Lentilhas crúas,678,2.0,0.3,0.4,1.0,115.4,3.9,49.5,58.6,0.0,0.039,20.0,0.0,1.7,0.9,0.0,0.4,5.0,4.1,1.0,8.4,0.0,0.9,0.083,107.5,1.0,14.5,234.2,2.6,865.9,1833.6,0.048,9.2,355.9
Feijão de cranberry cozido,241,0.8,0.2,0.088,0.4,43.3,0.0,16.5,17.7,0.0,0.4,114.4,0.0,0.0,0.4,0.4,0.0,0.1,0.9,0.4,0.1,0.0,0.0,0.0,0.0,88.5,0.4,3.7,88.5,0.7,239.0,685.0,0.09,78.8
Grão de ceviche cru,728,12.1,1.3,2.7,5.4,121.3,21.4,38.6,34.8,0.0,0.005,23.1,0.0,1.0,1.1,0.0,0.4,3.1,3.2,1.1,8.0,0.0,1.6,0.004,210.0,1.7,12.5,230.0,4.4,732.0,1750.0,0.095,6.9,437.3
Lentejas cozidas,230,0.8,0.1,0.1,0.3,39.9,3.6,17.9,15.6,0.0,0.016,137.9,0.0,0.0,0.3,0.4,0.0,0.1,2.1,1.3,0.4,3.0,0.0,0.2,0.077,37.6,0.5,6.6,71.3,1.0,356.4,730.6,0.01,75.118
Feijão enlatado assado,239,0.9,0.2,0.2,0.3,53.7,20.2,12.1,10.4,0.0,0.9,182.9,0.0,0.2,0.036,0.0,0.078,1.1,0.5,0.2,0.0,0.0,0.4,0.019,86.4,0.4,3.0,68.6,0.3,188.0,569.0,0.082,5.8,166.5
Feijão de mirtilo em conserva,216,0.7,0.2,0.083,0.3,39.3,0.0,14.4,16.4,0.0,0.9,201.7,0.0,0.1,0.2,0.0,0.1,1.3,0.4,0.1,2.1,0.0,0.0,0.0,88.4,0.4,4.0,83.2,0.5,223.6,676.0,0.079,2.2,165.3
Frijoles pretos cozidos,227,0.9,0.2,0.02,0.4,40.8,0.0,15.2,15.0,0.0,0.008,113.1,0.0,0.4,0.3,0.0,0.1,0.9,0.4,0.1,0.0,0.0,1.5,0.081,46.4,0.4,3.6,120.4,0.8,240.8,610.6,0.004,1.9,121.9
Feijões de lima cozidos,216,0.7,0.2,0.022,0.3,39.3,5.5,14.7,13.2,0.0,0.012,131.2,0.0,0.0,0.3,0.2,0.0,0.1,0.8,0.8,0.3,0.0,0.0,0.3,0.052,32.0,0.4,4.5,80.8,1.0,208.7,955.0,0.027,68.6
Feijões de mungo crus,706,3.4,0.2,0.2,2.2,122.1,0.0,52.2,37.9,0.0,0.004,22.4,0.0,0.6,0.4,0.0,0.5,3.0,1.9,0.6,0.0,0.0,0.0,0.0,285.7,2.0,15.7,552.7,3.2,784.5,2034.8,0.015,6.9,517.0
Aranhas de pomba cruas,703,3.1,0.7,0.065,1.7,128.7,0.0,44.5,30.8,0.0,0.04,21.7,0.0,1.3,0.9,0.0,0.4,6.1,2.6,0.6,0.0,0.0,0.0,0.0,266.5,2.2,10.7,375.2,3.7,752.4,2853.6,0.022,5.7,484.3
Feijões de favo em lata,182,0.6,0.092,0.1,0.2,31.8,0.0,14.0,9.5,0.0,1.2,205.6,0.0,0.016,0.05,0.0,0.1,2.5,0.3,0.1,4.6,0.0,0.0,0.0,66.6,0.3,2.6,81.9,0.7,202.2,619.5,0.029,1.6,129.7
Feijões-verdes-amarantos crus,31,0.1,0.097,0.094,0.013,7.1,0.0,1.8,3.4,0.0,0.085,90.3,0.0,0.005,0.002,0.0,0.1,0.8,0.074,0.05,16.3,0.0,0.0,0.0,37.0,0.077,1.0,25.0,0.2,38.0,209.0,0.067,0.2,66.7
Feijões de snap crus,31,0.2,0.051,0.016,0.1,7.0,3.3,1.8,2.7,0.0,0.025,90.3,0.0,0.02,0.061,0.0,0.1,0.7,0.2,0.1,12.2,0.0,0.4,0.066,37.0,0.093,1.0,25.0,0.2,38.0,211.0,0.003,0.2,61.9
Frijoles de espiga amarela em lata,36,0.2,0.076,0.064,0.1,8.4,0.0,1.9,3.6,0.0,0.6,227.2,0.0,0.097,0.071,0.0,0.1,0.5,0.3,0.087,8.2,0.0,0.0,0.0,57.6,0.2,2.2,31.2,0.8,45.6,235.2,0.056,0.5,82.1
"Arroz de ervilhas cozido

(Note: ""Pigeon peas"" are also known as ""arroz de ervilhas"" in Portuguese)",203,0.6,0.1,0.05,0.3,39.1,0.0,11.4,11.3,0.0,0.036,115.2,0.0,0.2,0.2,0.0,0.02,1.3,0.5,0.081,0.0,0.0,0.0,0.0,72.2,0.5,1.9,77.3,0.8,199.9,645.1,0.01,1.5,136.5
Açafrão de feijão de boi crudo,573,3.5,0.9,0.3,1.5,99.6,0.0,39.8,17.9,0.0,0.07,18.5,0.0,1.1,1.1,0.0,0.3,4.7,2.5,0.6,2.5,0.0,0.0,0.0,142.0,1.8,16.6,556.1,2.6,731.5,2296.3,0.002,10.2,321.9
Frijoles daquele azul cozidos,255,1.1,0.2,0.3,0.9,47.4,0.7,15.0,19.1,0.0,0.4,116.1,0.0,0.4,0.3,0.0,0.1,1.2,0.5,0.3,0.0,0.0,0.08,0.002,125.6,0.4,4.3,96.5,1.0,262.1,708.0,0.012,1.9,212.5
Frijoles de melão crus,672,3.2,0.7,0.3,1.5,120.6,0.0,45.0,0.0,0.0,0.001,19.0,0.0,1.1,1.3,0.0,0.2,5.5,3.0,0.7,7.8,0.0,0.0,0.0,294.0,1.3,21.3,746.8,3.6,958.4,2334.4,0.095,3.8,491.9
Feijões de couve cozidos,81,0.4,0.037,0.039,0.2,14.5,2.3,5.4,4.6,0.0,0.037,49.0,0.0,0.0,0.1,0.1,0.0,0.015,0.3,0.3,0.025,0.3,0.0,0.2,0.033,16.8,0.2,1.8,37.1,0.3,109.2,194.6,0.012,25.166
Frijoles de moca cozidos,207,1.0,0.2,0.062,0.5,37.1,0.0,13.8,0.0,0.0,0.086,122.5,0.0,0.2,0.3,0.0,0.088,1.2,0.7,0.2,1.8,0.0,0.0,0.0,5.3,0.3,5.6,184.1,0.9,265.5,538.1,0.034,1.0,64.6
Feijão francês cozido,228,1.3,0.1,0.046,0.8,42.5,0.0,12.5,16.6,0.0,0.003,117.8,0.0,0.0,0.2,0.1,0.0,0.1,1.0,0.4,0.2,2.1,0.0,0.0,0.0,111.5,0.2,1.9,99.1,0.7,180.5,654.9,0.041,73.3
Frijoles de lima crusos,602,1.2,0.3,0.1,0.6,112.8,15.1,38.2,33.8,0.0,0.078,18.1,0.0,0.9,0.7,0.0,0.4,2.7,2.4,0.9,0.0,0.0,1.3,0.058,144.2,1.3,13.4,398.7,3.0,685.3,3068.7,0.087,5.0,343.6
Feijão com asas cru,744,29.7,4.2,10.9,7.9,75.9,0.0,54.0,47.1,0.0,0.09,15.2,0.0,1.9,0.084,0.0,0.8,5.6,1.4,0.3,0.0,0.0,0.0,0.0,800.8,5.2,24.5,325.8,6.8,820.8,1778.1,0.058,8.2,1032.0
Feijões adzuki cozidos,294,0.2,0.067,0.021,0.024,57.0,0.0,17.3,16.8,0.0,0.079,152.5,0.0,0.0,0.3,0.3,0.0,0.1,1.6,1.0,0.2,0.0,0.0,0.0,0.0,64.4,0.7,4.6,119.6,1.3,386.4,1223.6,0.022,92.2
Frijoles pretos crus,662,2.8,0.7,0.2,1.2,121.0,4.1,41.9,30.1,0.0,0.065,21.4,0.0,1.7,0.9,0.0,0.4,3.8,1.7,0.6,0.0,0.0,0.4,0.026,238.6,1.6,9.7,331.7,2.1,682.9,2877.0,0.057,7.1,444.1
Azeitonas de gergelim de vaca cozida,200,1.2,0.3,0.1,0.5,34.7,0.0,13.9,6.2,0.0,0.021,119.2,0.0,0.0,0.3,0.2,0.0,0.055,1.2,0.7,0.2,0.7,0.0,0.0,0.0,44.5,0.5,5.2,164.2,0.8,242.8,641.3,0.045,56.7
Feijões lima bebê cozidos,189,0.5,0.1,0.06,0.3,35.0,2.5,12.0,10.8,0.0,0.064,130.2,0.0,0.0,0.1,0.003,0.0,0.097,1.4,0.3,0.2,10.4,0.0,1.2,0.06,50.4,0.4,3.5,100.8,1.5,201.6,739.8,0.079,58.952
Avesas crudas,41,0.3,0.082,0.074,0.1,8.9,4.7,3.1,3.1,0.0,0.026,80.8,0.0,0.1,0.087,0.0,0.1,1.1,0.9,0.2,31.0,0.0,0.5,0.025,61.1,0.038,0.9,54.5,0.3,61.1,202.1,0.066,0.3,108.4
Feijões de camarão em lata,74,0.5,0.034,0.07,0.3,15.2,1.5,4.3,8.3,0.0,0.8,222.2,0.0,0.0,0.06,0.008,0.0,0.1,0.5,0.3,0.1,7.6,0.0,0.048,0.051,71.1,0.2,2.4,36.8,0.9,73.5,267.1,0.094,28.668
Feijoados crus,579,2.2,0.6,0.2,0.9,103.4,0.0,40.6,18.4,0.0,0.057,14.1,0.0,1.5,1.1,0.0,0.4,3.6,2.6,0.6,2.7,0.0,0.0,0.0,230.5,1.5,14.4,564.5,2.7,933.5,1932.2,0.054,5.8,412.2
Frijoles pintos enlatados,197,1.3,0.3,0.3,0.5,36.4,2.4,11.0,11.0,0.0,0.6,187.7,0.0,0.1,0.03,0.0,0.063,0.6,0.3,0.2,1.7,0.0,1.4,0.09,112.8,0.4,3.5,79.2,0.8,220.8,662.4,0.0,1.3,177.7
Aves de grão cozidas,269,4.2,0.4,1.0,1.9,45.0,7.9,14.5,12.5,0.0,0.08,98.7,0.0,0.2,0.3,0.0,0.1,0.9,0.5,0.2,2.1,0.0,0.6,0.024,80.4,0.6,4.7,78.7,1.7,275.5,477.2,0.031,2.5,163.4
Feijão de amoras crú,653,2.4,0.6,0.2,1.0,117.1,0.0,44.9,48.2,0.0,0.014,24.2,0.0,1.5,1.2,0.0,0.4,2.8,1.5,0.6,0.0,0.0,0.0,0.0,247.7,1.5,9.8,304.2,1.8,725.4,2597.4,0.041,7.1,470.1
Feijões de mungo cozidos,189,1.0,0.065,0.001,0.6,33.0,3.6,13.6,11.5,0.0,0.083,130.5,0.0,0.3,0.2,0.0,0.1,2.7,0.8,0.1,1.8,0.0,0.3,0.092,95.4,0.3,3.2,113.4,0.7,280.8,415.8,0.042,1.5,159.5
Tamarindas,5,0.013,0.023,0.038,0.036,1.3,0.8,0.057,0.1,0.0,0.007,0.6,0.0,0.0,0.084,0.062,0.0,0.012,0.04,0.078,0.058,0.09,0.0,0.053,0.03,1.5,0.032,0.005,1.8,0.0,2.3,12.6,0.009,1.708
Feijões amarelos de snap cozidos,44,0.4,0.037,0.065,0.2,9.9,4.5,2.4,4.1,0.0,0.096,111.5,0.0,0.0,0.094,0.063,0.0,0.1,0.8,0.083,0.062,12.1,0.0,0.6,0.025,57.5,0.1,1.6,31.3,0.4,48.8,373.8,0.037,17.003
Feijão-verde cozido,202,0.8,0.2,0.027,0.3,36.1,0.0,14.2,6.5,0.0,0.059,117.6,0.0,0.0,0.4,0.2,0.0,0.1,0.9,0.7,0.2,0.7,0.0,0.0,0.0,71.8,0.4,4.5,167.6,0.8,309.5,538.7,0.012,58.2
"Bacon, carne de boi, churrasco",146,12.5,4.5,6.2,1.2,0.2,0.2,8.2,0.0,28.9,0.4,6.1,0.0,0.2,0.077,0.054,0.09,1.4,0.3,0.1,0.0,0.0,0.0,0.091,4.0,0.039,0.5,4.8,0.064,40.2,109.0,0.02,0.9,25.4
Costela de cordeiro cru,912,60.7,26.4,24.9,4.8,0.0,0.0,85.8,0.0,326.6,0.3,304.0,0.0,0.5,0.014,0.013,0.9,24.8,3.1,0.7,0.0,0.0,1.1,0.0,49.9,0.5,7.6,99.8,0.072,771.1,970.7,0.095,23.7,204.0
Bacon,106,10.2,0.0,0.0,0.0,0.2,0.2,3.3,0.0,0.0,0.1,11.7,0.0,0.0,0.0,0.069,0.0,0.0,0.0,0.0,0.0,0.0,0.1,0.0,1.0,0.08,0.1,3.1,0.077,46.8,131.6,0.0,0.3,14.8
Costela de cordeiro assada,915,76.0,32.6,31.9,5.5,0.0,0.0,53.9,0.0,247.4,0.2,122.1,0.0,0.2,0.084,0.082,0.5,17.2,1.6,0.3,0.0,0.0,0.3,0.0,56.1,0.3,4.1,51.0,0.001,423.3,691.1,0.065,8.9,190.1
Pernil de cordeiro cru,912,61.2,26.3,25.1,4.9,0.0,0.0,84.3,0.0,303.9,0.3,304.7,0.0,0.6,0.033,0.002,1.0,28.2,3.1,0.7,0.0,0.0,1.0,0.0,36.3,0.5,7.8,108.9,0.056,807.4,1183.9,0.068,15.9,189.6
Escarraleira,60,3.9,1.3,1.7,0.5,4.0,0.063,2.3,0.052,13.9,0.1,17.7,0.2,0.091,0.032,0.011,0.049,0.6,0.0,0.03,0.7,0.075,0.039,0.057,2.0,0.024,0.5,3.7,0.0,21.5,44.7,0.017,0.3,13.63
Bolinhos de frango,61,4.1,0.7,1.5,1.3,3.0,0.039,3.2,0.2,8.6,0.1,9.3,0.015,0.011,0.041,0.064,0.049,0.054,1.2,0.2,0.095,0.1,0.01,0.2,0.058,2.2,0.091,0.2,4.8,0.023,54.4,50.2,0.009,10.792
Carne de borrego grelhada,886,61.5,25.4,26.0,4.4,0.0,0.0,77.5,0.0,303.6,0.3,172.4,0.0,0.3,0.062,0.064,0.8,21.0,2.1,0.4,0.0,0.079,0.4,0.003,68.9,0.4,5.6,75.1,0.071,629.1,1061.1,0.024,14.6,213.5
Carne de cordeiro cozida,678,45.0,18.6,19.1,3.2,0.0,0.0,63.8,0.0,240.0,0.2,139.6,0.0,0.3,0.013,0.068,0.7,16.4,1.7,0.4,0.0,0.0,0.0,0.0,40.0,0.3,4.8,60.0,0.07,482.5,795.0,0.026,11.9,153.6
Extensor de carniça,275,2.6,0.4,0.6,1.5,33.7,0.0,33.5,15.4,0.0,0.041,6.6,0.0,0.6,0.2,0.065,0.8,19.4,1.3,1.2,0.0,0.0,0.0,0.0,179.5,0.3,10.6,190.1,0.2,562.3,1673.8,0.038,1.9,275.3
Pernigão de cordeiro cru,1043,77.4,33.7,31.8,6.1,0.0,0.0,81.2,0.0,313.0,0.3,291.8,0.0,0.6,0.055,0.042,1.0,28.4,3.1,0.7,0.0,0.0,1.0,0.0,40.8,0.5,7.5,104.3,0.09,771.1,1129.5,0.025,15.1,206.9
Lombo de cordeiro grelhado,202,14.8,6.3,6.2,1.1,0.0,0.0,16.1,0.0,64.0,0.089,33.0,0.0,0.034,0.003,0.014,0.2,4.5,0.4,0.013,0.0,0.024,0.087,0.062,12.8,0.068,1.2,15.4,0.09,125.4,209.3,0.039,2.2,44.9
Pastel de frango,172,11.7,2.2,5.0,2.9,7.7,0.0,8.9,0.2,25.8,0.3,30.5,0.0,0.067,0.063,0.072,0.042,2.9,0.7,0.1,0.0,0.0,0.8,0.082,11.4,0.056,0.6,14.4,0.2,124.8,156.6,0.014,0.6,40.5
Assado de perna de cordeiro,605,33.5,13.7,14.2,2.4,0.0,0.0,71.0,0.0,242.1,0.2,163.2,0.0,0.3,0.085,0.051,0.7,17.6,1.9,0.4,0.0,0.0,0.4,0.0,26.9,0.3,5.3,67.3,0.089,532.6,876.9,0.057,12.5,136.7
Pão de barbecue,40,2.0,0.7,1.0,0.2,1.5,0.0,3.6,0.0,8.5,0.3,14.9,0.0,0.042,0.038,0.039,0.086,0.5,0.4,0.07,0.0,0.099,0.0,0.0,12.7,0.029,0.3,3.9,0.089,30.4,75.7,0.009,0.6,20.1
Filete de cordeiro assado,765,54.2,22.9,22.8,3.9,0.0,0.0,64.5,0.0,254.1,0.2,141.8,0.0,0.3,0.086,0.086,0.7,17.3,1.8,0.4,0.0,0.0,0.3,0.0,28.8,0.3,5.2,57.6,0.028,479.5,788.6,0.089,10.8,152.7
Salada de frango,26,1.8,0.4,0.4,0.8,1.0,0.0,1.5,0.0,3.9,0.079,8.6,0.084,0.066,0.093,0.037,0.081,0.2,0.011,0.009,0.1,0.063,0.3,0.0,1.3,0.072,0.097,1.3,0.049,4.3,23.8,0.024,0.1,5.781
Lombo de cordeiro cru,80,6.6,2.9,2.7,0.5,0.0,0.0,4.7,0.0,20.7,0.05,16.8,0.0,0.021,0.012,0.01,0.055,1.7,0.2,0.022,0.0,0.028,0.044,0.06,4.5,0.099,0.4,5.9,0.017,44.4,62.8,0.07,1.0,16.2
Cordeiro de costela crua,88,7.5,3.3,3.1,0.6,0.0,0.0,4.6,0.0,20.9,0.003,16.0,0.0,0.088,0.003,0.065,0.061,1.8,0.2,0.074,0.0,0.0,0.042,0.0,4.2,0.049,0.5,5.9,0.027,43.0,60.6,0.023,0.7,16.8
Alcatra de cordeiro crua,1234,100.3,44.1,41.2,7.8,0.0,0.0,76.8,0.0,326.6,0.3,273.5,0.0,0.5,0.027,0.072,1.0,28.8,3.2,0.6,0.0,0.0,1.0,0.0,45.4,0.5,7.3,99.8,0.024,721.2,1047.8,0.056,14.0,229.8
Pastel de salsicha da McDonald's,115,11.2,3.6,4.7,1.4,0.4,0.1,4.3,0.0,20.9,0.2,11.7,0.0,0.008,0.0,0.025,0.01,1.3,0.2,0.077,0.0,0.0,0.0,0.0,6.5,0.017,0.3,4.5,0.038,39.6,75.8,0.0,0.4,22.7
Pernil de cordeiro cozido,360,19.9,8.3,8.4,1.4,0.0,0.0,42.0,0.0,156.9,0.1,84.1,0.0,0.087,0.026,0.008,0.3,8.1,0.9,0.1,0.0,0.002,0.3,0.091,29.6,0.2,3.2,32.6,0.024,245.7,380.4,0.087,11.4,94.7
Sala de presunto,97,7.0,2.3,3.2,1.2,4.8,0.0,3.9,0.0,16.7,0.5,28.2,0.0,0.2,0.084,0.039,0.006,0.9,0.1,0.047,0.0,0.012,0.8,0.0,3.6,0.065,0.3,4.5,0.083,54.0,67.5,0.059,0.5,19.6
Côrnea de cordeiro cru,1687,156.0,68.8,64.1,12.2,0.0,0.0,65.9,0.0,344.7,0.3,230.4,0.0,0.5,0.044,0.009,0.9,27.6,2.8,0.5,0.0,0.0,0.8,0.0,68.0,0.4,6.3,81.6,0.015,621.4,861.8,0.019,12.3,296.2
Costela de cordeiro cru,1198,97.3,42.1,39.9,7.8,0.0,0.0,75.2,0.0,326.6,0.3,278.5,0.0,0.5,0.035,0.07,1.0,25.7,3.1,0.6,0.0,0.015,1.0,0.041,72.6,0.4,6.8,95.3,0.023,716.7,1043.3,0.02,17.9,251.9
Carne de cordeiro cru,1102,84.6,36.6,34.7,6.7,0.0,0.0,79.6,0.0,317.5,0.3,286.5,0.0,0.5,0.016,0.021,1.0,27.5,3.1,0.6,0.0,0.0,0.0,0.0,54.4,0.5,7.3,99.8,0.01,753.0,1084.1,0.078,16.0,225.9
Pernil de cordeiro cozido,750,53.5,22.5,21.9,4.4,0.0,0.0,62.5,0.0,252.9,0.2,98.5,0.0,0.2,0.041,0.024,0.5,13.8,1.3,0.2,0.0,0.0,0.3,0.0,54.5,0.3,5.2,52.3,0.04,405.5,540.6,0.094,13.9,175.7
Carne de cordeiro cozida,66,3.1,1.5,1.3,0.2,0.027,0.0,9.5,0.0,30.8,0.07,15.3,0.0,0.036,0.0,0.066,0.027,1.8,0.3,0.1,0.0,0.0,0.2,0.0,2.8,0.068,1.3,8.8,0.0,77.0,115.7,0.094,1.7,16.744
Pernil de cordeiro cozido,684,43.7,18.3,18.4,3.1,0.0,0.0,67.7,0.0,246.5,0.2,152.3,0.0,0.3,0.058,0.065,0.7,17.5,1.8,0.4,0.0,0.099,0.4,0.025,29.2,0.3,5.2,63.6,0.071,506.2,829.5,0.064,11.7,145.8
Bolinho de carne bovina,110,9.9,4.2,4.1,0.9,1.1,0.0,4.3,0.0,26.6,0.3,3.8,0.0,0.071,0.0,0.002,0.063,0.9,0.016,0.024,1.4,0.0,0.0,0.0,13.6,0.097,0.7,4.2,0.007,36.0,51.4,0.0,0.5,31.0
"""Carne de veado sirloa cozida""",517,26.9,10.6,10.6,1.8,0.0,0.0,64.1,0.0,221.4,0.2,111.7,0.0,0.1,0.032,0.048,0.7,13.5,2.1,0.7,0.0,0.0,0.8,0.0,34.9,0.3,2.5,55.4,0.072,498.2,658.1,0.058,8.9,128.4
Costela de veau cozida,444,22.2,8.8,8.2,1.7,0.0,0.0,57.4,0.0,246.0,0.2,94.4,0.0,0.033,0.058,0.057,0.5,13.3,1.9,0.6,0.0,0.0,0.6,0.092,38.9,0.2,2.5,44.3,0.076,371.7,541.6,0.046,9.9,121.0
Carne de veau cozida,483,23.8,8.9,9.2,1.7,0.0,0.0,62.9,0.0,238.3,0.2,119.3,0.0,0.1,0.064,0.057,0.7,16.7,2.6,0.6,0.0,0.0,0.8,0.069,46.0,0.2,2.4,54.3,0.084,499.5,679.3,0.061,9.9,135.1
Carne de rib de boi grelhada,238,19.1,7.7,8.2,0.7,0.0,0.0,15.4,0.0,57.0,0.01,32.0,0.0,0.049,0.075,0.031,0.1,2.5,0.2,0.2,0.0,0.037,0.2,0.015,6.7,0.086,1.6,13.4,0.062,115.9,196.3,0.01,3.9,42.8
Costela de veau crua,689,35.4,15.2,13.8,2.3,0.0,0.0,86.5,0.0,353.8,0.3,325.9,0.0,0.4,0.016,0.004,1.4,38.3,6.2,2.2,0.0,0.0,1.1,0.093,49.9,0.5,3.5,108.9,0.1,948.0,1492.3,0.004,11.6,175.3
Filete de língua de boi grelhado,323,19.0,6.5,8.6,0.6,0.8,0.0,37.0,0.0,116.1,0.1,76.7,0.9,0.063,0.1,0.018,0.016,0.4,5.6,0.0,0.6,0.0,0.03,0.0,0.019,9.5,0.2,4.5,36.5,0.0,318.6,507.6,0.077,58.507
Carne de boiço grelhada,983,46.7,17.9,22.6,2.3,0.0,0.0,140.8,0.0,480.4,0.3,260.9,1.9,0.002,0.3,0.03,0.068,1.1,17.9,3.5,1.5,0.0,0.022,0.4,0.044,62.9,0.5,14.4,98.8,0.085,929.4,1382.9,0.2,191.483
Carne de churrasco cru,244,8.3,3.6,4.3,0.7,0.0,0.0,42.2,0.0,132.7,0.2,145.9,0.069,0.2,0.085,0.011,0.4,7.1,1.7,0.8,0.0,0.055,0.4,0.099,21.8,0.2,4.8,49.5,0.087,445.5,685.1,0.032,15.8,77.128
Carne bovina cozida,375,24.8,10.0,12.0,0.7,0.0,0.0,35.5,0.0,122.3,0.1,77.5,1.6,0.0,0.007,0.098,0.06,0.3,6.8,1.1,0.6,0.0,0.0,0.7,0.052,57.0,0.1,3.4,27.8,0.044,280.8,455.9,0.081,62.697
Carne de boi cru,1506,136.1,51.2,59.7,3.2,0.0,0.0,65.1,0.0,353.8,0.3,246.7,0.0,0.2,0.071,0.004,0.6,15.3,1.9,1.3,0.0,0.0,2.2,0.004,108.9,0.2,7.4,63.5,0.045,598.8,988.8,0.001,16.2,317.5
Carne de boi picada Asda,48,0.7,0.3,0.0,0.0,10.5,0.054,0.0,0.0,0.0,0.0,0.0,0.0,0.0,0.0,0.0,0.0,0.0,0.0,0.0,0.0,0.0,0.0,0.0,0.0,0.0,0.0,0.0,0.0,0.0,0.0,0.0,0.0,11.2
Costela de veau crua,735,40.9,16.8,15.6,2.9,0.0,0.0,85.5,0.0,372.0,0.4,322.7,0.0,0.3,0.082,0.085,1.0,30.3,5.1,1.9,0.0,0.0,1.0,0.0,59.0,0.5,3.9,99.8,0.1,834.6,1315.4,0.045,14.7,189.3
Carne de veado crua em pó,41,1.9,0.8,0.7,0.1,0.0,0.0,5.5,0.0,23.2,0.029,20.6,0.0,0.093,0.005,0.045,0.095,2.1,0.4,0.1,0.0,0.0,0.086,0.0,4.2,0.048,0.2,6.8,0.026,57.4,89.1,0.076,0.9,11.8
Talha de ossos grelhada,1049,74.1,30.3,33.3,3.3,0.0,0.0,89.3,0.0,301.3,0.2,197.8,4.6,0.0,0.2,0.042,0.046,0.8,19.9,1.1,2.4,0.0,0.095,0.0,0.0,69.0,0.2,11.8,65.3,0.001,729.6,900.2,0.041,170.6
"Perna de veau, ronda, crua",531,14.0,5.4,5.1,1.1,0.0,0.0,95.2,0.0,353.8,0.3,339.3,0.0,0.4,0.064,0.019,1.2,42.7,4.9,2.1,0.0,0.0,1.4,0.03,22.7,0.5,3.6,117.9,0.1,997.9,1664.7,0.005,10.4,135.5
Carnes de top sirloin de bovino cru,1222,77.3,31.2,33.1,2.9,0.0,0.0,123.4,0.0,456.0,0.3,401.8,0.0,0.4,0.016,0.001,0.6,36.4,3.6,3.4,0.0,0.0,2.2,0.066,145.9,0.4,9.0,127.7,0.074,1137.0,1915.2,0.1,21.6,355.6
"Carne de boi, churrasco, assada",508,35.6,12.9,14.3,2.0,0.0,0.0,47.1,0.0,177.5,0.1,89.5,1.7,0.021,0.2,0.017,0.054,1.4,8.9,2.3,0.8,0.0,0.011,0.2,0.047,13.9,0.4,8.9,41.8,0.4,321.9,487.2,0.088,85.652
Carne de veal cozida,514,22.6,9.1,8.5,1.6,0.0,0.0,72.9,0.0,308.0,0.2,199.6,0.0,0.2,0.03,0.032,0.8,24.0,3.5,1.2,0.0,0.0,0.4,0.006,50.8,0.3,3.0,71.8,0.1,648.8,1007.6,0.011,11.6,149.3
Costela de veau cozida,574,17.2,6.9,6.4,1.3,0.0,0.0,98.4,0.0,364.5,0.2,150.9,0.0,0.2,0.067,0.072,1.0,28.7,2.8,1.0,0.0,0.0,1.3,0.096,21.8,0.4,3.6,78.9,0.1,677.3,1041.8,0.089,10.8,141.0
Carne de porterhouse crua,1170,91.1,36.4,40.6,3.4,0.0,0.0,81.6,0.0,308.4,0.2,273.1,0.0,0.5,0.095,0.02,0.8,15.9,1.4,1.7,0.0,0.0,0.0,0.0,27.2,0.3,8.8,86.2,0.011,762.0,1338.1,0.013,14.3,208.7
Costela de veau crua,513,15.8,4.8,5.7,1.6,0.0,0.0,86.9,0.0,340.2,0.4,348.9,0.0,0.4,0.075,0.035,1.2,33.8,5.9,2.0,0.0,0.0,0.0,0.0,90.7,0.3,3.4,95.3,0.009,866.4,1424.3,0.068,18.1,196.8
Peito de veado cozido,753,47.5,18.5,22.7,3.2,0.0,0.0,76.3,0.0,319.8,0.2,158.3,0.0,0.2,0.089,0.081,0.8,22.6,2.9,0.7,0.0,0.0,0.0,0.0,25.5,0.2,2.2,56.6,0.027,540.5,769.8,0.057,10.3,151.5
Carne de bovino em conserva,53,3.1,1.3,1.3,0.1,0.0,0.0,5.7,0.0,18.1,0.2,12.1,0.0,0.076,0.057,0.018,0.049,0.5,0.1,0.032,0.0,0.016,0.02,0.041,2.5,0.012,0.4,2.9,0.092,23.3,28.6,0.054,0.7,11.7
Carne de rib eye grelhada,680,47.7,21.2,23.0,2.2,0.0,0.0,62.4,0.0,195.8,0.1,139.5,0.047,0.2,0.036,0.002,0.8,12.9,0.0,1.3,0.0,0.032,0.0,0.065,30.1,0.2,6.0,57.7,0.0,409.1,700.3,0.085,15.9,146.262
Costela de veau crua,0,0.0,0.0,0.0,0.0,0.0,0.0,0.0,0.0,0.0,0.0,0.0,0.0,0.0,0.0,0.0,0.0,0.0,0.0,0.0,0.0,0.0,0.0,0.0,0.0,0.0,0.0,0.0,0.0,0.0,0.0,0.0,0.0,0.0
"""Carne de t-bone crua",1052,76.3,30.4,33.9,2.8,0.0,0.0,85.7,0.0,281.2,0.2,282.5,0.0,0.5,0.007,0.038,0.8,16.4,1.4,1.7,0.0,0.0,0.0,0.0,27.2,0.4,9.5,90.7,0.034,784.7,1397.1,0.044,14.7,198.7
Carne de sirloin,324,14.1,5.2,6.1,1.1,0.0,0.0,49.5,0.0,144.4,0.6,99.9,0.6,0.0,0.1,0.0,0.051,0.6,9.4,1.5,1.1,0.0,0.0,0.9,0.0,16.6,0.2,4.3,44.8,0.082,381.8,629.1,0.083,65.5
Carne de boiada cozida,137,4.9,1.5,2.3,0.3,0.0,0.0,21.9,0.0,55.3,0.028,55.7,0.0,0.09,0.025,0.063,0.2,3.1,0.0,0.3,0.0,0.0,0.1,0.0,6.8,0.1,2.6,19.6,0.0,198.9,249.1,0.073,6.7,36.2
"Carne de boi, cortada, cozida",385,12.1,4.3,5.1,0.5,0.0,0.0,64.8,0.0,174.3,0.011,126.8,0.0,0.1,0.032,0.042,0.3,11.3,1.3,0.9,0.0,0.0,0.8,0.064,14.4,0.2,5.2,41.0,0.033,395.7,516.6,0.091,10.7,96.5
Costela de fraldinha crua,1125,88.0,35.5,38.6,3.2,0.0,0.0,77.8,0.0,322.1,0.3,277.7,0.0,0.5,0.04,0.028,0.8,9.9,1.3,1.6,0.0,0.0,0.0,0.0,45.4,0.3,9.3,77.1,0.056,734.8,1229.3,0.049,22.6,220.5
Costela de boi crua,349,17.3,7.5,9.0,1.8,0.0,0.0,48.2,0.0,164.9,0.2,171.8,0.014,0.2,0.082,0.021,0.6,9.2,2.2,1.0,0.0,0.017,0.4,0.06,28.7,0.2,6.0,45.4,0.02,480.4,800.7,0.09,18.0,100.218
Carne de boi de corte superior cozida,184,10.0,3.3,4.6,0.4,0.0,0.0,21.9,0.0,51.9,0.002,52.3,0.0,0.1,0.016,0.095,0.2,3.2,0.8,0.3,0.0,0.0,0.1,0.0,6.0,0.057,2.3,20.4,0.0,181.9,254.2,0.098,7.4,40.2
Carne de boi cozida,53,4.0,1.3,1.9,0.1,0.006,0.0,3.8,0.0,20.6,0.2,12.6,0.0,0.048,0.094,0.066,0.027,0.6,0.082,0.034,0.0,0.015,0.022,0.096,1.7,0.009,0.4,2.5,0.025,26.3,30.5,0.034,1.0,9.905
"Carne bovina, churrasco cru",753,36.0,14.2,15.5,1.4,0.0,0.0,100.1,0.0,313.0,0.3,313.2,0.0,0.4,0.079,0.067,0.6,29.9,2.9,3.0,0.0,0.0,1.5,0.079,95.3,0.4,8.4,108.9,0.035,961.6,1583.1,0.1,18.5,239.8
Costeleta de bovinho grelhada,155,5.8,2.5,3.0,0.6,0.0,0.0,24.0,0.0,68.9,0.014,54.4,0.063,0.083,0.043,0.055,0.2,4.7,0.7,0.6,0.0,0.012,0.072,0.067,10.2,0.056,2.5,21.3,0.03,208.3,311.1,0.084,6.8,42.589
Carne de churrasco crua,856,62.8,26.7,29.7,4.5,0.0,0.0,72.4,0.0,261.1,0.3,247.6,0.095,0.3,0.017,0.03,0.6,16.7,2.5,1.4,0.0,0.047,0.6,0.077,53.8,0.2,8.1,73.0,0.007,687.4,1263.4,0.097,27.9,197.159
Carne de bife de rodilho cozinhou,980,35.1,12.1,14.7,1.5,0.0,0.0,155.8,0.0,426.4,0.2,261.0,0.0,0.4,0.045,0.014,0.9,28.0,3.1,2.1,0.0,0.075,2.0,0.091,31.8,0.4,13.0,104.3,0.038,984.3,1279.2,0.2,26.8,235.7
Carne de porterhouse grelhada,235,16.4,6.2,7.4,0.6,0.0,0.0,20.4,0.0,57.0,0.085,46.5,0.0,0.099,0.069,0.024,0.2,3.6,0.3,0.3,0.0,0.0,0.2,0.0,6.0,0.1,2.5,18.7,0.095,164.1,254.2,0.087,3.9,45.3
"Carne de boi, corte de blade steak, crua",1235,80.8,32.6,37.4,5.9,0.0,0.0,126.8,0.0,431.0,0.3,241.6,0.057,0.3,0.061,0.091,1.0,16.9,3.3,1.4,0.0,0.093,0.4,0.076,62.9,0.4,12.6,89.8,0.036,812.7,1225.8,0.1,42.9,283.198
"Carne de boi, churrasco cru",617,46.8,19.0,20.6,2.3,0.9,0.0,47.8,0.0,188.9,0.2,168.0,0.071,0.3,0.089,0.058,1.5,10.9,3.0,1.0,0.0,0.008,0.4,0.016,16.0,0.5,9.1,50.5,0.5,377.7,643.7,0.048,12.6,120.656
Carne de bovino em lata,111,7.9,3.9,3.6,0.4,0.0,0.0,9.2,0.0,34.7,0.095,27.5,0.0,0.037,0.013,0.037,0.082,1.9,0.041,0.041,0.0,0.0,0.9,0.018,4.5,0.079,1.0,7.2,0.088,63.0,102.2,0.055,2.2,22.6
Bacon de carne de boi para strip de breakfast cru,92,8.8,3.6,4.2,0.5,0.2,0.0,2.8,0.0,18.5,0.2,10.2,0.0,0.068,0.067,0.027,0.074,0.7,0.078,0.078,5.4,0.0,0.0,0.0,0.9,0.013,0.3,2.5,0.031,22.6,34.6,0.033,0.5,18.4
Carpulão de bovino cozido,589,43.6,16.8,19.4,1.5,0.0,0.0,46.0,0.0,165.5,0.1,88.3,0.0,0.1,0.026,0.021,0.4,5.8,0.6,0.5,0.0,0.041,0.3,0.082,12.5,0.2,4.4,35.6,0.076,368.5,446.8,0.063,10.3,106.5
Carne de bovino enlatada crua,898,67.6,21.5,32.6,2.4,0.6,0.0,66.6,0.0,244.9,5.5,301.9,0.0,0.2,0.007,0.006,0.7,16.6,2.6,1.3,122.5,0.0,0.0,0.0,31.8,0.5,7.7,63.5,0.012,530.7,1347.2,0.07,12.9,296.8
Carne moída de boi Asda,55,3.1,1.3,0.0,0.0,6.8,0.054,0.0,0.0,0.0,0.0,0.0,0.0,0.0,0.0,0.0,0.0,0.0,0.0,0.0,0.0,0.0,0.0,0.0,0.0,0.0,0.0,0.0,0.0,0.0,0.0,0.0,0.0,9.9
"Pastrami de carne de bovino, sem gordura",9,0.1,0.0,0.036,0.099,0.1,0.0,1.9,0.0,4.5,0.005,7.1,0.0,0.04,0.076,0.051,0.043,0.5,0.073,0.079,3.3,0.0,0.0,0.0,0.9,0.078,0.3,1.7,0.047,14.3,21.7,0.044,0.4,6.6
Carne de churrasco crua,743,54.5,24.0,25.7,2.6,0.4,0.0,62.8,0.0,221.7,0.2,205.4,0.087,0.3,0.025,0.039,0.8,15.6,0.0,1.3,0.0,0.088,0.0,0.076,26.1,0.2,5.9,65.2,0.0,446.6,802.0,0.01,16.2,149.722
Alecete de filete de bovino cozido,374,24.0,9.4,10.0,0.9,0.0,0.0,37.0,0.0,135.8,0.061,78.5,0.0,0.1,0.016,0.067,0.2,9.9,0.7,0.8,0.0,0.028,0.7,0.028,26.6,0.1,2.4,30.8,0.076,287.0,460.6,0.018,6.7,90.0
Churrasco de cordeiro cozido,842,62.0,24.7,26.8,2.2,0.0,0.0,66.1,0.0,256.9,0.2,117.7,0.0,0.2,0.005,0.024,0.6,6.0,0.8,0.6,0.0,0.003,0.5,0.006,32.1,0.3,7.7,46.9,0.089,498.9,575.5,0.061,20.8,167.9
Carne de bovino curada seca,4,0.019,0.086,0.088,0.007,0.06,0.006,0.9,0.0,2.2,0.049,1.5,0.0,0.017,0.058,0.025,0.002,0.1,0.065,0.032,0.0,0.0,0.026,0.087,0.2,0.091,0.004,0.5,0.018,5.1,6.6,0.01,0.1,1.333
Carne de boieta grelhada,380,17.5,7.2,7.1,0.7,0.0,0.0,51.8,0.0,152.3,0.068,119.1,0.0,0.1,0.021,0.003,0.2,14.0,1.0,1.0,0.0,0.0,0.7,0.069,33.8,0.2,3.4,41.4,0.095,377.9,612.9,0.073,9.0,106.5
Carne de chuck-eye grelhada,853,60.5,26.7,29.1,4.4,0.0,0.0,76.9,0.0,268.0,0.2,170.1,4.0,0.012,0.2,0.083,0.085,0.6,14.4,2.3,1.1,0.0,0.093,0.3,0.02,49.3,0.2,7.5,67.8,0.045,594.4,1001.0,0.012,142.79
Carne de veau crua,653,30.7,12.7,11.7,2.2,0.0,0.0,87.8,0.0,372.0,0.4,330.4,0.0,0.4,0.097,0.061,1.2,34.0,5.9,1.9,0.0,0.0,1.2,0.0,68.0,0.5,3.8,108.9,0.1,920.8,1428.8,0.095,13.9,190.3
Costela de veau cozida,80,4.9,1.9,1.9,0.3,0.0,0.0,8.5,0.0,33.4,0.001,14.7,0.0,0.011,0.096,0.069,0.053,2.6,0.2,0.039,0.0,0.0,0.1,0.049,7.9,0.074,0.3,6.8,0.047,62.3,79.2,0.082,1.0,21.6
Costela de veau crua,46,2.6,1.1,1.0,0.2,0.0,0.0,5.3,0.0,22.4,0.079,19.9,0.0,0.025,0.033,0.072,0.091,2.4,0.4,0.1,0.0,0.0,0.02,0.094,4.5,0.027,0.2,6.5,0.07,56.3,86.0,0.089,0.7,12.6
Costela de veau cozida,435,19.4,7.2,7.4,1.4,0.0,0.0,61.2,0.0,240.7,0.2,107.7,0.0,0.1,0.049,0.005,0.6,12.3,2.9,0.5,0.0,0.0,0.8,0.06,66.9,0.3,2.7,51.6,0.037,477.5,590.2,0.091,12.6,150.2
Carne de tenderloim de bovino crua,405,29.8,12.0,12.7,1.1,0.0,0.0,32.2,0.0,139.4,0.032,100.9,0.0,0.1,0.087,0.098,0.2,9.5,0.9,0.9,0.0,0.0,0.7,0.056,37.7,0.1,2.3,32.8,0.094,295.2,495.3,0.049,5.6,102.0
Costela de veau cozida,371,12.0,4.0,4.5,1.0,0.0,0.0,61.2,0.0,240.6,0.2,119.8,0.0,0.062,0.018,0.016,0.6,18.3,2.4,0.5,0.0,0.0,0.0,0.0,64.0,0.2,2.4,48.5,0.017,436.5,591.7,0.099,12.9,139.6
Carne de boieta crua,1139,86.5,34.2,38.6,3.0,0.0,0.0,83.6,0.0,308.4,0.3,277.1,0.0,0.4,0.036,0.016,0.7,15.8,1.4,1.7,0.0,0.0,0.0,0.0,27.2,0.3,7.7,86.2,0.034,802.9,1279.2,0.033,16.8,205.0
Pastrami de bovinos,104,4.1,1.9,1.5,0.1,0.3,0.08,15.5,0.0,48.3,0.8,49.4,0.0,0.084,0.031,0.072,0.1,3.0,0.2,0.2,0.2,0.09,0.085,0.038,7.1,0.024,1.6,12.1,0.048,124.3,149.1,0.075,3.5,28.8
Fraldado de carne de vaca crua,47,2.3,1.0,1.0,0.038,0.0,0.0,6.0,0.0,19.2,0.054,19.7,0.0,0.082,0.05,0.046,0.07,1.9,0.2,0.2,0.0,0.097,0.034,0.072,7.6,0.095,0.4,6.2,0.061,54.6,93.4,0.076,1.1,16.3
Carne de bife top sirloin cozida,430,25.2,9.9,10.5,1.0,0.0,0.0,47.7,0.0,162.8,0.055,103.3,0.0,0.1,0.075,0.072,0.2,12.7,0.9,1.0,0.0,0.009,0.8,0.069,35.4,0.1,3.1,38.9,0.063,369.9,594.7,0.026,8.6,111.4
Pechuga de veau cru,943,66.9,26.7,32.5,4.3,0.0,0.0,79.2,0.0,322.1,0.3,307.0,0.0,0.0,0.0,0.0,0.0,0.0,0.0,0.0,0.0,0.0,0.0,0.0,31.8,0.4,2.4,81.6,0.046,780.2,1297.3,0.007,10.6,180.3
Carne de rib de boi crua,1433,123.8,51.2,53.0,4.5,0.0,0.0,73.8,0.0,322.1,0.2,247.3,0.0,0.4,0.017,0.061,0.6,11.8,1.5,1.3,0.0,0.0,0.0,0.0,36.3,0.3,7.8,72.6,0.045,694.0,1179.4,0.067,17.0,241.7
Jerky de carne,82,5.1,2.2,2.3,0.2,2.2,1.8,6.6,0.4,9.6,0.4,4.7,0.0,0.059,0.093,0.061,0.084,0.3,0.045,0.048,0.0,0.022,0.018,0.081,4.0,0.029,1.1,10.2,0.072,81.4,119.4,0.046,1.6,19.4
Tiras de carne de boi para breakfast cozidas,51,3.9,1.6,1.9,0.2,0.2,0.0,3.5,0.0,13.4,0.3,3.0,0.0,0.077,0.02,0.001,0.034,0.7,0.085,0.013,0.0,0.025,0.05,0.016,1.0,0.06,0.4,3.1,0.097,26.7,46.6,0.023,0.7,9.0
Pão de carneiro com azeitona,66,4.6,1.6,2.2,0.5,2.6,0.0,3.3,0.0,10.6,0.3,16.3,0.019,0.097,0.069,0.03,0.071,0.5,0.2,0.073,0.0,0.024,0.031,0.065,30.5,0.023,0.2,5.3,0.015,35.6,83.2,0.087,0.4,41.265
Carne de boi em conserva em forma de pâté,31,0.9,0.4,0.4,0.034,0.0,0.0,5.3,0.0,9.5,0.4,20.9,0.0,0.01,0.027,0.068,0.094,1.4,0.2,0.078,0.0,0.0,0.0,0.0,2.8,0.1,1.0,5.0,0.058,38.9,112.6,0.032,1.0,10.0
Pastrami de pavio,38,1.8,0.5,0.6,0.5,0.5,1.0,4.6,0.062,19.4,0.3,20.4,0.057,0.044,0.035,0.043,0.071,1.0,0.2,0.021,2.3,0.003,0.058,0.0,3.1,0.023,1.2,4.0,0.055,57.0,98.3,0.014,0.6,13.579
Salame de porco,41,3.4,1.2,1.6,0.4,0.2,0.0,2.3,0.0,7.9,0.2,3.6,0.0,0.056,0.094,0.035,0.072,0.6,0.1,0.072,0.0,0.0,0.0,0.0,1.3,0.077,0.1,2.2,0.042,22.9,37.8,0.041,0.4,7.3
Bacon canadense crudo,45,2.0,0.6,0.9,0.2,0.5,0.0,5.9,0.0,14.3,0.3,19.1,0.0,0.2,0.04,0.017,0.093,1.8,0.1,0.1,0.0,0.004,0.035,0.0,2.3,0.069,0.2,4.8,0.006,69.3,98.0,0.082,0.4,10.9
Pão do mel,85,3.6,1.3,1.7,0.3,2.6,2.6,9.9,0.0,26.2,0.4,38.4,0.0,0.2,0.046,0.028,0.2,1.8,0.4,0.2,0.0,0.021,0.1,0.048,30.8,0.085,0.6,11.4,0.002,96.9,224.6,0.038,1.8,47.5
"Carne de porco, carne de boi, salame",37,3.1,1.1,1.4,0.5,0.076,0.008,2.1,0.0,10.6,0.2,4.0,0.093,0.086,0.042,0.0,0.042,0.096,0.6,0.1,0.032,0.0,0.059,0.088,0.0,2.4,0.042,0.1,2.0,0.06,18.8,35.6,0.06,5.334
"Carne de boi, carne de porco, linguiça de boi",92,7.4,2.8,3.2,0.3,1.6,1.3,4.6,0.0,18.0,0.3,15.6,0.078,0.058,0.072,0.06,0.031,0.8,0.1,0.099,0.2,0.045,0.0,0.002,25.5,0.081,0.4,5.1,0.027,48.9,94.5,0.093,0.7,39.702
"Carne de porco, carne de bovino, salame cozinhou",41,3.2,1.1,1.4,0.3,0.3,0.1,2.7,0.0,10.9,0.2,5.6,0.0,0.079,0.039,0.014,0.007,0.7,0.1,0.001,0.0,0.09,0.075,0.048,1.8,0.071,0.2,2.3,0.1,23.5,38.9,0.022,0.4,8.2
Barra de strips de porco para o café crua,88,8.4,2.9,3.8,1.3,0.2,0.0,2.7,0.0,15.6,0.2,10.7,0.0,0.1,0.047,0.066,0.049,0.8,0.1,0.084,6.1,0.0,0.0,0.0,1.8,0.057,0.2,2.7,0.034,31.0,46.1,0.037,0.4,19.4
Pão de pimentão e pepino,86,6.1,2.0,2.7,1.1,3.2,3.2,4.3,0.6,22.0,0.4,22.9,0.007,0.1,0.093,0.063,0.065,0.9,0.2,0.2,3.0,0.079,0.2,0.036,41.4,0.005,0.5,12.9,0.024,58.1,141.0,0.047,0.6,59.105
Pão de luxo,39,1.3,0.4,0.7,0.1,1.4,0.0,5.2,0.0,10.1,0.3,19.1,0.0,0.2,0.055,0.055,0.033,1.0,0.1,0.011,0.0,0.08,0.0,0.0,10.1,0.015,0.3,5.6,0.004,51.8,105.6,0.009,0.9,18.3
Mortadella,47,3.8,1.4,1.7,0.5,0.5,0.0,2.5,0.0,8.4,0.2,7.8,0.0,0.07,0.015,0.011,0.089,0.4,0.084,0.094,0.0,0.021,0.067,0.018,2.7,0.032,0.2,1.7,0.098,14.6,24.5,0.036,0.3,9.7
Baconete de porco,69,5.6,1.9,2.7,0.6,0.2,0.0,4.3,0.0,16.5,0.3,17.0,0.0,0.1,0.077,0.087,0.077,1.1,0.2,0.096,0.0,0.032,0.035,0.04,3.1,0.099,0.2,3.9,0.092,38.9,78.7,0.023,0.6,13.4
Salame de pavo cozido,9,0.5,0.1,0.2,0.1,0.081,0.063,1.0,0.054,3.8,0.023,3.4,0.085,0.068,0.036,0.048,0.075,0.2,0.061,0.001,0.0,0.057,0.017,0.094,2.0,0.026,0.026,1.1,0.025,13.3,10.8,0.072,0.1,3.796
Pepperoni e carne de bovino,10,0.9,0.3,0.3,0.053,0.0,0.0,0.5,0.0,2.1,0.09,0.6,0.0,0.088,0.07,0.032,0.014,0.026,0.07,0.006,0.097,0.04,0.0,0.043,0.4,0.009,0.035,0.4,0.014,3.5,5.6,0.035,0.027,1.902
Pão temperado,42,1.8,0.6,0.9,0.1,1.3,1.3,4.9,0.0,13.1,0.2,19.2,0.0,0.1,0.064,0.012,0.005,0.9,0.2,0.081,0.0,0.079,0.084,0.032,15.4,0.047,0.3,5.7,0.046,48.5,112.3,0.059,0.9,23.7
Carne de boi para lanche,10,0.3,0.1,0.1,0.013,0.0,0.0,1.8,0.0,3.2,0.1,6.9,0.0,0.057,0.095,0.5,0.067,0.4,0.007,0.054,0.0,0.026,0.059,0.076,0.9,0.011,0.3,1.7,0.054,12.9,37.4,0.055,0.3,3.3
Boloche lebanês,98,6.0,1.6,2.5,0.1,0.3,0.0,10.8,0.0,31.4,0.8,37.5,0.052,0.066,0.024,0.093,0.051,1.8,0.2,0.2,0.5,0.065,0.3,0.073,11.4,0.093,1.2,11.4,0.002,109.4,188.1,0.059,2.2,30.243
"frango, porco, bologna",94,8.6,2.8,3.7,1.2,1.2,0.0,2.9,0.0,24.4,0.3,14.2,0.01,0.094,0.081,0.001,0.041,1.0,0.2,0.081,3.7,0.0,0.2,0.048,54.9,0.056,0.3,4.5,0.042,62.4,45.4,0.0,0.3,71.678
Pão de frango,40,1.9,0.6,0.6,0.5,0.6,0.0,4.9,0.0,14.9,0.1,18.9,0.0,0.038,0.072,0.075,0.013,1.3,0.2,0.089,0.0,0.075,0.009,0.0,8.6,0.088,0.4,4.9,0.085,45.4,72.9,0.049,0.5,16.4
Salame de bovino cozido,68,5.8,2.6,2.8,0.3,0.5,0.4,3.3,0.0,18.5,0.3,15.6,0.0,0.046,0.036,0.012,0.099,0.8,0.2,0.051,0.0,0.044,0.093,0.082,1.6,0.014,0.6,3.4,0.083,53.3,48.9,0.088,0.5,11.8
Chouriço de yacht cozido,150,12.7,4.4,0.0,0.0,0.8,0.0,8.3,0.0,35.8,0.5,32.6,0.0,0.0,0.0,0.0,0.0,0.0,0.0,0.0,0.0,0.0,0.0,0.0,10.6,0.0,0.6,0.0,0.0,0.0,0.0,0.0,0.0,33.0
Salame italiano,43,3.7,1.3,1.8,0.4,0.1,0.1,2.2,0.0,8.0,0.2,3.5,0.0,0.025,0.024,0.071,0.009,0.6,0.1,0.015,0.0,0.0,0.0,0.0,1.0,0.057,0.2,2.2,0.052,22.9,34.0,0.035,0.4,7.2
"""Frango de caipira Uma sentença apenas, sem explicações""",38,1.6,0.1,0.2,0.3,0.3,0.1,5.5,0.0,18.8,0.3,20.2,0.0,0.094,0.096,0.044,0.011,1.0,0.2,0.024,0.0,0.0,0.1,0.0,1.4,0.047,0.4,5.6,0.074,85.1,83.7,0.043,0.7,9.2
Bolo de pavô,59,4.5,1.2,1.9,1.1,1.3,0.8,3.2,0.1,21.0,0.3,18.1,0.025,0.046,0.098,0.0,0.085,0.7,0.1,0.004,3.7,0.032,0.1,0.037,34.4,0.04,0.8,4.5,0.086,31.9,37.8,0.059,0.4,48.096
Pouco de peito de frango cortado,17,0.6,0.1,0.2,0.2,0.4,0.1,2.4,0.0,7.8,0.1,12.2,0.038,0.0,0.084,0.021,0.076,0.087,1.1,0.089,0.006,0.0,0.049,0.007,0.0,2.2,0.023,0.051,3.0,0.025,39.8,59.4,0.097,3.572
Carne de porco e bovino para almoço,99,9.0,3.2,4.2,1.0,0.7,0.0,3.5,0.0,15.4,0.4,13.8,0.0,0.072,0.011,0.028,0.074,0.8,0.2,0.025,0.0,0.094,0.038,0.058,2.5,0.041,0.2,3.9,0.092,24.1,56.6,0.058,0.5,15.9
Bolinho de carne de vaca,90,7.8,3.1,3.7,0.4,1.3,0.6,3.3,0.0,17.1,0.3,16.6,0.4,0.043,0.019,0.052,0.031,0.014,0.7,0.1,0.085,4.6,0.083,0.2,0.053,6.3,0.01,0.4,3.9,0.055,46.2,105.3,0.018,12.962
Bacon de pato cozinharado,313,22.9,6.8,8.9,5.6,2.5,0.0,24.3,0.0,80.4,1.9,26.7,0.0,0.04,0.021,0.045,0.2,2.9,0.0,0.3,0.0,0.076,0.8,0.028,7.4,0.1,1.7,23.8,0.0,377.2,323.9,0.092,2.5,58.8
Emo cru ground cozido,178,5.1,1.4,2.1,0.7,0.0,0.0,31.0,0.0,94.8,0.025,71.8,0.2,0.0,0.3,0.038,0.014,0.6,9.7,3.4,0.9,0.0,0.0,0.3,0.044,8.7,0.3,5.5,31.6,0.085,293.2,408.8,0.044,37.595
Pernas de avestruz cruas,94,1.5,0.5,0.5,0.3,0.0,0.0,19.0,0.0,56.1,0.067,64.6,0.0,0.2,0.034,0.097,0.3,4.1,1.0,0.4,0.0,0.0,0.2,0.0,4.3,0.1,2.0,18.7,0.06,187.0,272.0,0.026,3.3,26.8
Couro de estronço cru,108,2.4,0.8,1.0,0.5,0.0,0.0,20.1,0.0,62.1,0.086,63.0,0.0,0.2,0.011,0.03,0.3,4.4,1.1,0.5,0.0,0.0,0.2,0.0,4.3,0.1,3.6,19.6,0.088,192.1,280.5,0.005,3.4,30.4
Filé de emu cozido,607,9.1,2.3,3.6,1.3,0.0,0.0,123.2,0.0,323.1,0.2,261.7,0.0,1.4,0.05,0.062,2.4,38.7,13.3,3.6,0.0,0.0,0.9,0.0,23.6,0.9,18.0,118.2,0.1,1071.7,1564.2,0.2,12.6,173.9
Couro de frango-de-ostrich crudo,105,2.7,1.0,1.0,0.6,0.0,0.0,18.8,0.0,68.0,0.005,63.3,0.0,0.2,0.1,0.049,0.2,4.1,1.0,0.4,0.0,0.0,0.2,0.0,5.1,0.1,4.1,18.7,0.019,187.0,272.0,0.087,3.3,30.7
Bateria de emu cozida,649,8.4,2.7,3.6,1.7,0.0,0.0,134.7,0.0,378.6,0.5,267.5,0.084,1.7,0.042,0.084,2.6,42.3,14.6,3.9,0.0,0.0,1.0,0.0,25.0,1.1,30.2,137.3,0.1,1277.1,1297.9,0.2,21.2,198.375
Tartaruga-verde crua,25,0.1,0.015,0.093,0.074,0.0,0.0,5.6,0.0,14.2,0.099,22.2,0.089,0.024,0.087,0.019,0.084,0.3,0.0,0.088,0.0,0.0,0.1,0.081,33.4,0.08,0.4,5.7,0.0,50.9,65.1,0.035,0.3,39.567
Búfalo cozinhe,448,21.6,8.7,8.2,1.0,0.0,0.0,63.6,0.0,177.5,0.2,162.7,0.0,0.3,0.015,0.006,0.7,14.9,0.0,1.0,0.0,0.0,0.5,0.011,35.0,0.4,8.0,57.5,0.0,532.5,882.5,0.006,13.4,128.2
Carne de cabra crua,494,10.5,3.2,4.7,0.8,0.0,0.0,93.4,0.0,258.6,0.4,344.0,0.0,0.5,0.084,0.03,2.2,17.0,0.0,0.0,0.0,0.0,0.0,0.0,59.0,1.2,12.8,0.0,0.2,816.5,1746.4,0.01,18.1,175.7
"""Emo cru ground raw""",157,4.7,1.2,1.9,0.7,0.0,0.0,26.6,0.0,80.7,0.062,85.3,0.0,0.3,0.073,0.051,0.5,8.8,3.2,0.8,0.0,0.0,0.3,0.0,8.2,0.2,4.7,28.1,0.02,259.7,374.4,0.061,4.1,44.2
Ostriche crua em pedra,180,9.5,2.4,2.9,1.0,0.0,0.0,22.0,0.0,77.4,0.021,77.5,0.0,0.2,0.071,0.032,0.3,4.8,1.2,0.5,0.0,0.0,0.3,0.0,7.6,0.1,3.2,21.8,0.025,216.9,317.2,0.067,3.8,42.3
Tira de estriche cozida,123,2.2,0.9,0.8,0.4,0.0,0.0,24.2,0.0,72.3,0.086,58.2,0.0,0.2,0.02,0.077,0.2,6.1,1.1,0.5,0.0,0.0,0.2,0.0,5.1,0.1,2.4,21.3,0.013,213.4,307.7,0.019,4.1,33.9
Caribó cozido,210,6.4,2.5,2.0,1.0,0.0,0.0,38.0,0.0,141.2,0.004,86.4,0.1,0.4,0.055,0.032,1.1,7.8,2.0,0.5,0.0,0.0,1.2,0.009,6.6,0.4,6.3,31.7,0.049,283.8,323.4,0.073,5.7,57.4
Ostróio grelhado,163,6.6,1.7,2.0,0.7,0.0,0.0,24.3,0.0,77.2,0.099,62.4,0.2,0.0,0.2,0.045,0.044,0.2,6.1,1.1,0.5,0.0,0.033,0.2,0.0,7.4,0.1,3.2,21.4,0.076,208.3,300.4,0.033,31.712
Perniga de ostriche cozida,120,1.6,0.6,0.6,0.3,0.0,0.0,24.7,0.0,62.1,0.016,59.5,0.0,0.2,0.074,0.023,0.3,6.2,1.1,0.5,0.0,0.0,0.2,0.0,5.1,0.1,2.7,21.3,0.035,207.4,299.2,0.05,4.0,34.1
Costela de ostrich cozida,132,3.3,1.1,1.1,0.3,0.0,0.0,23.9,0.0,79.1,0.029,57.8,0.1,0.0,0.2,0.082,0.062,0.2,6.0,1.1,0.5,0.0,0.0,0.2,0.046,5.1,0.1,2.8,21.3,0.075,208.3,300.1,0.017,27.982
Barriga de frango cozida,139,3.6,1.5,1.5,0.6,0.0,0.0,25.0,0.0,82.5,0.034,56.6,0.0,0.2,0.012,0.081,0.3,6.3,1.2,0.5,0.0,0.0,0.2,0.0,4.3,0.1,4.1,22.1,0.013,215.1,311.1,0.018,4.2,37.0
Pata de estriche crua,97,2.0,0.7,0.7,0.4,0.0,0.0,18.6,0.0,61.2,0.041,64.7,0.0,0.2,0.099,0.017,0.2,4.0,1.0,0.4,0.0,0.0,0.2,0.0,4.3,0.1,2.4,18.7,0.034,181.1,263.5,0.033,3.2,27.3
Pato ostralo redondo cru,99,2.0,0.7,0.7,0.4,0.0,0.0,18.7,0.0,60.4,0.074,64.3,0.0,0.2,0.087,0.012,0.2,4.0,1.0,0.4,0.0,0.0,0.2,0.0,4.3,0.1,3.0,18.7,0.018,183.6,267.8,0.073,3.2,28.0
Búfalo cru ground,124,6.1,2.5,2.3,0.3,0.099,0.0,17.2,0.0,46.8,0.042,60.9,0.0,0.1,0.02,0.008,0.2,4.5,0.0,0.3,0.0,0.0,0.2,0.023,9.4,0.1,2.4,17.9,0.0,164.9,278.8,0.014,3.9,35.102
Craca de abetema cru,99,2.3,0.8,0.8,0.4,0.0,0.0,18.5,0.0,62.1,0.04,64.5,0.0,0.2,0.045,0.09,0.2,4.0,1.0,0.4,0.0,0.0,0.2,0.0,5.1,0.1,3.7,18.7,0.018,179.4,261.8,0.003,3.2,29.6
Pernil de avestruz cru,101,2.5,1.0,0.9,0.5,0.0,0.0,18.4,0.0,63.8,0.073,64.0,0.0,0.2,0.042,0.032,0.2,4.0,1.0,0.4,0.0,0.0,0.2,0.0,5.1,0.1,2.7,18.7,0.082,181.9,265.2,0.099,3.2,28.7
Cérebro de aveína cozido,461,32.6,7.4,5.9,5.1,0.0,0.0,38.9,0.0,10509.0,0.5,260.7,0.0,0.3,0.024,0.084,0.7,8.2,3.4,0.6,44.1,0.0,0.0,0.0,54.2,0.9,5.7,54.2,0.1,1305.2,725.5,0.055,5.5,175.5
Linguiça de veia cozida,515,25.8,11.1,11.8,1.0,0.0,0.0,65.9,0.0,606.9,0.2,163.4,0.0,0.2,0.098,0.016,0.9,3.7,1.9,0.4,15.3,0.0,0.0,0.0,23.0,0.5,5.3,45.9,0.1,423.3,413.1,0.016,11.5,135.3
Coração de bovino cozido,47,1.3,0.4,0.3,0.3,0.057,0.0,8.1,0.0,60.0,0.024,18.6,0.016,0.0,0.062,0.047,0.05,0.3,1.9,0.5,0.048,0.0,0.022,0.089,0.038,1.4,0.2,1.8,5.9,0.03,71.9,62.0,0.015,9.714
Fígado de pato cozido,100,4.3,1.2,0.6,1.1,0.0,0.0,14.3,0.0,343.4,0.083,33.9,5.7,0.1,0.4,0.096,1.4,5.9,2.3,0.5,12.0,0.0,0.083,0.068,10.1,0.6,0.9,13.8,0.2,165.4,81.1,0.022,2.4,47.3
Fígado de veado cozido,35,0.9,0.3,0.3,0.066,0.0,0.0,6.4,0.0,99.1,0.036,20.8,0.0,0.055,0.052,0.095,0.084,1.0,0.3,0.005,11.2,0.0,0.079,0.0,1.1,0.029,0.4,6.8,0.063,177.4,123.1,0.059,0.6,20.0
Cérebro de boi cozido,688,55.6,13.1,14.0,8.1,0.0,0.0,44.1,0.0,7002.5,0.6,248.3,0.0,0.5,0.097,0.057,0.9,13.3,2.0,1.4,11.6,0.0,0.0,0.0,31.6,0.8,7.8,52.7,0.1,1354.9,1242.5,0.09,4.7,150.7
Carne de rim de boi cozida,602,38.2,13.1,13.2,7.1,0.0,0.0,60.2,0.0,581.6,0.1,123.4,0.0,0.4,0.093,0.052,1.1,8.8,9.4,0.4,45.1,0.0,0.0,0.0,35.5,0.2,5.8,46.6,0.5,1005.7,546.1,0.1,10.2,184.8
Tripa de bovino cozida,80,3.4,1.2,1.4,0.2,1.7,0.0,10.0,0.0,133.5,0.045,69.4,0.0,0.0,0.038,0.053,0.0,0.4,0.089,0.0,0.0,0.0,0.1,0.0,68.9,0.0,0.6,12.8,0.041,56.1,35.7,0.01,1.5,84.6
"Pato gástrico cozido

(Note: ""Pato"" is the Portuguese word for ""chicken"", and ""gástrico"" means ""gizzard"", which is a part of the chicken ""Cozido"" means ""cooked"")",223,3.9,1.0,0.8,0.5,0.0,0.0,44.1,0.0,536.5,0.069,98.5,0.0,0.094,0.074,0.095,0.3,4.5,0.7,0.1,0.0,0.0,0.3,0.0,24.7,0.2,4.6,4.4,0.1,274.1,259.6,0.047,6.4,77.3
Pâncreas de porco cozido,537,26.5,9.1,9.2,5.0,0.0,0.0,69.8,0.0,771.8,0.1,147.7,0.0,0.2,0.086,0.058,1.6,7.9,11.6,1.1,14.0,0.0,0.0,0.0,39.2,0.3,6.6,56.4,0.5,713.0,411.6,0.2,10.5,156.1
Linguinha de boi cozida,80,6.3,2.3,2.9,0.2,0.0,0.0,5.5,0.0,37.4,0.029,16.4,0.0,0.042,0.007,0.072,0.025,1.0,0.2,0.067,0.4,0.067,0.074,0.049,1.4,0.048,0.7,4.2,0.03,41.0,52.1,0.065,1.2,14.3
Coração de carneiro cozido,353,15.1,6.0,4.2,1.5,3.7,0.0,47.7,0.0,475.6,0.1,122.6,0.0,0.3,0.006,0.051,2.3,8.3,2.6,0.6,13.4,0.0,0.0,0.0,26.7,1.2,10.5,45.8,0.1,485.1,359.1,0.04,7.0,117.1
"Fígado de bovino cozido

(Note: ""Fígado"" is the Portuguese word for ""spleen"", and ""cozido"" means ""cooked"")",447,12.9,4.3,3.4,1.0,0.0,0.0,77.3,0.0,1068.8,0.2,215.5,0.0,0.1,0.035,0.06,0.9,17.1,2.7,0.1,154.9,0.0,0.0,0.0,37.0,2.8,121.2,58.5,0.2,939.4,874.7,0.3,8.6,403.3
Rinsos de veia cozidos,300,10.4,3.2,2.3,2.1,0.0,0.0,48.4,0.0,1455.4,0.2,124.5,0.4,0.3,0.056,0.002,3.7,8.5,1.6,0.3,14.7,0.0,0.0,0.0,53.4,0.7,5.6,44.2,0.2,684.5,292.6,0.2,7.8,132.9
Coração de frango cozido,268,11.5,3.3,2.9,3.3,0.1,0.0,38.3,0.0,350.9,0.081,94.0,0.033,0.1,0.1,0.034,1.1,4.1,3.8,0.5,2.6,0.0,0.0,0.0,27.6,0.7,13.1,29.0,0.2,288.6,191.4,0.027,10.6,93.286
Linguiça de língua de cordeiro cozida,701,51.7,20.0,25.5,3.2,0.0,0.0,55.0,0.0,482.0,0.2,147.5,0.0,0.2,0.082,0.027,1.1,9.4,0.9,0.4,17.9,0.0,0.0,0.0,25.5,0.5,6.7,40.8,0.076,341.7,402.9,0.072,7.6,156.8
Coração de veia cozido,368,13.4,3.6,2.8,3.5,0.3,0.0,57.7,0.0,348.5,0.1,123.1,0.0,0.7,0.029,0.048,1.8,9.7,3.3,0.4,19.8,0.0,0.0,0.0,15.8,0.9,8.6,35.6,0.1,495.0,394.0,0.1,4.4,115.6
Fígado de frango cozido,76,2.8,0.9,0.6,0.6,0.5,0.0,11.3,0.0,248.2,0.079,28.7,0.006,1.9,0.1,0.2,0.015,1.0,6.1,3.7,0.4,1.2,0.0,0.3,0.0,4.4,0.2,5.7,11.9,0.2,194.5,138.6,0.052,15.238
"Pâncreas de cordeiro cozido

(Note: ""Pâncreas"" is the correct translation of ""pancreas"" to Portuguese, even though it's an organ and not a food item If you want to use a more common food term, you could use ""Pâncreas de cordeiro"" which is a more literal translation, but it's not a common food item either",541,34.9,15.8,12.6,1.7,0.0,0.0,52.7,0.0,924.0,0.1,137.8,0.0,0.022,0.089,0.026,0.5,5.9,2.0,0.1,46.2,0.0,0.0,0.0,27.7,0.2,4.9,43.9,0.049,995.6,672.2,0.1,6.2,166.4
Fígado de veia cozinhar,445,10.0,3.3,2.7,0.7,0.0,0.0,83.1,0.0,1542.2,0.2,245.8,0.0,0.2,0.022,0.051,1.0,18.4,0.0,0.2,138.0,0.0,0.0,0.0,24.2,3.2,25.4,48.3,0.3,1076.4,741.8,0.3,6.6,280.7
Fígado de cordeiro cozido,739,29.6,11.5,6.2,4.4,8.5,0.0,102.7,0.0,1683.4,0.2,190.4,25.2,0.8,0.2,0.3,13.5,40.8,13.3,1.6,13.4,0.0,0.0,0.0,26.9,23.8,27.8,73.9,1.7,1411.2,742.6,0.4,26.5,234.1
Pombo gizzardo cozido,70,2.1,0.5,0.4,0.3,0.0,0.0,11.9,0.0,203.4,0.031,31.1,0.091,0.03,0.045,0.067,0.2,2.9,0.2,0.027,2.8,0.0,0.025,0.0,7.7,0.1,1.7,9.5,0.063,84.2,86.9,0.033,1.8,26.231
Fígado cozido,460,14.1,4.7,3.7,1.0,0.0,0.0,78.1,0.0,1135.8,0.2,195.8,0.0,0.2,0.062,0.028,0.9,17.3,0.0,0.2,76.7,0.0,0.0,0.0,38.4,0.4,114.1,62.0,0.2,1006.0,731.6,0.1,11.6,321.4
Coração de pato cozido,35,1.5,0.4,0.3,0.4,0.0,0.0,5.0,0.0,71.8,0.046,13.4,0.085,0.07,0.091,0.089,0.3,1.6,0.3,0.1,0.6,0.0,0.013,0.0,4.2,0.2,1.4,5.6,0.017,48.2,40.6,0.001,0.9,12.759
Fígado de vaca cozido,130,3.6,1.2,0.4,0.4,3.5,0.0,19.8,0.0,269.3,0.068,40.0,0.2,6.4,0.1,0.2,0.01,2.3,11.9,4.8,0.7,1.3,0.034,0.3,0.07,4.1,9.7,4.4,14.3,0.2,338.0,239.4,0.023,37.539
Pulmões de cordeiro cozidos,431,11.8,4.0,3.0,1.6,0.0,0.0,75.7,0.0,1082.0,0.3,288.9,0.1,0.1,0.012,0.1,0.5,9.3,0.0,0.2,106.7,0.0,0.0,0.0,45.7,0.9,17.4,41.9,0.064,716.3,483.9,0.095,7.4,257.4
Cérebro de porco cozido,527,36.3,8.2,6.6,5.6,0.0,0.0,46.4,0.0,9748.6,0.3,289.9,0.0,0.3,0.063,0.031,0.9,12.7,7.0,0.5,53.5,0.0,0.0,0.0,34.4,1.0,7.0,45.8,0.3,840.4,744.9,0.003,5.7,177.6
Pato liver,125,4.0,1.5,0.8,0.2,5.9,0.0,15.4,0.0,484.1,0.1,67.5,8.8,0.5,0.7,0.022,0.8,6.1,5.8,0.7,4.2,0.0,0.0,0.0,40.4,7.1,28.7,22.6,0.0,245.3,216.2,0.067,2.9,107.4
Rinsos de porco cozidos,211,6.6,2.1,2.2,0.5,0.0,0.0,35.6,0.0,672.0,0.1,96.2,0.1,0.6,0.098,0.028,2.2,8.1,4.0,0.6,14.8,0.0,0.0,0.0,18.2,1.0,7.4,25.2,0.2,336.0,200.2,0.4,5.8,82.7
Cérebro de cordeiro cozido,503,35.3,9.0,6.4,3.6,0.0,0.0,43.5,0.0,7089.2,0.5,262.8,0.0,0.4,0.007,0.088,0.8,8.6,3.4,0.4,41.6,0.0,0.0,0.0,41.6,0.7,5.8,48.6,0.2,1169.4,711.4,0.066,4.7,167.8
"Coração de porco cozido

(Note: I kept the translation brief and to the point, as you requested a single sentence translation)",215,7.3,1.9,1.7,1.9,0.6,0.0,34.2,0.0,320.5,0.053,98.7,0.017,0.8,0.023,0.0,2.5,8.8,3.6,0.6,2.9,0.0,0.0,0.0,10.2,0.7,8.5,34.8,0.1,258.1,298.7,0.082,4.5,63.745
Rinotes de carneiro cozidas,349,9.2,3.1,2.0,1.7,2.5,0.0,60.3,0.0,1440.8,0.4,179.6,0.3,0.9,0.2,0.2,5.3,15.3,5.2,0.3,30.6,0.0,0.0,0.0,45.9,0.9,31.6,51.0,0.4,739.5,453.9,0.6,9.7,180.4
Fígados de bovino cozidos,364,11.2,3.8,2.9,1.5,0.0,0.0,61.8,0.0,839.3,0.3,231.5,0.095,0.1,0.062,0.09,0.4,7.6,1.9,0.066,99.1,0.0,0.0,0.0,33.3,0.7,16.4,30.3,0.015,539.3,524.2,0.2,5.0,221.858
Pâncreas de veado cozido,614,35.0,12.0,12.1,6.5,0.0,0.0,69.8,0.0,0.0,0.2,133.7,0.0,0.4,0.068,0.082,1.2,10.0,0.0,0.5,14.4,0.0,0.0,0.0,43.2,0.2,5.7,57.6,0.6,1228.8,667.2,0.098,12.5,168.1
Fígado de porco cozido,584,15.6,5.0,2.2,3.7,13.3,0.0,92.1,0.0,1256.7,0.2,227.7,19.1,0.9,0.6,0.071,7.8,29.9,16.9,2.0,83.5,0.0,0.0,0.0,35.4,2.2,63.4,49.6,1.1,853.1,531.0,0.2,23.8,322.4
Rinsos de boi cozidos,45,1.3,0.3,0.2,0.2,0.0,0.0,7.7,0.0,202.6,0.029,18.9,0.0,0.001,0.073,0.013,0.8,1.1,0.4,0.1,0.0,0.095,0.099,0.0,5.4,0.2,1.6,3.4,0.007,86.0,38.2,0.049,0.8,16.0
Galinhas de pato cozidas,164,6.3,1.6,1.0,1.5,0.0,0.0,25.1,0.0,495.0,0.1,63.3,0.095,4.4,0.2,0.3,0.063,1.5,8.2,2.2,0.5,0.0,0.0,0.1,0.014,17.1,0.7,3.2,23.8,0.2,236.6,168.2,0.072,32.643
Pato liver cru,60,2.0,0.6,0.3,0.3,1.6,0.0,8.2,0.0,226.6,0.089,31.6,5.3,0.2,0.3,0.046,0.4,2.9,2.7,0.3,2.0,0.0,0.0,0.0,4.8,2.6,13.4,10.6,0.1,118.4,101.2,0.069,1.4,37.3
Fígado de veado cozido,154,5.0,1.6,0.9,0.9,3.0,0.0,22.7,0.0,408.8,0.046,47.9,0.2,16.9,0.1,0.3,0.09,2.3,10.5,5.2,0.7,0.9,0.0,0.5,0.043,4.8,12.0,4.1,16.0,0.2,368.0,263.2,0.043,43.638
Pulmões de porco cozidos,297,9.3,3.3,2.1,1.1,0.0,0.0,49.8,0.0,1161.0,0.2,240.0,0.0,0.2,0.069,0.049,1.0,4.1,2.0,0.2,23.7,0.0,0.0,0.0,24.0,0.2,49.2,36.0,0.029,558.0,453.0,0.085,7.4,156.0
Rinsos de veau cozidos,312,7.9,2.7,2.0,1.1,0.0,0.0,56.2,0.0,789.0,0.2,232.8,0.0,0.072,0.032,0.016,0.4,6.9,0.0,0.2,102.0,0.0,0.0,0.0,21.0,0.7,10.8,24.0,0.082,696.0,426.0,0.067,3.6,197.9
Carne bovina tireóide cozinhar,1215,95.2,32.8,32.9,17.8,0.0,0.0,83.2,0.0,1120.1,0.4,201.3,0.0,0.3,0.058,0.092,0.9,7.0,7.5,0.3,115.1,0.0,0.0,0.0,38.1,0.2,5.7,38.1,0.4,1386.8,1649.7,0.029,8.4,337.3
Ham Uma sentença apenas,46,2.5,0.1,1.2,0.2,1.0,0.3,4.6,0.4,16.0,0.2,18.8,0.0,0.2,0.079,0.074,0.094,0.8,0.1,0.041,1.1,0.08,0.076,0.0,6.7,0.002,0.3,6.2,0.2,42.8,80.4,0.063,0.4,16.6
Carne de porco cozida,283,14.1,4.4,6.8,2.1,0.0,0.0,14.1,0.0,112.6,0.7,79.2,0.02,0.8,0.0,0.044,0.3,11.0,0.7,0.7,0.0,0.095,0.0,0.0,10.7,0.082,0.7,41.5,0.077,369.8,615.1,0.048,2.6,39.657
Bacon assado,43,3.3,1.1,1.5,0.4,0.1,0.0,3.0,0.0,8.8,0.034,1.0,0.0,0.037,0.05,0.007,0.081,0.015,0.9,0.051,0.09,0.0,0.002,0.039,0.097,0.9,0.096,0.1,2.6,0.003,42.6,45.2,0.09,6.516
Costelas de picanha de porco assam,3644,182.8,35.1,40.8,14.3,0.0,0.0,468.4,0.0,1404.8,1.0,1539.6,0.09,9.4,0.0,0.075,4.0,122.2,15.8,15.8,0.0,0.042,2.6,0.0,153.7,1.2,11.6,526.8,0.2,4741.2,7858.1,0.6,38.0,816.574
"Carne de porco, rolleto de bife cru",76,6.2,2.2,2.8,0.7,0.0,0.0,4.7,0.0,15.0,0.4,16.7,0.0,0.2,0.076,0.08,0.089,0.8,0.2,0.097,0.014,0.0,0.0,0.0,2.0,0.084,0.2,3.7,0.042,56.3,83.5,0.078,0.7,13.143
Costelas de porco cru,2399,174.9,61.9,73.5,28.7,0.0,0.0,204.2,0.0,739.0,0.9,679.8,0.035,4.9,0.0,0.028,3.3,72.6,8.8,4.5,0.0,0.025,2.6,0.0,332.0,1.0,8.1,171.4,0.085,1649.3,2645.4,0.3,27.2,719.224
Costelas de porco grelhadas,703,53.6,19.7,23.9,4.8,0.0,0.0,51.4,0.0,214.2,0.2,71.5,0.065,0.7,0.022,0.016,0.7,9.7,1.3,0.6,0.0,0.043,0.6,0.0,83.2,0.3,3.3,42.5,0.083,462.0,566.4,0.092,8.1,191.598
Panceta cozida,44,2.1,0.8,0.6,0.2,0.029,0.0,6.1,0.0,89.4,0.035,20.0,0.0,0.08,0.09,0.067,0.05,0.4,0.2,0.038,0.0,0.0,0.087,0.0,4.2,0.048,0.3,4.2,0.015,36.5,24.1,0.077,0.8,12.779
Frango defumado com mel cozido,67,1.3,0.6,0.9,0.2,4.0,0.0,9.9,0.0,12.1,0.5,38.5,0.0,0.2,0.013,0.091,0.097,1.3,0.1,0.1,0.3,0.0,0.0,0.0,3.3,0.039,0.2,4.4,0.096,211.2,90.8,0.099,0.5,19.0
Carne de costela de boston crua,844,56.1,19.7,23.6,7.2,0.0,0.0,79.0,0.0,281.2,0.3,313.8,0.051,2.4,0.0,0.088,1.6,19.2,6.6,2.2,0.0,0.028,1.0,0.0,72.6,0.4,5.1,90.7,0.098,861.8,1442.4,0.1,14.0,212.848
"Carneiro de porco, costela cozida

(Note: I translated ""sirloin"" to ""costela"", which is the most common term for the sirloin cut of beef in Brazilian Portuguese If you need a more specific translation for pork, please let me know!)",140,4.5,1.5,1.8,0.8,0.0,0.0,23.3,0.0,65.6,0.001,53.9,0.075,0.075,0.5,0.0,0.07,0.2,6.4,0.8,0.4,0.0,0.01,0.1,0.0,9.0,0.012,0.6,20.5,0.073,238.6,337.0,0.043,28.239
Ribs de porco estilo country crus,242,15.1,3.0,3.5,1.2,0.0,0.0,24.8,0.0,94.7,0.061,87.3,0.009,0.5,0.0,0.055,0.3,3.9,2.1,0.7,0.0,0.028,0.3,0.0,28.2,0.023,1.1,26.9,0.072,247.0,407.0,0.048,3.6,69.223
Pastel de hams,205,18.3,6.6,8.6,2.0,1.1,0.0,8.3,0.0,45.5,0.7,35.4,0.0,0.3,0.061,0.084,0.1,2.0,0.2,0.1,0.0,0.0,0.0,0.0,5.2,0.039,0.7,6.5,0.064,96.9,155.4,0.075,1.0,33.6
"Pés de porco cozidos

(Note: ""Pés"" is the translation of ""feet"" in Portuguese, as it is the common term used to refer to pork feet in Brazil and Portugal)",67,4.5,1.2,2.3,0.4,0.0,0.0,6.2,0.0,30.3,0.046,17.8,0.0,0.08,0.014,0.048,0.029,0.2,0.047,0.081,0.0,0.0,0.054,0.0,0.0,0.014,0.3,1.4,0.017,23.2,9.3,0.04,0.3,11.0
Carne de porco cozinada,930,65.0,24.2,29.0,5.9,0.0,0.0,80.4,0.0,294.2,0.2,165.1,0.01,2.2,0.005,0.058,0.7,13.2,1.6,1.2,2.2,0.066,0.7,0.0,68.9,0.1,4.0,75.1,0.081,707.4,1133.1,0.1,10.0,220.513
Costelas de coração de porco cozinhas,328,17.4,5.5,6.6,2.1,0.0,0.0,40.2,0.0,131.9,0.065,97.8,0.2,0.021,0.9,0.0,0.059,0.4,12.8,1.0,1.1,0.0,0.089,0.2,0.0,37.7,0.1,1.2,39.3,0.005,345.4,540.1,0.07,59.0
Costela de perna de porco assada,307,8.6,2.6,3.7,1.1,0.0,0.0,53.5,0.0,157.1,0.1,133.3,0.0,0.9,0.071,0.068,0.8,15.9,1.5,0.8,0.0,0.0,0.2,0.0,13.6,0.1,1.9,44.6,0.061,428.7,710.0,0.035,8.0,77.6
Chops de porco em cú,376,15.4,5.2,6.1,2.1,0.0,0.0,55.8,0.0,155.2,0.2,191.6,0.039,1.4,0.0,0.055,0.9,18.7,2.9,1.2,0.0,0.067,0.5,0.0,78.9,0.2,1.9,47.3,0.059,594.4,823.2,0.038,7.2,152.089
Costela de porco crua,606,17.8,6.0,6.8,2.8,0.0,0.0,104.3,0.0,328.3,0.3,378.6,0.0,5.0,0.0,0.023,1.7,33.4,4.2,3.9,0.0,0.075,1.1,0.0,30.3,0.4,4.9,136.4,0.098,1227.2,1984.7,0.2,9.4,157.3
Carradas de costela de porco crua,1090,23.3,8.2,9.9,3.7,0.0,0.0,205.5,0.0,567.6,0.6,669.4,0.023,5.5,0.0,0.083,2.3,66.2,6.6,5.5,0.0,0.005,1.5,0.0,81.1,0.6,5.0,207.2,0.094,2261.5,3189.5,0.3,15.5,314.931
Costela de perna de porco crua,284,7.8,2.7,3.9,1.2,0.0,0.0,50.0,0.0,145.5,0.2,173.7,0.0,1.2,0.004,0.072,1.0,16.4,1.9,1.3,0.0,0.0,0.2,0.0,16.2,0.1,1.9,50.8,0.069,478.2,843.2,0.009,7.3,75.9
"Carne de porco cru

(Note: ""Carne"" means ""meat"" or ""flesh"", and ""cru"" is the adjective for ""raw"" or ""uncooked"")",1706,159.1,56.4,72.3,17.2,0.0,0.0,63.1,0.0,335.7,0.2,226.0,0.007,2.7,0.002,0.096,0.9,17.4,2.4,1.3,1.8,0.0,1.3,0.0,86.2,0.2,3.1,59.0,0.081,703.1,1147.6,0.1,7.2,313.327
"Carne de rim de porco cozida

(Note: ""pork splean"" is likely a typo, and you meant ""pork spleen"" Spleen is a common mistake, but I kept it as written",446,9.6,3.2,2.6,0.7,0.0,0.0,84.3,0.0,1507.0,0.3,199.4,0.0,0.4,0.002,0.071,0.8,17.8,2.7,0.2,34.7,0.0,0.0,0.0,38.9,0.4,66.5,44.9,0.1,846.2,678.7,0.1,10.6,234.0
Hamão picado,50,2.9,1.0,1.4,0.4,1.2,0.0,4.6,0.0,16.5,0.3,18.3,0.0,0.2,0.008,0.006,0.035,1.1,0.0,0.01,0.0,0.025,0.087,0.0,2.0,0.049,0.2,4.5,0.0,43.4,89.3,0.098,0.5,10.9
Coxas de costela de porco cru,338,18.0,6.0,7.1,2.4,0.0,0.0,41.2,0.0,137.3,0.1,138.7,0.048,1.0,0.0,0.02,0.4,13.2,1.4,1.4,0.0,0.062,0.2,0.0,37.8,0.1,1.3,49.8,0.096,415.9,682.6,0.052,3.5,98.301
Chops de pata de porco assado,265,14.6,4.3,5.1,1.9,1.1,0.0,32.4,0.0,100.9,0.072,81.4,0.069,0.8,0.0,0.068,0.3,10.1,1.5,0.7,0.0,0.028,0.3,0.0,10.5,0.1,1.2,31.4,0.076,355.0,533.2,0.085,3.0,59.882
Costeleta de butt de Boston cozida,494,32.7,12.2,14.8,3.8,0.0,0.0,46.4,0.0,181.3,0.1,101.7,0.066,0.9,0.0,0.064,0.7,7.2,2.4,0.8,0.0,0.051,0.2,0.0,48.1,0.2,3.2,42.6,0.063,384.8,564.3,0.04,9.0,130.498
Carne de porco crua,179,18.6,6.2,7.9,3.7,0.0,0.0,2.6,0.0,20.4,0.021,7.0,0.094,0.05,0.0,0.086,0.059,0.7,0.1,0.07,0.0,0.055,0.1,0.0,4.0,0.076,0.07,1.7,0.0,23.8,94.2,0.046,0.2,25.261
"Peça de couro de porco, lombo cru",287,12.8,4.5,5.5,1.6,0.0,0.0,39.9,0.0,124.0,0.099,130.2,0.074,1.2,0.0,0.087,0.3,14.8,1.3,1.3,0.0,0.089,0.2,0.0,13.0,0.1,0.9,48.1,0.02,418.1,690.1,0.096,2.9,66.684
Costela de porco grelhada ao molho,694,44.7,16.6,20.1,5.3,0.087,0.0,68.2,0.0,256.1,0.4,148.2,0.4,0.0,1.1,0.0,0.1,0.9,9.5,3.5,1.2,0.0,0.032,0.3,0.0,71.3,0.5,4.5,52.8,0.06,599.3,976.8,0.1,115.063
Massas de porco Boston grelhadas,438,28.1,10.1,12.5,2.5,0.0,0.0,43.2,0.0,160.6,0.1,96.8,0.06,1.2,0.096,0.046,0.7,6.9,1.2,0.5,0.5,0.091,0.5,0.0,60.8,0.003,2.4,35.5,0.037,354.9,550.9,0.06,7.6,135.049
Bacon cozido,43,3.1,1.1,1.4,0.5,0.068,0.0,3.5,0.0,10.1,0.2,1.9,0.053,0.0,0.031,0.0,0.037,0.066,1.0,0.1,0.047,0.0,0.0,0.009,0.0,1.2,0.047,0.1,3.1,0.071,35.4,47.8,0.064,6.747
Os ossos de porco encharcados,48,3.0,0.9,1.5,0.3,0.0,0.0,5.4,0.0,25.2,0.3,19.2,0.055,0.056,0.058,0.061,0.066,0.3,0.02,0.047,0.0,0.0,0.047,0.0,5.4,0.063,0.3,1.7,0.018,17.0,13.3,0.089,0.7,14.146
"Carne de porco, churrasco de Boston, cozido",705,49.4,18.3,21.7,4.6,0.0,0.0,60.5,0.0,225.3,0.2,150.6,0.061,1.7,0.084,0.041,0.9,10.6,1.7,0.6,1.8,0.029,0.5,0.0,73.4,0.3,3.8,47.2,0.052,516.1,869.8,0.022,10.4,188.948
"Bacon canadense grelhado

(Note: ""canadian style bacon"" is often translated as ""bacon canadense"" in Portuguese, as it refers to a specific type of bacon from Canada ""Grelhado"" means ""grilled"" in Portuguese)",43,2.0,0.7,0.9,0.2,0.3,0.0,5.7,0.0,13.6,0.4,14.5,0.0,0.2,0.07,0.03,0.054,1.6,0.1,0.1,0.0,0.048,0.061,0.0,2.4,0.043,0.2,4.9,0.023,69.6,91.7,0.058,0.4,10.6
Foice de presunto,70,2.4,0.8,1.1,0.3,0.0,0.0,11.1,0.0,25.7,0.7,41.2,0.0,0.5,0.064,0.08,0.1,2.9,0.4,0.2,18.4,0.0,0.0,0.0,2.3,0.05,0.6,10.8,0.011,148.2,185.3,0.068,1.2,34.8
Gordura de costela de porco,3683,402.3,146.1,190.3,46.9,0.0,0.0,13.2,0.0,258.6,0.064,34.9,0.032,0.4,0.072,0.035,0.2,4.5,0.5,0.2,0.5,0.003,0.0,0.0,9.1,0.094,0.8,9.1,0.082,172.4,294.8,0.063,1.7,425.932
Presunto assado,44,3.5,1.1,1.5,0.4,0.1,0.0,2.9,0.0,8.7,0.2,1.0,0.0,0.052,0.09,0.095,0.053,0.058,0.9,0.077,0.084,0.0,0.0,0.038,0.047,0.8,0.054,0.1,2.4,0.078,41.0,43.7,0.003,6.673
Carne de porco de braço picnic cru,5298,343.4,113.6,147.3,67.9,0.0,0.0,513.6,0.0,1729.4,2.3,1875.9,0.1,16.1,0.0,0.04,6.8,124.0,27.9,12.1,0.0,0.064,5.8,0.0,329.4,2.0,15.6,494.1,0.3,5490.0,11336.9,0.6,59.0,1202.1
Porco salgado crudo,212,22.8,8.3,10.7,2.7,0.0,0.0,1.4,0.0,24.3,0.8,3.1,0.0,0.054,0.011,0.049,0.01,0.5,0.078,0.048,0.0,0.035,0.0,0.0,1.7,0.053,0.1,2.0,0.073,14.7,18.7,0.056,0.3,26.0
Peça de porco assada,5292,322.7,109.3,139.0,62.7,0.0,0.0,560.3,0.0,1936.7,2.2,1351.9,0.007,9.9,0.1,0.086,7.3,119.5,27.0,7.8,0.0,0.062,5.9,0.0,360.3,2.4,20.7,495.4,0.5,5404.8,8039.6,0.7,69.8,1264.074
Chorozinho de porco a loira cozido,270,11.2,4.3,4.9,1.7,0.0,0.0,39.4,0.0,97.2,0.064,84.3,0.062,0.02,0.7,0.0,0.067,0.3,13.4,1.4,0.7,0.0,0.043,0.3,0.0,16.2,0.1,1.2,31.1,0.052,298.4,352.4,0.079,51.481
Carne de porco magra cru,329,26.5,9.8,11.8,2.4,0.0,0.0,21.1,0.0,90.0,0.033,76.3,0.034,0.9,0.055,0.005,0.3,5.4,0.8,0.5,0.9,0.0,0.0,0.0,17.5,0.08,1.1,23.8,0.083,218.8,358.8,0.039,2.8,67.15
Costela de porco crua,1070,81.6,28.3,36.3,8.7,0.0,0.0,77.9,0.0,322.1,0.3,290.4,0.087,3.5,0.077,0.034,1.2,17.4,3.3,1.6,3.2,0.025,0.9,0.0,68.0,0.4,4.8,81.6,0.083,825.6,1369.9,0.1,12.2,235.572
Chucrutz de porco cozido,66,5.8,2.7,2.0,0.3,0.0,0.0,3.5,0.0,78.4,0.078,19.2,0.0,0.0,0.099,0.024,0.056,0.093,0.065,0.059,0.0,0.0,0.0,0.083,0.0,7.1,0.056,0.4,2.5,0.033,18.7,4.0,0.07,9.329
"""Stripas de porco cozidas para o café da manhã""",52,4.1,1.4,1.9,0.6,0.1,0.0,3.3,0.0,11.9,0.2,3.0,0.0,0.039,0.02,0.02,0.073,0.9,0.1,0.068,0.0,0.066,0.057,0.0,1.6,0.054,0.2,2.9,0.085,29.9,52.7,0.061,0.4,9.3
Rolinho de porco blade assado,1079,88.3,31.5,41.5,9.4,1.4,0.0,65.0,0.0,251.9,3.7,211.2,0.0,1.7,0.032,0.007,1.1,8.9,2.9,0.8,12.0,0.0,0.0,0.0,26.3,0.3,3.3,48.9,0.098,586.6,729.4,0.1,9.2,196.3
Canela de porco cozida,1089,98.5,34.2,46.4,10.8,0.0,0.0,46.8,0.0,354.8,0.093,128.4,0.0,0.2,0.002,0.061,0.2,3.1,1.2,0.7,0.0,0.0,0.0,0.0,38.5,0.2,2.2,19.3,0.087,129.3,431.8,0.087,4.5,186.0
"Carne de porco, cortes de rib, assada crua",275,9.7,3.3,4.0,1.1,0.0,0.0,44.0,0.0,113.1,0.1,146.2,0.0,1.0,0.0,0.094,0.4,13.5,1.5,1.5,0.0,0.072,0.3,0.0,48.5,0.1,1.2,50.5,0.053,436.3,725.2,0.05,4.0,103.4
"Carne de porco, cortes de rib, churrasco",1942,114.9,42.6,48.4,19.4,0.0,0.0,211.3,0.0,610.7,0.7,452.3,0.8,0.041,4.1,0.0,0.018,2.3,74.3,11.6,3.8,0.0,0.094,1.6,0.0,148.8,0.7,7.5,164.4,0.063,1800.9,2129.8,0.3,331.5
Ham em mignon,55,4.3,1.5,2.0,0.5,0.4,0.0,3.4,0.0,14.7,0.3,12.0,0.0,0.1,0.094,0.059,0.073,0.9,0.094,0.081,0.0,0.058,0.012,0.0,2.1,0.029,0.2,3.4,0.074,33.0,65.3,0.048,0.4,10.4
Queijo grelhado,316,21.3,7.1,9.9,2.5,0.6,0.0,28.7,0.0,86.8,1.3,85.3,0.0,1.1,0.033,0.054,0.4,7.4,1.0,0.4,19.6,0.0,0.0,0.0,11.2,0.2,1.9,23.8,0.084,340.2,499.8,0.053,3.5,83.3
Costela de porco cru,232,14.7,5.1,6.6,1.6,0.0,0.0,23.1,0.0,73.7,0.003,78.3,0.049,1.1,0.013,0.019,0.3,5.4,0.8,0.6,0.7,0.044,0.2,0.0,21.1,0.037,0.9,24.6,0.066,230.5,416.5,0.013,2.0,60.563
Costelas de porco grelhadas,2564,188.9,68.5,81.6,31.0,0.0,0.0,202.0,0.0,737.5,0.8,481.3,1.7,0.023,4.0,0.0,0.08,2.9,67.0,11.1,3.6,0.0,0.068,2.2,0.0,403.9,0.9,8.1,149.3,0.065,1448.7,2107.2,0.3,397.1
Costela de porco cru,2350,240.5,87.7,112.0,25.6,0.0,0.0,42.4,0.0,326.6,0.1,166.7,0.095,1.8,0.088,0.075,1.1,21.1,1.2,0.6,1.4,0.0,1.8,0.0,22.7,0.2,2.4,18.1,0.01,489.9,839.2,0.085,4.6,309.486
Peu cru,266,18.2,6.0,8.7,2.1,0.046,0.0,23.8,0.0,54.6,1.5,93.2,0.0,1.3,0.021,0.034,0.3,4.5,0.6,0.7,0.0,0.054,0.3,0.0,8.4,0.075,1.2,19.6,0.063,245.0,442.4,0.065,2.3,51.697
Bacon extra magro,45,2.3,0.8,1.1,0.3,0.6,0.0,5.1,0.0,14.8,0.4,18.7,0.0,0.2,0.022,0.097,0.028,1.4,0.1,0.1,0.0,0.094,0.04,0.0,2.0,0.075,0.3,5.0,0.049,66.1,83.2,0.041,0.6,10.3
Pernos de porco em conserva,635,45.5,13.4,25.8,3.6,0.029,0.0,52.8,0.0,376.5,4.3,340.2,0.098,0.031,0.061,0.003,0.085,1.0,1.2,0.058,0.0,0.01,1.0,0.0,145.2,0.2,1.4,49.9,0.049,394.6,59.0,0.003,0.9,245.019
Costela de porco assada,394,28.9,10.6,12.8,2.8,0.0,0.0,31.4,0.0,121.5,0.001,74.0,0.004,0.8,0.065,0.007,0.4,5.4,0.8,0.4,0.7,0.007,0.3,0.0,32.4,0.2,1.8,24.3,0.084,286.2,444.2,0.026,5.0,95.226
Carne de porco em lombo grelhada,1628,74.8,24.1,29.8,8.5,0.0,0.0,224.3,0.0,678.4,0.4,540.7,0.7,0.011,4.6,0.0,0.051,2.0,60.2,5.7,5.9,0.0,0.017,0.9,0.0,59.4,0.7,5.4,212.0,0.052,1891.0,2959.5,0.3,306.4
Pele de porco,154,8.9,3.2,4.2,1.0,0.0,0.0,17.3,0.0,26.9,0.5,0.5,0.037,0.009,0.0,0.036,0.034,0.4,0.1,0.096,0.1,0.0,0.1,0.0,8.5,0.033,0.2,3.1,0.066,24.1,35.9,0.062,0.2,35.03
"Costelas de porco estilo country assadas

(Note: ""country style"" is a type of cooking method, so I translated it as is, rather than trying to convey the meaning in Portuguese If you want a more descriptive translation, I can try that too!)",235,15.2,5.4,6.6,1.8,0.0,0.0,22.8,0.0,88.6,0.049,46.4,0.098,0.4,0.0,0.016,0.2,4.8,1.2,0.4,0.0,0.09,0.1,0.0,29.2,0.072,1.2,19.8,0.025,173.7,247.7,0.026,3.6,68.402
Carne de porco de bife crua,664,43.7,15.4,18.4,5.6,0.6,0.0,67.6,0.0,243.7,0.6,276.5,0.0,1.9,0.0,0.01,1.3,14.8,5.6,1.9,0.0,0.083,0.8,0.0,59.0,0.5,3.8,70.7,0.0,829.2,1536.6,0.1,11.1,174.7
Peito de porco cozido,153,6.2,2.2,2.5,0.6,0.0,0.0,22.7,0.0,71.4,0.091,46.4,0.017,0.7,0.051,0.014,0.3,3.8,0.7,0.4,0.8,0.0,0.0,0.0,3.8,0.045,1.1,26.6,0.072,220.4,337.4,0.082,2.2,34.679
Costela de porco assada,213,12.1,4.5,5.4,1.0,0.0,0.0,24.2,0.0,71.2,0.077,51.9,0.008,0.6,0.066,0.024,0.2,3.9,0.6,0.3,0.5,0.007,0.2,0.0,18.7,0.006,1.0,16.9,0.033,161.1,332.9,0.02,2.1,56.575
Orelhas de porco cozidas,184,12.0,4.3,5.5,1.3,0.2,0.0,17.7,0.0,99.9,0.2,80.6,0.0,0.004,0.0,0.0,0.07,0.6,0.051,0.066,0.0,0.0,0.0,0.0,20.0,0.086,1.7,7.8,0.086,26.6,44.4,0.044,0.2,51.6
Lingua de porco cozida,626,43.0,14.9,20.2,4.5,0.0,0.0,55.7,0.0,337.3,0.3,131.4,0.0,0.7,0.019,0.077,1.2,12.3,1.2,0.5,3.9,0.0,0.0,0.0,43.9,0.3,11.5,46.2,0.054,401.9,547.5,0.04,10.5,158.0
Costelas de porco crua,3593,303.5,97.7,110.8,51.3,0.0,0.0,200.6,0.0,1037.6,1.1,775.0,0.0,4.1,0.0,0.055,3.3,60.5,8.1,7.4,0.0,0.084,4.8,0.0,194.6,1.0,11.8,207.5,0.1,1828.8,3138.7,0.3,32.4,710.5
Pastel de filé grelhado,205,18.5,6.7,8.8,2.0,1.0,0.0,8.0,0.0,43.2,0.6,30.8,0.0,0.2,0.034,0.046,0.1,1.9,0.2,0.085,0.0,0.056,0.3,0.0,5.4,0.043,1.0,6.0,0.045,60.6,146.4,0.028,1.1,33.9
Pele de frango assada,508,45.6,12.8,19.1,9.6,0.0,0.0,22.8,0.0,93.0,0.028,45.1,0.083,0.021,0.08,0.099,0.1,6.3,0.8,0.1,0.0,0.026,0.4,0.032,15.7,0.034,1.7,16.8,0.083,140.0,152.3,0.2,1.4,85.844
Peito de frango cru,3554,158.9,43.2,60.2,37.6,0.0,0.0,495.6,0.0,1471.6,1.3,1585.9,0.015,1.3,0.2,0.004,2.6,117.7,14.1,10.9,0.0,0.0,0.0,0.0,294.3,1.7,27.2,543.4,0.4,4211.0,6226.0,0.5,35.5,976.092
TURQUIA CRUVA,169,8.7,2.3,3.0,2.5,0.0,0.0,22.4,0.0,78.7,0.047,82.5,0.041,0.037,0.073,0.08,0.2,7.7,1.1,0.6,0.0,0.086,0.1,0.0,21.7,0.1,1.2,26.2,0.096,228.0,270.2,0.025,2.7,54.095
Asa de frango cozida,52,3.5,1.0,1.4,0.8,0.0,0.0,4.8,0.0,14.7,0.086,13.1,0.041,0.036,0.071,0.092,0.097,1.0,0.1,0.086,0.0,0.022,0.052,0.092,2.5,0.095,0.2,3.4,0.041,25.4,29.2,0.092,0.3,11.058
Torta de pato assada,209,7.8,2.6,1.6,2.2,4.1,0.0,28.8,0.0,71.6,0.9,91.6,0.0,0.058,0.054,0.079,0.2,8.5,1.1,0.4,0.0,0.084,0.5,0.09,6.8,0.037,2.2,29.7,0.066,329.4,402.3,0.081,3.4,49.7
Carne de perdiz crua,1448,74.3,21.6,34.6,9.4,0.0,0.0,181.6,0.0,568.0,0.3,542.2,0.4,0.6,0.064,0.015,1.1,51.4,7.4,5.3,42.4,0.0,0.0,0.0,96.0,0.5,9.2,160.0,0.1,1712.0,1944.0,0.1,7.7,403.9
Frango de costas cru,188,17.0,4.9,7.2,3.6,0.0,0.0,8.3,0.0,46.6,0.043,34.3,0.087,0.022,0.084,0.026,0.063,2.9,0.5,0.1,0.9,0.0,0.2,0.03,7.7,0.066,0.6,8.9,0.024,66.7,85.0,0.009,0.7,34.564
Frango de costas cozido,93,6.5,1.8,2.6,1.4,0.0,0.0,8.0,0.0,28.1,0.091,21.9,0.005,0.026,0.035,0.052,0.035,1.6,0.3,0.048,0.0,0.084,0.074,0.051,6.5,0.052,0.4,5.8,0.016,43.2,52.2,0.055,0.7,21.425
Perna de frango frita,431,25.5,6.8,10.4,6.1,13.8,0.0,34.4,0.5,142.2,0.4,82.3,0.07,0.2,0.089,0.056,0.3,8.6,1.6,0.4,0.0,0.0,0.0,0.0,28.4,0.1,2.2,31.6,0.043,240.2,298.6,0.041,3.4,104.858
Pernos de frango cozidos,975,66.2,17.8,24.9,13.5,0.9,0.0,88.0,0.0,381.0,0.3,298.5,0.1,0.3,0.4,0.011,0.9,1.8,0.0,0.052,0.0,0.068,1.2,0.036,399.2,0.5,4.1,22.7,0.0,376.5,140.6,0.033,3.1,558.5
Steak de peru frito,179,10.8,2.8,4.4,2.8,10.9,0.0,9.1,0.0,41.0,0.5,31.6,0.092,0.075,0.071,0.088,0.1,1.3,0.3,0.1,0.0,0.0,0.0,0.0,9.0,0.01,1.4,9.6,0.028,149.8,166.4,0.013,0.9,41.229
Carne de taco de peru cozida,271,13.9,3.2,4.7,3.9,5.5,0.0,30.7,0.0,129.9,1.2,128.1,0.0,0.1,0.051,0.062,0.6,5.5,1.1,0.5,0.0,0.0,0.5,0.089,126.3,0.072,3.3,49.4,0.3,329.4,543.5,0.067,4.6,179.7
Pernil de frango cru,736,54.9,15.0,22.8,11.5,0.6,0.0,56.3,0.0,319.9,0.3,231.5,0.018,0.3,0.053,0.096,0.5,16.3,3.4,1.1,0.7,0.033,0.8,0.096,31.0,0.2,2.4,65.4,0.088,533.2,698.3,0.091,5.1,145.973
Carne de frango crua,1978,138.6,39.7,57.4,29.7,0.0,0.0,171.1,0.0,690.0,0.6,607.1,0.4,0.6,0.039,0.069,1.1,62.6,8.4,3.2,14.7,0.054,2.8,0.054,101.2,0.4,8.3,184.0,0.2,1352.4,1738.8,0.1,12.1,434.3
Peito de frango cozido,94,6.9,1.9,2.7,1.5,0.0,0.0,7.5,0.0,26.6,0.085,23.5,0.065,0.05,0.078,0.079,0.035,1.3,0.2,0.033,0.0,0.087,0.1,0.032,10.3,0.065,0.9,4.9,0.095,46.4,41.0,0.054,1.0,25.616
Tumis de frango frito,193,11.3,3.0,4.6,2.7,6.0,0.0,15.8,0.2,61.9,0.2,38.0,0.028,0.049,0.065,0.061,0.2,3.7,1.2,0.2,0.0,0.0,0.0,0.0,12.2,0.063,1.0,14.4,0.004,105.8,133.9,0.018,1.7,46.519
Ovo de codorniz,14,1.0,0.3,0.4,0.1,0.08,0.048,1.2,0.0,76.0,0.042,6.7,0.083,0.014,0.089,0.039,0.001,0.076,0.2,0.016,0.0,0.047,0.03,0.01,5.8,0.078,0.3,1.2,0.061,20.3,11.9,0.091,0.1,8.343
Carne de pato cozida,472,39.7,13.5,18.1,5.1,0.0,0.0,26.6,0.0,117.6,0.041,72.6,0.008,0.2,0.073,0.098,0.4,6.8,1.5,0.3,0.0,0.067,1.0,0.047,15.4,0.3,3.8,22.4,0.071,218.4,285.6,0.092,2.6,85.544
Ala de frango grelhada,216,14.3,4.2,6.6,3.1,0.0,0.0,20.2,0.0,119.9,0.039,50.5,0.073,0.017,0.005,0.069,0.08,0.1,5.4,0.8,0.5,0.0,0.094,0.6,0.024,15.3,0.092,0.7,16.2,0.095,125.0,180.2,0.032,35.155
Carne de codorna cozida,1028,63.9,17.9,22.2,15.8,0.0,0.0,113.7,0.0,389.6,0.2,271.8,0.3,1.0,0.098,0.02,1.4,35.9,0.0,2.8,10.4,0.003,3.2,0.074,68.0,2.7,20.1,99.7,0.0,1263.9,978.5,0.063,14.0,276.4
Carne de ganso cozida,427,30.7,9.6,14.4,3.5,0.0,0.0,35.2,0.0,127.4,0.089,72.7,0.081,0.1,0.039,0.076,0.5,5.8,2.1,0.5,0.0,0.002,2.4,0.026,18.2,0.4,4.0,30.8,0.082,378.0,460.6,0.047,3.7,88.168
Peito de frango cozido,114,4.5,1.3,1.8,1.0,0.0,0.0,17.3,0.0,48.7,0.058,36.2,0.08,0.018,0.092,0.074,0.056,7.4,0.5,0.3,0.0,0.019,0.2,0.004,8.1,0.012,0.6,15.7,0.024,124.1,142.1,0.046,0.6,30.552
Pescoço de frango crudo,149,13.1,3.6,5.3,2.8,0.0,0.0,7.0,0.0,49.5,0.027,30.0,0.066,0.079,0.05,0.028,0.021,1.8,0.4,0.005,0.0,0.0,0.2,0.0,9.0,0.075,1.0,6.5,0.093,56.0,68.5,0.073,0.9,30.146
Ovo de pato,130,9.6,2.6,4.6,0.9,1.0,0.7,9.0,0.0,618.8,0.1,49.6,0.1,0.1,0.09,0.02,0.3,0.1,1.3,0.2,0.0,0.026,0.9,0.098,44.8,0.035,2.7,11.9,0.058,154.0,155.4,0.058,1.0,67.2
Peito de faisão crudo,484,11.8,4.0,3.8,2.0,0.0,0.0,88.7,0.0,211.1,0.1,263.5,0.2,0.3,0.088,0.009,0.4,31.1,3.5,2.7,21.8,0.0,0.0,0.0,10.9,0.2,2.9,76.4,0.051,728.0,880.9,0.06,2.3,136.3
Carne de pato crua,5123,498.8,167.6,237.0,64.4,0.0,0.0,145.7,0.0,963.7,0.8,615.0,0.6,2.5,0.2,0.048,2.7,49.9,12.1,2.4,35.5,0.088,8.9,0.025,139.5,3.0,30.4,190.2,0.2,1762.5,2650.1,0.2,17.2,850.5
Carne de pombo cru,585,47.4,16.8,19.3,6.1,0.0,0.0,36.8,0.0,189.1,0.1,112.6,0.1,0.4,0.054,0.012,0.4,12.0,1.5,0.8,10.3,0.0,0.0,0.0,23.9,0.9,7.0,43.8,0.021,493.5,396.0,0.087,4.4,125.5
Pernite de frango cru,211,12.4,3.3,4.9,2.6,0.1,0.0,23.4,0.0,122.4,0.1,96.4,0.067,0.1,0.039,0.042,0.2,6.4,1.4,0.4,0.0,0.044,0.3,0.007,13.3,0.039,0.8,26.6,0.064,220.8,296.6,0.063,2.6,50.075
Carne de pavo assada,284,11.1,3.2,4.0,3.2,0.031,0.0,42.8,0.0,163.5,0.2,95.3,0.004,0.073,0.083,0.019,0.4,14.4,1.4,0.9,0.0,0.091,0.1,0.0,21.0,0.1,1.6,45.0,0.053,334.5,358.5,0.022,3.7,76.629
Peito de frango cru,299,16.1,4.6,6.6,3.4,0.0,0.0,36.3,0.0,111.4,0.1,120.9,0.026,0.1,0.082,0.057,0.1,17.2,1.4,0.9,0.0,0.053,0.5,0.0,19.1,0.003,1.3,43.5,0.017,302.8,382.8,0.029,1.4,72.834
Frango cozido,474,27.4,7.8,12.2,5.2,0.0,0.0,58.4,0.0,268.6,0.2,162.9,0.2,0.0,0.3,0.093,0.079,0.8,17.8,3.3,1.4,0.0,0.0,1.0,0.044,20.1,0.2,2.3,70.3,0.038,587.3,1699.3,0.047,87.678
Ala de peru cozida,426,23.1,6.3,8.7,5.5,0.0,0.0,50.9,0.0,150.7,0.1,110.7,0.0,0.092,0.095,0.051,0.2,10.7,1.1,0.8,0.0,0.03,0.3,0.0,44.6,0.1,2.7,46.5,0.05,366.4,494.8,0.026,3.9,121.3
Carne de ganso crua,6077,550.7,160.2,291.1,61.6,0.0,0.0,259.8,0.0,1310.4,1.2,813.4,0.3,1.4,0.094,0.049,4.0,59.1,21.2,6.4,68.8,0.0,0.0,0.0,196.6,4.4,41.0,294.8,0.3,3832.9,5045.0,0.2,28.2,1117.2
Peito de frango grelhado,3266,128.0,36.3,42.3,31.1,0.0,0.0,496.1,0.0,1278.7,1.1,1092.4,0.0,1.0,0.1,0.004,2.3,110.0,11.0,8.3,0.0,0.0,0.0,0.0,362.9,0.8,24.2,466.6,0.3,3628.8,4976.6,0.5,35.1,1011.2
Tiras de fajita de frango,13,0.5,0.2,0.2,0.1,0.2,0.0,1.7,0.0,8.3,0.044,6.6,0.041,0.028,0.062,0.011,0.021,0.4,0.005,0.049,0.0,0.0,0.031,0.015,1.2,0.034,0.097,2.1,0.099,26.0,26.7,0.018,0.1,3.66
Raspas de frango crocantes da Tyson,145,6.0,7.7,14.5,1.0,0.0,0.0,0.0,0.0,0.0,0.0,0.0,0.0,0.0,0.0,0.0,0.0,0.0,0.0,0.0,0.0,0.0,0.0,0.0,0.0,0.0,0.0,0.0,0.0,0.0,0.0,0.0,0.0,6.0
Pudim de chocolate sem gordura,105,0.3,0.0,0.0,0.0,23.6,17.8,2.2,0.3,1.1,0.1,86.1,0.0,0.021,0.06,0.069,0.046,0.022,0.2,0.084,0.0,0.0,0.0,0.098,44.1,0.035,1.9,17.0,0.04,61.0,235.0,0.052,0.3,72.4
Pudim de tapioca,143,4.3,1.1,2.8,0.088,23.9,16.4,2.1,0.0,1.1,0.2,79.0,0.0,0.025,0.003,0.021,0.1,0.031,0.3,0.052,0.3,0.0,0.2,0.01,78.1,0.026,0.1,6.6,0.096,66.0,101.2,0.0,0.2,108.8
Pudim de tapioca sem gordura,105,0.4,0.1,0.08,0.067,23.9,15.9,1.6,0.0,1.1,0.2,85.4,0.0,0.044,0.096,0.012,0.043,0.1,0.056,0.039,0.3,0.0,0.072,0.0,58.2,0.004,0.1,5.6,0.023,73.9,78.4,0.0,0.2,84.5
Pudim de arroz,122,2.4,1.4,0.6,0.1,20.8,13.1,3.6,0.3,13.6,0.1,84.9,0.043,0.002,0.098,0.089,0.098,0.2,0.2,0.4,0.074,1.5,0.0,0.011,0.063,107.4,0.014,0.1,9.0,0.1,92.7,141.3,0.083,27.329
Pudim de milho,328,12.6,6.3,3.9,1.4,42.4,16.5,11.1,3.0,180.0,0.7,180.8,0.2,0.1,0.2,0.074,0.026,0.4,2.6,1.3,0.3,9.3,0.048,0.7,0.066,97.5,0.1,1.3,37.5,0.2,225.0,440.0,0.069,69.795
Pudim de chocolate,213,6.9,1.9,4.1,0.2,34.5,25.8,3.1,0.0,1.5,0.2,104.2,0.045,0.003,0.061,0.044,0.1,0.2,0.4,0.062,0.5,0.0,0.5,0.066,76.5,0.1,1.9,27.0,0.2,84.0,276.0,0.0,0.5,123.424
Pudim de limão,173,4.4,2.6,1.3,0.2,30.2,0.0,4.1,0.0,16.5,0.4,109.8,0.026,0.092,0.071,0.028,0.2,0.1,0.4,0.083,1.2,0.0,0.0,0.0,148.5,0.07,0.058,16.5,0.007,307.5,190.5,0.041,0.5,188.516
Pudim de vanília,195,5.7,1.5,3.4,0.1,33.9,25.5,2.2,0.0,1.5,0.3,107.5,0.018,0.012,0.084,0.092,0.1,0.047,0.2,0.048,0.3,0.0,0.5,0.034,73.5,0.08,0.1,6.0,0.031,61.5,97.5,0.0,0.2,115.796
"A proteína vale a pena

(Note: ""Profeel"" is likely a typo and should be ""Protein"", so the translation is assuming that's the correct word)",140,0.4,0.2,16.8,16.8,19.3,0.2,175.0,0.0,0.0,0.0,0.0,0.0,0.0,0.0,0.0,0.0,0.0,0.0,0.0,0.0,0.0,0.0,0.0,0.0,0.0,0.0,0.0,0.0,0.0,0.0,0.0,0.0,194.7
Queijo de cottage cremado,20,0.9,0.3,0.2,0.084,0.7,0.5,2.2,0.0,3.4,0.095,16.0,0.022,0.089,0.039,0.06,0.06,0.059,0.1,0.036,0.0,0.085,0.082,0.0,16.6,0.019,0.071,1.6,0.009,31.8,20.8,0.045,0.018,20.576
Azeite de oliva e mirina,51,4.4,1.6,1.2,0.0,0.0,0.0,0.0,0.0,0.0,0.0,0.0,0.0,0.0,0.0,0.0,0.0,0.0,0.0,0.0,0.0,0.0,0.0,0.0,0.0,0.0,0.0,0.0,0.0,0.0,0.0,0.0,0.0,4.4
Queijo cottage baixo em gordura,163,2.3,1.5,0.7,0.041,6.1,6.1,28.0,0.0,9.0,0.9,186.4,0.021,0.081,0.005,0.072,0.4,0.3,0.5,0.2,0.0,0.0,0.035,0.024,137.9,0.005,0.3,11.3,0.041,302.8,194.4,0.055,0.9,174.683
Queijo de cottage sem gordura,104,0.4,0.2,0.1,0.066,9.7,2.7,15.0,0.0,10.2,0.5,117.5,0.093,0.063,0.013,0.006,0.3,0.2,0.6,0.039,0.0,0.0,0.096,0.0,124.7,0.071,0.2,16.0,0.063,275.5,198.7,0.063,0.7,150.072
Iogurta de baixa gordura com sabor de baunilha,208,3.1,2.0,0.8,0.036,33.8,33.8,12.1,0.0,12.3,0.2,193.6,0.051,0.1,0.054,0.01,0.5,0.3,1.4,0.1,2.0,0.0,0.029,0.024,419.0,0.012,0.2,39.2,0.023,330.8,536.6,0.049,2.0,470.265
Iogurte natural desnatado 2 Liberté,30,1.2,0.7,0.7,0.0,1.7,1.7,3.3,0.0,0.017,0.0,0.0,0.0,0.0,0.0,0.0,0.0,0.0,0.0,0.0,0.0,0.0,0.0,0.0,0.0,0.0,0.0,0.0,0.0,0.0,0.0,0.0,0.0,6.2
Yoplait Light yogurt de mirtilo Yoplait,79,0.0,14.1,8.8,4.4,0.074,0.0,0.0,0.0,0.0,0.0,0.0,0.0,0.0,0.0,0.0,0.0,0.0,0.0,0.0,0.0,0.0,0.0,0.0,0.0,0.0,0.0,0.0,0.0,0.0,0.0,0.0,0.0,0.061
Iogurte de vanilla,145,2.1,1.3,0.5,0.069,23.5,23.5,8.4,0.0,8.5,0.1,134.3,0.005,0.091,0.068,0.026,0.3,0.2,0.9,0.094,1.4,0.0,0.003,0.037,290.7,0.089,0.1,27.2,0.087,229.5,372.3,0.08,1.4,326.243
Iogurte de chocolate,168,0.0,0.0,0.0,0.0,35.3,22.5,5.3,1.8,1.5,0.2,107.4,0.0,0.083,0.019,0.042,0.3,0.3,0.0,0.05,0.0,0.0,0.0,0.0,132.0,0.3,0.6,60.0,0.0,249.0,508.5,0.069,1.7,175.0
Parfait de iogur,125,1.5,0.8,0.5,0.2,23.6,17.4,5.0,1.6,4.5,0.048,117.7,0.073,0.1,0.018,0.1,0.3,1.1,0.0,0.3,21.3,0.042,0.4,0.085,156.5,0.025,0.7,25.3,0.0,138.6,281.6,0.088,1.3,210.272
O iogurte,92,4.9,3.1,1.3,0.1,7.0,7.0,5.2,0.0,19.5,0.005,131.9,0.026,0.017,0.06,0.081,0.2,0.1,0.6,0.026,0.8,0.076,0.035,0.02,181.5,0.049,0.001,18.0,0.084,142.5,232.5,0.075,0.9,199.51
Iogurte congelado de chocolate,221,6.3,4.0,1.7,0.2,37.6,33.5,5.2,4.0,22.6,0.1,123.9,0.036,0.08,0.008,0.088,0.3,0.2,0.0,0.021,0.0,0.057,0.2,0.071,174.0,0.028,0.8,43.5,0.0,154.9,407.2,0.059,0.5,227.929
Iogurte congelado,221,6.3,4.0,1.7,0.2,37.6,34.7,5.2,0.0,22.6,0.1,123.9,0.013,0.062,0.095,0.05,0.3,0.1,0.0,0.072,1.2,0.01,0.2,0.054,174.0,0.074,0.8,17.4,0.0,154.9,271.4,0.005,0.5,225.163
Iogurta de baixa gordura,154,3.8,2.5,1.0,0.1,17.2,17.2,12.9,0.0,14.7,0.2,208.4,0.021,0.1,0.045,0.034,0.5,0.3,1.4,0.1,2.0,0.0,0.007,0.007,448.4,0.005,0.2,41.7,0.039,352.8,573.3,0.071,2.2,484.517
Iogurte de baunilha Oikos,120,1.8,24.0,4.9,0.0,0.0,0.0,0.0,0.0,0.0,0.0,0.0,0.0,0.0,0.0,0.0,0.0,0.0,0.0,0.0,0.0,0.0,0.0,0.0,0.0,0.0,0.0,0.0,0.0,0.0,0.0,0.0,0.0,1.8
Iogurte de frutas,149,1.7,1.1,0.5,0.024,28.0,28.0,6.0,0.0,7.5,0.013,113.0,0.006,0.081,0.032,0.087,0.2,0.1,0.7,0.099,0.9,0.0,0.079,0.031,207.0,0.1,0.066,19.5,0.029,163.5,265.5,0.026,1.0,243.671
Danone baixa gordura AlsaFi,88,1.7,1.0,11.1,7.1,0.089,255.0,0.0,0.0,0.0,0.0,0.0,0.0,0.0,0.0,0.0,0.0,0.0,0.0,0.0,0.0,0.0,0.0,0.0,0.0,0.0,0.0,0.0,0.0,0.0,0.0,0.0,0.0,1.743
Parfait de frutas e iogurte da McDonald's,156,1.9,0.044,0.2,0.1,30.9,19.1,4.1,1.5,7.5,0.065,111.2,0.0,0.004,0.029,0.099,0.2,0.4,0.6,0.0,20.7,0.0,0.0,0.0,128.1,0.092,0.7,20.9,0.3,125.2,248.8,0.0,0.5,187.9
Iogurte grego zero-granula Dannon Oikos,120,0.0,0.0,15.0,7.0,22.5,6.0,0.038,0.0,0.0,0.0,0.0,0.0,0.0,0.0,0.0,0.0,0.0,0.0,0.0,0.0,0.0,0.0,0.0,0.0,0.0,0.0,0.0,0.0,0.0,0.0,0.0,0.0,22.598
Iogurte grego,100,0.7,0.2,0.018,0.01,6.1,5.5,17.3,0.0,8.5,0.081,144.7,0.035,0.009,0.045,0.036,0.5,0.4,0.6,0.1,0.0,0.0,0.089,0.01,187.0,0.021,0.1,18.7,0.004,229.5,239.7,0.032,0.9,211.251
Chocolate framboesa proteína mini proteina FX,102,2.9,1.8,9.1,0.0,0.0,0.0,0.0,0.0,0.0,0.0,0.0,0.0,0.0,0.0,0.0,0.0,0.0,0.0,0.0,0.0,0.0,0.0,0.0,0.0,0.0,0.0,0.0,0.0,0.0,0.0,0.0,0.0,2.9
Gushers frutas Gushers,360,6.0,80.0,40.0,0.0,0.2,0.0,0.0,0.0,0.0,0.0,0.0,0.0,0.0,0.0,0.0,0.0,0.0,0.0,0.0,0.0,0.0,0.0,0.0,0.0,0.0,0.0,0.0,0.0,0.0,0.0,0.0,0.0,6.2
Ovo frito,90,6.8,2.0,2.8,1.5,0.4,0.2,6.3,0.0,184.5,0.043,32.0,0.016,0.049,0.035,0.029,0.2,0.093,0.8,0.093,0.0,0.081,0.6,0.079,28.5,0.065,0.9,6.0,0.046,98.9,69.9,0.078,0.6,42.904
Glucerna Abbott,1010,35.6,2.8,0.0,0.0,120.9,49.8,0.0,12.8,0.0,0.0,0.0,0.0,0.0,0.0,0.0,0.0,0.0,0.0,0.0,0.0,0.0,0.0,0.0,0.0,0.0,0.0,0.0,0.0,0.0,0.0,0.0,0.0,169.3
Drinks de esportes,26,0.0,0.0,0.0,0.0,7.2,0.0,0.0,0.0,0.0,0.073,232.3,0.0,0.0,0.0,0.0,0.0,0.0,0.0,0.0,15.1,0.0,0.0,0.0,0.0,0.098,0.1,2.4,0.0,21.6,24.0,0.088,0.056,22.4
Cracker de amendoim com proteína Syntha 6,200,6.0,15.0,2.0,22.0,5.0,0.0,0.0,0.0,0.0,0.0,0.0,0.0,0.0,0.0,0.0,0.0,0.0,0.0,0.0,0.0,0.0,0.0,0.0,0.0,0.0,0.0,0.0,0.0,0.0,0.0,0.0,0.0,11.0
Pó de proteína de trigo de alta qualidade vegano,107,3.1,0.3,2.3,1.6,14.2,0.057,0.0,0.0,0.0,0.0,0.0,0.0,0.0,0.0,0.0,0.0,0.0,0.0,0.0,0.0,0.0,0.0,0.0,0.0,0.0,0.0,0.0,0.0,0.0,0.0,0.0,0.0,17.3
"Suco alto em proteína, cremeado, do chocolate, SlimFast",110,3.5,0.5,0.0,0.0,2.1,1.0,12.0,0.0,5.0,0.2,15.0,45.0,25.0,100.0,25.0,35.0,25.0,0.0,0.0,0.0,0.0,0.0,0.0,0.0,0.0,0.0,0.0,0.0,0.0,0.0,0.0,0.0,62.6
Ovo grande,138,9.3,0.5,11.8,0.0,0.0,0.0,0.0,0.0,0.0,0.0,0.0,0.0,0.0,0.0,0.0,0.0,0.0,0.0,0.0,0.0,0.0,0.0,0.0,0.0,0.0,0.0,0.0,0.0,0.0,0.0,0.0,0.0,9.3
Morangos-do-bosque congelados,66,0.3,0.049,0.059,0.2,16.1,9.1,1.5,7.0,0.0,0.064,113.4,0.0,0.063,0.07,0.0,0.045,1.0,0.3,0.054,4.1,0.0,1.1,0.002,35.6,0.1,1.1,21.1,0.7,35.6,183.5,0.058,0.3,65.7
Bebida de malte,88,0.3,0.005,0.032,0.1,19.1,19.1,0.5,0.0,0.0,0.02,216.0,0.0,0.022,0.021,0.0,0.1,2.6,0.02,0.044,1.2,0.0,0.0,0.0,16.6,0.048,0.1,16.6,0.046,37.9,19.0,0.049,0.025,37.8
Pó de chocolate para leite,88,0.5,0.5,0.0,0.0,19.9,18.0,1.0,1.0,0.0,0.012,0.2,0.0,0.041,0.079,0.0,0.09,0.064,0.0,0.2,6.0,0.0,0.038,0.041,100.1,0.2,0.0,11.7,0.2,18.9,61.6,0.039,1.5,128.5
Suco de vegetal e frutas,9,0.017,0.0,0.0,0.0,2.2,0.6,0.071,0.0,0.0,0.043,27.2,0.0,0.047,0.0,0.0,0.075,0.023,0.025,0.05,9.6,0.0,0.5,0.036,0.9,0.031,0.013,0.3,0.032,0.6,5.6,0.027,0.069,12.912
Pó de cacau descremado,12,0.7,0.4,0.2,0.048,3.1,0.087,1.1,1.8,0.0,0.062,0.2,0.0,0.049,0.078,0.0,0.058,0.1,0.054,0.028,0.0,0.0,0.085,0.056,6.9,0.2,0.7,26.9,0.2,39.6,82.3,0.035,0.4,14.3
Leite de coco,35,3.6,3.2,0.2,0.01,0.8,0.5,0.3,0.3,0.0,0.001,10.1,0.0,0.058,0.094,0.0,0.0,0.1,0.045,0.069,0.4,0.0,0.063,0.014,2.4,0.023,0.2,5.6,0.1,15.0,39.5,0.096,0.1,8.0
Pó de cacau,28,0.3,0.2,0.061,0.055,5.9,4.6,0.5,0.3,0.0,0.034,0.1,0.066,0.045,0.096,0.051,0.033,0.048,0.066,0.085,0.016,0.0,0.094,0.001,9.3,0.049,0.075,5.8,0.01,22.1,49.8,0.069,0.1,16.393
Beber de arroz,113,2.3,0.0,1.5,0.8,22.0,12.7,0.7,0.7,0.0,0.058,214.3,0.0,0.2,0.01,0.0,0.008,0.3,0.9,0.4,0.059,0.0,0.042,1.1,0.078,283.2,0.013,0.5,26.4,0.7,134.4,64.8,0.009,25.883
Água de coco,46,0.5,0.4,0.091,0.03,8.9,6.3,1.7,2.6,0.0,0.3,228.0,0.0,0.002,0.05,0.0,0.1,0.2,0.1,0.082,5.8,0.0,0.0,0.0,57.6,0.029,0.7,60.0,0.3,48.0,600.0,0.045,0.2,77.8
Café com leite caramelado med iced coffee do Dunkin Donuts,268,9.0,41.0,37.0,5.0,0.0,0.0,0.0,0.0,0.0,0.0,0.0,0.0,0.0,0.0,0.0,0.0,0.0,0.0,0.0,0.0,0.0,0.0,0.0,0.0,0.0,0.0,0.0,0.0,0.0,0.0,0.0,0.0,9.0
Café instantâneo descafeinado com água,4,0.0,0.024,0.0,0.068,0.8,0.0,0.2,0.0,0.0,0.093,177.1,0.0,0.0,0.0,0.0,0.058,0.5,0.092,0.0,0.0,0.0,0.0,0.0,7.2,0.046,0.042,7.2,0.098,5.4,64.4,0.02,0.053,8.247
Pó de café instantâneo,353,0.5,0.2,0.09,0.2,75.4,0.0,12.2,0.0,0.0,0.051,3.1,0.0,0.09,0.0,0.0,0.031,28.2,0.019,0.073,0.0,0.0,0.0,0.077,141.0,0.1,4.4,327.0,1.7,303.0,3535.0,0.024,0.4,233.5
Pó de café instantâneo descafeinado,6,0.069,0.015,0.031,0.075,1.4,0.0,0.2,0.0,0.0,0.09,0.051,0.0,0.0,0.0,0.0,0.072,0.5,0.077,0.0,0.0,0.0,0.0,0.015,2.5,0.031,0.056,5.6,0.084,5.1,63.0,0.015,0.004,4.121
Pó de cappuccino instantâneo,53,0.7,0.4,0.2,0.098,11.2,9.0,0.4,0.2,0.3,0.074,0.2,0.0,0.073,0.067,0.037,0.087,0.3,0.037,0.011,0.1,0.0,0.08,0.062,17.3,0.078,0.036,5.6,0.014,23.8,108.0,0.064,0.058,29.908
Café descafeinado,0,0.0,0.087,0.0,0.099,0.0,0.0,0.2,0.0,0.0,0.058,235.3,0.0,0.0,0.0,0.0,0.0,0.5,0.091,0.0,0.0,0.0,0.0,0.023,4.7,0.028,0.1,11.9,0.083,2.4,128.0,0.042,0.084,5.0
Café descafeinado em estilo espresso,3,0.011,0.037,0.0,0.057,0.5,0.0,0.065,0.0,0.0,0.011,29.3,0.0,0.087,0.054,0.0,0.003,1.6,0.086,0.035,0.026,0.0,0.0,0.047,0.6,0.085,0.087,24.0,0.093,2.1,34.5,0.0,0.036,1.391
"""Café instantâneo com água""",4,0.0,0.051,0.0,0.025,0.6,0.0,0.2,0.0,0.0,0.015,177.4,0.0,0.0,0.0,0.0,0.073,0.4,0.089,0.0,0.0,0.0,0.0,0.0,7.2,0.026,0.015,7.2,0.001,5.4,53.7,0.054,0.013,8.027
Café,2,0.069,0.011,0.016,0.011,0.0,0.0,0.3,0.0,0.0,0.075,235.6,0.0,0.034,0.076,0.0,0.2,0.5,0.6,0.022,0.0,0.0,0.068,0.025,4.7,0.045,0.051,7.1,0.076,7.1,116.1,0.0,0.039,5.09
Café expresso,3,0.086,0.068,0.0,0.054,0.5,0.0,0.021,0.0,0.0,0.083,29.3,0.0,0.088,0.073,0.0,0.08,1.6,0.075,0.099,0.099,0.0,0.005,0.027,0.6,0.022,0.049,24.0,0.023,2.1,34.5,0.0,0.02,1.263
"Pó de proteína de whey, sabor vanilla, fácil",108,1.7,1.4,1.3,20.2,0.0,0.0,0.0,0.0,0.0,0.0,0.0,0.0,0.0,0.0,0.0,0.0,0.0,0.0,0.0,0.0,0.0,0.0,0.0,0.0,0.0,0.0,0.0,0.0,0.0,0.0,0.0,0.0,1.7
Drinco energético zero açúcar Red Bull,13,0.2,0.0,0.0,0.0,1.8,0.0,0.6,0.0,0.0,0.008,245.9,0.0,0.031,0.0,0.09,1.4,21.3,4.8,5.0,0.0,0.0,0.0,0.0,32.5,0.048,0.023,7.5,0.016,0.0,7.5,0.067,0.0,35.19
Powerade Coca-Cola,9,0.009,0.076,0.078,0.054,2.3,1.8,0.0,0.0,0.0,0.005,27.1,0.0,0.021,0.0,0.082,0.0,0.5,0.0,0.013,0.0,0.0,0.0,0.0,0.3,0.0,0.096,0.0,0.0,0.3,5.3,0.0,0.058,2.671
Energia Pepsi,110,0.2,0.0,0.0,0.0,29.0,29.0,0.6,0.0,0.0,0.093,209.5,0.0,0.078,0.0,0.083,0.8,4.8,2.4,0.5,0.0,0.0,0.0,0.0,31.2,0.044,0.053,7.2,0.0,40.8,7.2,0.075,0.0,61.067
Gatorade G2 Pepsi,2,0.052,0.0,0.0,0.0,0.6,0.4,0.069,0.0,0.0,0.011,28.9,0.0,0.0,0.0,0.091,0.0,0.0,0.0,0.0,0.0,0.0,0.0,0.038,0.0,0.0,0.0,0.0,0.0,2.1,3.8,0.0,0.0,0.69
"Energia de amp pepsi, açúcar livre",5,0.0,0.0,0.0,0.0,2.5,0.0,0.0,0.0,0.0,0.093,236.0,0.0,0.0,0.0,0.084,0.3,2.0,1.0,0.2,0.0,0.0,0.0,0.0,0.0,0.095,0.0,7.2,0.0,40.8,4.8,0.038,0.0,2.5
Beber Red Bull Energy Drink,111,0.0,0.0,0.0,0.0,26.4,26.4,1.2,0.0,0.0,0.1,230.2,0.0,0.0,0.1,0.0,0.068,0.3,25.4,4.9,5.6,0.0,0.0,0.0,0.0,15.5,0.049,0.2,49.0,0.086,0.0,7.7,0.072,33.224
Powerade Zero Ion4 Coca-Cola,0,0.0,0.0,0.0,0.0,0.0,0.0,0.0,0.0,0.0,0.03,29.5,0.0,0.098,0.0,0.028,0.0,0.2,0.0,0.064,0.7,0.0,0.2,0.057,0.6,0.051,0.072,0.3,0.0,0.0,3.0,0.0,0.026,1.393
Coca-Cola a toda velocidade,110,0.2,0.0,0.0,0.0,29.0,29.0,0.6,0.0,0.0,0.071,209.5,0.0,0.037,0.0,0.031,0.0,4.0,0.0,0.4,0.0,0.0,0.0,0.0,31.2,0.054,0.037,7.2,0.0,0.0,7.2,0.083,0.0,61.049
"Sorvetão de maracujá passional, cor roxa",148,0.4,0.064,0.037,0.3,35.7,35.2,1.7,0.5,0.0,0.084,208.0,0.0,0.0,0.039,0.0,0.2,5.5,0.0,0.1,45.0,0.0,0.09,0.011,9.9,0.1,0.9,42.0,0.0,61.8,686.7,0.001,0.1,94.1
Suco de romã,134,0.7,0.2,0.1,0.1,32.7,31.5,0.4,0.2,0.0,0.089,214.0,0.0,0.037,0.014,0.0,0.006,0.6,0.7,0.019,0.2,0.0,0.9,0.081,27.4,0.06,0.2,17.4,0.2,27.4,532.9,0.065,0.2,61.8
Suco de mirtilo e damasco,157,0.0,0.0,0.0,0.0,39.7,0.0,0.5,0.2,0.0,0.007,204.6,0.0,0.089,0.071,0.0,0.01,0.3,0.071,0.082,0.0,0.0,0.0,0.0,22.1,0.051,0.4,7.4,0.3,12.3,149.5,0.0,0.05,62.9
Suco de abacaxi,133,0.3,0.071,0.027,0.1,32.2,25.0,0.9,0.5,0.0,0.075,215.9,0.0,0.0,0.1,0.004,0.0,0.064,0.5,0.1,0.3,109.5,0.0,0.048,0.062,32.5,0.2,0.8,30.0,1.3,20.0,325.0,0.099,34.477
Suco de maracujá amarelo,126,0.1,0.008,0.02,0.094,33.6,33.1,1.0,0.5,0.0,0.003,211.5,0.0,0.0,0.1,0.0,0.3,3.6,0.0,0.1,73.6,0.0,0.036,0.09,9.9,0.1,0.6,42.0,0.0,32.1,686.7,0.098,0.1,119.3
Suco de laranja e damasco,128,0.3,0.001,0.078,0.063,31.8,30.2,0.8,0.3,0.0,0.096,216.8,0.0,0.022,0.094,0.0,0.021,0.5,0.2,0.08,50.0,0.0,0.3,0.054,12.5,0.024,0.3,12.5,0.091,20.0,200.0,0.086,0.1,96.0
Suco de laranja-doce,106,0.5,0.082,0.015,0.054,24.9,24.5,1.2,0.5,0.0,0.022,219.6,0.0,0.0,0.1,0.086,0.0,0.094,0.2,0.3,0.1,76.6,0.0,0.3,0.0,44.5,0.06,0.5,19.8,0.031,34.6,439.7,0.016,27.29
Suco de laranja,90,0.4,0.079,0.046,0.037,20.8,16.8,1.4,0.4,0.0,0.067,176.6,0.0,0.0,0.2,0.002,0.0,0.01,0.8,0.4,0.052,100.0,0.0,0.013,0.053,22.0,0.06,0.4,22.0,0.056,34.0,400.0,0.067,23.177
Suco de grapefruit,96,0.2,0.011,0.09,0.008,22.7,0.0,1.2,0.0,0.0,0.061,222.3,0.0,0.0,0.06,0.038,0.0,0.01,0.5,0.5,0.1,93.9,0.0,0.0,0.0,22.2,0.004,0.5,29.6,0.037,37.1,400.1,0.0,24.254
Suco de pinha e toranja,118,0.3,0.077,0.0,0.022,29.0,28.8,0.5,0.3,0.0,0.054,219.8,0.0,0.042,0.047,0.0,0.07,0.7,0.1,0.1,115.0,0.0,0.001,0.046,17.5,0.1,0.8,15.0,1.0,15.0,152.5,0.025,0.2,163.4
Nectar de tamarindo,143,0.3,0.0,0.0,0.0,37.0,31.9,0.2,1.3,0.0,0.046,213.3,0.0,0.077,0.055,0.0,0.024,0.2,0.025,0.048,17.8,0.0,0.3,0.069,25.1,0.054,1.9,10.0,0.079,5.0,67.8,0.0,0.089,83.6
Suco de maçã,114,0.3,0.064,0.078,0.09,28.0,23.9,0.2,0.5,0.0,0.038,218.8,0.0,0.0,0.083,0.0,0.0,0.019,0.2,0.1,0.025,2.2,0.0,0.057,0.0,19.8,0.065,0.3,12.4,0.2,17.4,250.5,0.039,29.087
Limonada,128,0.0,0.0,0.0,0.0,34.1,32.8,0.0,0.0,0.0,0.071,212.6,0.0,0.047,0.058,0.0,0.034,0.05,0.006,0.051,7.7,0.0,0.0,0.0,4.9,0.058,0.0,4.9,0.068,2.5,24.7,0.081,0.024,46.7
Suco de guaiaba,158,0.2,0.05,0.071,0.054,40.8,32.5,0.2,2.5,0.0,0.063,209.6,0.0,0.0,0.06,0.075,0.0,0.073,0.4,0.2,0.057,53.0,0.0,0.1,0.087,20.1,0.055,1.0,5.0,0.1,5.0,97.9,0.0,43.83
Suco de laranja e grapefruit,106,0.2,0.009,0.001,0.098,25.4,25.1,1.5,0.2,0.0,0.082,218.9,0.0,0.1,0.005,0.0,0.04,0.8,0.3,0.079,71.9,0.0,0.3,0.066,19.8,0.2,1.1,24.7,0.067,34.6,390.3,0.005,0.2,120.1
Suco de laranja Sainsburys,14,0.088,2.5,0.1,0.0,0.0,0.0,0.0,0.0,0.0,0.0,0.0,0.0,0.0,0.0,0.0,0.0,0.0,0.0,0.0,0.0,0.0,0.0,0.0,0.0,0.0,0.0,0.0,0.0,0.0,0.0,0.0,0.0,0.049
Suco de cranberry e maçã,154,0.3,0.066,0.014,0.1,38.8,35.5,0.0,0.0,0.0,0.061,205.3,0.0,0.0,0.0,0.0,0.0,0.0,0.0,0.0,96.8,0.0,0.3,0.075,7.4,0.07,0.2,2.5,0.1,4.9,41.7,0.0,0.015,143.5
Suco de abacaxi laranja,125,0.0,0.0,0.0,0.0,29.5,29.0,3.3,0.3,0.0,0.069,217.3,0.0,0.035,0.046,0.0,0.02,0.5,0.1,0.1,56.3,0.0,0.079,0.085,12.5,0.1,0.7,15.0,0.9,10.0,115.0,0.071,0.2,102.6
Nectar de pérola,150,0.062,0.032,0.086,0.038,39.4,0.0,0.3,1.5,0.0,0.056,210.0,0.0,0.0,0.032,0.049,0.0,0.033,0.3,0.087,0.017,67.5,0.0,0.0,0.0,12.5,0.2,0.7,7.5,0.041,7.5,32.5,0.065,41.466
Sumo de mirtilo,95,1.5,0.095,0.1,0.9,19.5,19.3,0.8,0.3,0.0,0.072,227.3,0.0,0.076,0.091,0.0,0.053,1.1,0.0,0.075,28.3,0.0,2.3,0.088,30.0,0.3,1.2,52.5,0.0,30.0,337.5,0.093,1.0,81.6
Sumo de limão,54,0.6,0.06,0.073,0.038,16.6,6.1,0.9,0.7,0.0,0.046,225.2,0.0,0.0,0.015,0.093,0.0,0.084,0.2,0.2,0.1,94.4,0.0,0.4,0.0,14.6,0.073,0.2,14.6,0.091,19.5,251.3,0.09,18.9
Suco de morango-cerise,137,0.2,0.053,0.092,0.08,34.3,0.0,0.5,0.2,0.0,0.079,209.7,0.0,0.094,0.09,0.0,0.056,0.3,0.1,0.027,78.4,0.0,0.0,0.0,19.6,0.051,0.04,7.4,0.4,9.8,58.8,0.0,0.055,133.2
Sumo suco de fruta cítrica,114,0.057,0.088,0.048,0.085,28.3,20.2,0.8,0.2,0.0,0.051,217.8,0.0,0.043,0.021,0.0,0.096,0.2,0.2,0.054,67.2,0.0,0.1,0.042,22.3,0.065,2.8,14.9,0.2,24.8,277.8,0.036,0.011,121.7
Suco de ameixa,182,0.006,0.033,0.082,0.011,44.7,42.1,1.6,2.6,0.0,0.1,208.0,0.0,0.038,0.0,0.0,0.2,2.0,0.3,0.6,10.5,0.0,0.3,0.007,30.7,0.2,3.0,35.8,0.4,64.0,706.6,0.083,0.5,93.105
Sucedâneo de guanabana,148,0.4,0.096,0.1,0.006,37.5,32.8,0.3,0.3,0.0,0.061,212.6,0.0,0.086,0.05,0.0,0.027,0.3,0.2,0.05,27.9,0.0,0.036,0.0,17.6,0.067,0.9,7.5,0.056,5.0,62.8,0.067,0.011,84.9
Suco de frutas,108,0.1,0.059,0.048,0.036,26.3,24.2,0.3,0.2,0.0,0.1,172.7,0.0,0.071,0.2,0.0,0.0,0.096,0.028,0.0,0.001,50.8,0.0,0.1,0.0,6.0,0.039,0.5,10.0,0.0,14.0,244.0,0.089,26.937
A horchata,15,0.2,0.0,0.0,0.0,3.3,2.6,0.1,0.0,0.0,0.013,24.6,0.0,0.0,0.0,0.0,0.0,0.016,0.0,0.029,0.0,0.0,0.022,0.0,5.1,0.028,0.057,0.8,0.045,4.2,9.6,0.005,0.058,8.717
Chuva de frutas,98,0.4,0.048,0.011,0.039,24.4,0.0,0.2,0.0,0.0,0.08,208.6,0.0,0.092,0.061,0.0,0.1,0.1,0.035,0.047,11.2,0.0,0.0,0.0,16.4,0.097,0.5,7.0,0.1,7.0,154.4,0.0,0.4,53.1
Sorbet de abacate,139,0.2,0.07,0.085,0.039,35.7,34.2,0.9,1.5,0.0,0.025,210.5,0.0,0.044,0.059,0.0,0.014,0.6,0.2,0.036,1.5,0.0,0.8,0.008,17.4,0.2,0.9,12.4,0.008,22.3,282.7,0.0,0.2,58.1
"Suco de laranja, sim",86,0.0,0.0,17.8,17.8,1.4,0.024,0.0,0.0,0.0,0.0,0.0,0.0,0.0,0.0,0.0,0.0,0.0,0.0,0.0,0.0,0.0,0.0,0.0,0.0,0.0,0.0,0.0,0.0,0.0,0.0,0.0,0.0,1.4
Suco de fruta em cocktail granini,102,0.4,0.2,23.0,23.0,1.0,0.0,0.0,0.0,0.0,0.0,0.0,0.0,0.0,0.0,0.0,0.0,0.0,0.0,0.0,0.0,0.0,0.0,0.0,0.0,0.0,0.0,0.0,0.0,0.0,0.0,0.0,0.0,1.4
Suco de pepino,125,1.3,0.6,0.2,0.5,29.7,27.8,0.5,0.2,0.0,0.077,217.3,0.0,0.038,0.1,0.005,0.0,0.049,0.5,0.2,0.091,75.2,0.0,1.5,0.0,14.9,0.2,0.2,12.5,0.058,12.5,124.5,0.071,31.949
Suco de laranja e abacate,15,0.08,0.056,0.026,0.024,3.6,3.1,0.1,0.032,0.0,0.044,25.7,0.0,0.044,0.01,0.0,0.069,0.054,0.0,0.053,12.0,0.0,0.036,0.016,2.4,0.09,0.086,3.0,0.1,3.2,44.3,0.076,0.072,18.261
Suco de mirtilo,92,0.3,0.061,0.098,0.1,24.4,24.2,0.8,0.2,0.0,0.093,174.3,0.0,0.0,0.069,0.011,0.0,0.016,0.2,0.0,0.1,18.6,0.0,2.4,0.099,16.0,0.1,0.5,12.0,0.0,26.0,154.0,0.036,25.975
Suco de grapefruit branco,96,0.2,0.083,0.091,0.007,22.7,22.5,1.2,0.2,0.0,0.018,222.3,0.0,0.015,0.029,0.0,0.005,0.5,0.5,0.1,93.9,0.0,0.5,0.0,22.2,0.035,0.5,29.6,0.032,37.1,400.1,0.019,0.1,140.9
Nectar de manga,128,0.2,0.04,0.092,0.066,32.9,31.2,0.3,0.8,0.0,0.061,217.4,0.0,0.0,0.039,0.055,0.0,0.06,0.2,0.2,0.038,38.2,0.0,0.5,0.047,42.7,0.087,0.9,7.5,0.007,5.0,60.2,0.025,34.447
Sumo suco de cereja-acerola,56,0.7,0.2,0.2,0.2,11.6,10.9,1.0,0.7,0.0,0.082,228.2,0.0,0.067,0.084,0.0,0.1,1.0,0.5,0.051,3872.0,0.0,0.4,0.057,24.2,0.2,1.2,29.0,0.0,21.8,234.7,0.061,0.2,3911.4
Suco de maçã concentrado,350,0.8,0.1,0.053,0.2,86.5,81.9,1.1,0.8,0.0,0.049,120.3,0.0,0.029,0.005,0.0,0.1,0.3,0.5,0.2,4.4,0.0,0.022,0.0,42.2,0.1,1.9,35.9,0.5,52.8,945.3,0.067,0.3,137.7
Sucos de papai,143,0.4,0.1,0.1,0.07,36.3,34.8,0.4,1.5,0.0,0.082,212.6,0.0,0.0,0.053,0.039,0.0,0.077,0.4,0.1,0.017,7.5,0.0,0.6,0.076,25.0,0.029,0.9,7.5,0.012,0.0,77.5,0.072,38.657
Suco de maçã Martinelli,122,0.0,0.0,29.1,0.7,0.0,0.0,0.0,0.0,0.0,0.0,0.0,0.0,0.0,0.0,0.0,0.0,0.0,0.0,0.0,0.0,0.0,0.0,0.0,0.0,0.0,0.0,0.0,0.0,0.0,0.0,0.0,0.0,0.0
Suco de limão,61,0.2,0.052,0.087,0.071,20.4,4.1,1.0,1.0,0.0,0.014,219.7,0.0,0.015,0.01,0.0,0.078,0.3,0.3,0.04,72.6,0.0,0.5,0.074,33.9,0.027,0.2,19.4,0.011,33.9,283.1,0.052,0.2,129.3
Suco de uva,152,0.3,0.06,0.03,0.059,37.4,35.9,0.9,0.5,0.0,0.003,213.8,0.0,0.05,0.0,0.0,0.025,0.3,0.1,0.086,0.3,0.0,0.0,0.025,27.8,0.025,0.6,25.3,0.6,35.4,263.1,0.0,0.2,67.8
Água Danone,0,0.0,0.0,0.0,0.0,0.0,0.0,0.0,0.0,0.0,0.0,330.9,0.0,0.0,0.0,0.0,0.0,0.0,0.0,0.0,0.0,0.0,0.0,0.0,9.9,0.0,0.0,3.3,0.0,0.0,0.0,0.0,0.0,9.9
Água de tubo,0,0.0,0.0,0.0,0.0,0.0,0.0,0.0,0.0,0.0,0.018,236.8,0.0,0.0,0.0,0.0,0.0,0.0,0.0,0.0,0.0,0.0,0.0,0.0,7.1,0.086,0.0,2.4,0.0,0.0,0.0,0.0,0.042,7.1
Água de mesa,0,0.0,0.0,0.0,0.0,0.0,0.0,0.0,0.0,0.0,0.044,499.5,0.0,0.0,0.0,0.0,0.0,0.0,0.0,0.0,0.0,0.0,0.0,0.0,70.0,0.0,0.0,0.0,0.0,0.0,0.0,0.0,0.0,70.0
Água aromatizada com sabor de frutas,52,0.0,0.0,0.0,0.0,13.0,13.0,0.0,0.0,0.0,0.0,223.8,0.05,0.0,0.016,0.049,0.0,2.0,1.0,0.2,30.1,0.0,4.5,0.0,40.3,0.061,0.0,7.1,0.0,0.0,0.0,0.0,0.8,83.471
Água,0,0.0,0.0,0.0,0.0,0.0,0.0,0.0,0.0,0.0,0.024,237.0,0.0,0.0,0.0,0.0,0.0,0.0,0.0,0.0,0.0,0.0,0.0,0.0,23.7,0.098,0.0,4.7,0.0,0.0,0.0,0.0,0.0,23.7
Coca-Cola Light,0,0.0,0.0,0.0,0.0,0.0,0.0,0.0,0.0,0.0,0.087,336.5,0.0,0.0,0.0,0.0,0.0,0.0,0.0,0.0,0.0,0.0,0.0,0.0,0.0,0.0,0.0,0.0,0.0,0.0,0.0,0.0,0.0,0.0
Soda de limão-limão,151,0.0,0.0,0.0,0.0,38.4,37.6,0.3,0.0,0.0,0.024,330.2,0.0,0.0,0.0,0.0,0.0,0.055,0.0,0.0,0.0,0.0,0.0,0.0,7.4,0.0,0.061,3.7,0.0,0.0,3.7,0.0,0.065,46.113
Água tônica,114,0.0,0.0,0.0,0.0,29.6,29.6,0.0,0.0,0.0,0.049,306.1,0.0,0.0,0.0,0.0,0.0,0.0,0.0,0.0,0.0,0.0,0.0,0.0,3.4,0.031,0.09,0.0,0.05,0.0,0.0,0.0,0.3,33.038
Limonada de baixo teor calórico,7,0.0,0.0,0.0,0.0,1.6,0.0,0.092,0.0,0.0,0.013,236.8,0.0,0.0,0.0,0.0,0.0,0.0,0.0,0.0,7.6,0.0,0.0,0.0,66.9,0.04,0.1,2.4,0.057,31.1,2.4,0.0,0.011,76.216
Água-de-gengibre,68,0.0,0.0,0.0,0.0,17.5,17.4,0.0,0.0,0.0,0.043,182.5,0.0,0.0,0.0,0.0,0.0,0.0,0.0,0.0,0.0,0.0,0.0,0.0,0.0,6.0,0.024,0.4,2.0,0.087,0.0,2.0,0.078,17.528
Chá gelado limão flavor Nestle,88,0.0,0.0,0.0,0.0,22.3,22.3,0.0,0.0,0.0,0.063,223.4,0.0,0.0,0.0,0.0,0.0,0.0,0.0,0.0,0.0,0.0,0.0,0.0,7.4,0.068,0.0,2.5,0.3,88.2,46.6,0.0,0.1,29.7
Sprite Coca-Cola,80,0.063,0.0,0.0,0.0,20.3,18.0,0.1,0.0,0.0,0.021,179.6,0.0,0.0,0.0,0.0,0.0,0.0,0.032,0.0,0.0,0.0,0.0,0.0,0.0,4.0,0.042,0.2,2.0,0.017,0.0,2.0,0.0,20.538
Coca-Cola,151,0.0,0.0,0.0,0.0,38.9,38.9,0.0,0.0,0.0,0.045,329.8,0.0,0.0,0.0,0.0,0.0,0.0,0.0,0.0,0.0,0.0,0.0,0.0,7.4,0.0,0.048,0.0,0.0,40.5,11.0,0.045,0.052,46.4
"A colinha: ""Cola""",74,0.07,0.0,0.0,0.0,19.1,17.9,0.1,0.0,0.0,0.072,180.6,0.0,0.0,0.0,0.0,0.0,0.0,0.0,0.0,0.0,0.0,0.0,0.0,0.0,4.0,0.012,0.2,0.0,0.081,20.0,4.0,0.038,19.336
Guarana soda,252,0.0,0.0,0.0,0.0,65.7,65.7,0.0,0.0,0.0,0.098,428.3,0.0,0.0,0.0,0.0,0.0,0.0,0.0,0.0,0.0,0.0,0.0,0.0,24.7,0.036,0.2,4.9,0.08,0.0,4.9,0.0,0.3,90.6
"Claro! Here is the translation:

Claro",0,0.0,0.0,0.0,0.0,0.0,0.0,0.0,0.0,0.0,0.046,199.8,0.0,0.0,0.0,0.0,0.0,0.0,0.0,0.0,0.0,0.0,0.0,0.0,0.0,10.0,0.015,0.078,2.0,0.052,0.0,4.0,0.0,0.025
Limonada rosada,86,0.3,0.079,0.03,0.034,21.6,20.6,0.1,0.2,0.0,0.01,177.8,0.0,0.003,0.078,0.0,0.0,0.047,0.035,0.061,6.2,0.0,0.062,0.0,8.0,0.011,0.092,4.0,0.094,4.0,34.0,0.0,0.093,36.488
Suco de uva,160,0.0,0.0,0.0,0.0,41.7,0.0,0.0,0.0,0.0,0.042,330.3,0.0,0.0,0.0,0.0,0.0,0.0,0.0,0.0,0.0,0.0,0.0,0.0,11.2,0.038,0.3,3.7,0.054,0.0,3.7,0.0,0.3,53.2
Cola sem cafeína Coca-Cola,151,0.0,0.0,0.0,0.0,38.9,38.9,0.0,0.0,0.0,0.04,329.8,0.0,0.0,0.0,0.0,0.0,0.0,0.0,0.0,0.0,0.0,0.0,0.0,7.4,0.0,0.026,0.0,0.0,40.5,11.0,0.063,0.032,46.381
Limonada branca,80,0.003,0.093,0.024,0.076,20.8,20.0,0.1,0.0,0.0,0.02,178.7,0.0,0.0,0.004,0.043,0.0,0.02,0.094,0.094,0.007,7.8,0.0,0.04,0.0,8.0,0.013,0.3,4.0,0.083,4.0,30.0,0.066,21.02
Chocolate soda,207,0.0,0.0,0.0,0.0,52.6,52.6,0.0,0.0,0.0,0.031,438.9,0.0,0.0,0.0,0.0,0.0,0.0,0.0,0.0,0.0,0.0,0.0,0.0,19.7,0.022,0.5,4.9,0.2,4.9,246.0,0.015,0.8,72.8
Chá doce da Lipton,130,0.0,0.0,0.0,0.0,35.0,35.0,0.0,0.0,0.0,0.0,0.0,0.0,0.0,0.0,0.0,0.0,0.0,0.0,0.0,0.0,0.0,0.0,0.0,0.0,0.0,0.0,0.0,0.0,0.0,0.0,0.0,0.0,35.0
Chá de hibisco,74,1.3,0.5,0.2,0.04,14.8,12.0,0.9,0.6,0.0,0.091,179.3,0.0,2.6,0.03,0.0,0.2,0.0,0.0,0.0,36.8,0.0,0.0,0.0,2.0,0.1,17.3,2.0,0.0,6.0,18.0,0.0,0.2,73.7
Chá de limão instantâneo,2,0.0,0.0,0.0,0.0,0.3,0.047,0.1,0.0,0.0,0.046,199.2,0.0,0.0,0.0,0.0,0.0,0.003,0.023,0.06,0.009,0.0,0.0,0.0,0.0,6.0,0.026,0.02,4.0,0.8,2.0,36.0,0.0,0.494
"Peixe, chá, sementa",116,0.0,28.1,0.0,0.0,0.0,0.0,0.0,0.0,0.0,0.0,0.0,0.0,0.0,0.0,0.0,0.0,0.0,0.0,0.0,0.0,0.0,0.0,0.0,0.0,0.0,0.0,0.0,0.0,0.0,0.0,0.0,0.0,0.0
Chá de limão instantâneo adoçado,91,0.2,0.018,0.046,0.093,22.3,21.6,0.071,0.3,0.0,0.089,236.2,0.0,0.083,0.0,0.0,0.0,0.006,0.0,0.044,0.0,0.0,0.0,0.0,5.2,0.076,0.0,2.6,0.3,0.0,38.9,0.017,0.048,28.147
"Chá com leite e açúcar, Yorkshire",15,0.5,0.3,0.7,0.7,0.4,0.0,0.0,0.0,0.0,0.0,0.0,0.0,0.0,0.0,0.0,0.0,0.0,0.0,0.0,0.0,0.0,0.0,0.0,0.0,0.0,0.0,0.0,0.0,0.0,0.0,0.0,0.0,0.9
Bolinho de muffin de amora chá,4,0.2,0.2,0.6,0.4,0.4,0.007,0.0,0.0,0.0,0.0,0.0,0.0,0.0,0.0,0.0,0.0,0.0,0.0,0.0,0.0,0.0,0.0,0.0,0.0,0.0,0.0,0.0,0.0,0.0,0.0,0.0,0.0,0.6
Chá de camomila,2,0.0,0.028,0.032,0.073,0.4,0.0,0.0,0.0,0.0,0.003,199.4,0.0,0.06,0.05,0.0,0.022,0.0,0.027,0.0,0.0,0.0,0.0,0.0,4.0,0.097,0.2,2.0,0.078,0.0,18.0,0.0,0.006,4.6
Chá preto,2,0.0,0.072,0.032,0.029,0.7,0.0,0.0,0.0,0.0,0.091,236.3,0.0,0.0,0.041,0.0,0.018,0.0,0.04,0.0,0.0,0.0,0.0,0.0,0.0,0.088,0.088,7.1,0.5,2.4,87.7,0.0,0.081,0.72
Chá de erva,2,0.0,0.014,0.043,0.071,0.4,0.0,0.0,0.0,0.0,0.064,199.4,0.0,0.007,0.093,0.0,0.051,0.0,0.096,0.0,0.0,0.0,0.0,0.0,4.0,0.059,0.2,2.0,0.019,0.0,18.0,0.0,0.006,4.6
Suco de limão e tomate,80,0.3,0.0,0.0,0.0,18.2,5.5,1.0,0.7,0.0,0.6,145.1,0.0,0.015,0.079,0.0,0.064,0.4,0.1,0.1,8.3,0.0,0.2,0.0,13.3,0.011,0.2,8.3,0.073,18.3,147.7,0.097,0.1,42.0
Suco de tomate,41,0.7,0.043,0.062,0.043,8.6,6.3,2.1,1.0,0.0,0.063,229.0,0.0,0.069,0.2,0.003,0.0,0.2,1.6,0.6,0.2,170.3,0.0,0.8,0.056,24.3,0.1,0.9,26.7,0.2,46.2,527.3,0.067,12.742
Suco vegetal,53,0.2,0.071,0.016,0.1,11.1,7.9,1.5,1.9,0.0,0.1,226.3,0.0,0.0,0.095,0.039,0.0,0.091,1.8,0.6,0.3,67.0,0.0,0.8,0.007,26.6,0.5,1.0,26.6,0.2,41.1,467.1,0.026,15.538
Sucos de vegetal de tomate,53,0.2,0.014,0.014,0.1,11.1,9.2,1.5,1.9,0.0,0.2,226.3,0.0,0.034,0.047,0.0,0.097,1.8,0.0,0.3,67.0,0.0,0.8,0.085,26.6,0.5,1.0,26.6,0.0,41.1,467.1,0.046,0.5,109.3
Suco de cenoura,80,0.3,0.055,0.027,0.1,18.6,7.8,1.9,1.6,0.0,0.1,177.7,0.0,0.2,0.077,0.0,0.1,0.8,0.5,0.4,17.0,0.0,2.3,0.047,48.0,0.087,0.9,28.0,0.3,84.0,584.0,0.046,0.4,88.3
Avelada,144,8.9,1.2,5.6,1.7,15.2,0.0,2.3,0.0,0.0,0.0,1.4,0.0,0.005,0.085,0.0,0.021,0.7,0.3,0.2,0.0,0.0,0.0,0.0,15.3,0.2,0.3,23.2,0.4,29.1,200.6,0.0,0.2,42.0
Sementes de trigo fenogreco,36,0.7,0.2,0.0,0.0,6.5,0.0,2.6,2.7,0.0,0.09,1.0,0.0,0.036,0.046,0.0,0.019,0.2,0.0,0.064,0.3,0.0,0.0,0.0,19.5,0.1,3.7,21.2,0.1,32.9,85.5,0.025,0.3,36.0
Topping de amendoim da McDonald's,181,15.0,2.4,7.3,4.0,4.6,1.2,7.9,0.0,0.0,0.0,0.2,0.0,0.07,0.015,0.0,0.099,4.7,0.3,0.2,0.0,0.0,2.3,0.0,13.0,0.1,0.4,54.6,0.6,103.0,179.4,0.0,0.8,40.9
Nozes de castanha secas,173,15.0,1.7,6.6,6.0,10.1,0.0,1.9,0.0,0.0,0.068,2.0,0.0,0.053,0.087,0.0,0.1,0.3,0.3,0.2,4.7,0.0,0.0,0.0,0.3,0.2,0.7,0.0,0.4,0.0,305.1,0.0,0.1,32.7
Sementes de árvore de panificadora crua,61,0.3,0.089,0.061,0.1,13.1,0.0,1.7,0.0,0.0,0.084,12.7,0.0,0.04,0.077,0.0,0.053,0.2,0.3,0.1,7.8,0.0,0.0,0.0,27.7,0.4,0.6,19.2,0.015,19.0,334.8,0.0,0.3,51.2
Sementes de cominho,8,0.5,0.096,0.3,0.013,0.9,0.063,0.4,0.2,0.0,0.073,0.2,0.0,0.079,0.015,0.0,0.093,0.064,0.0,0.021,0.2,0.0,0.096,0.001,19.6,0.058,1.4,7.7,0.087,10.5,37.5,0.072,0.1,23.2
Amêndoa de pili secada,863,95.5,37.4,44.7,9.1,4.8,0.0,13.0,0.0,0.0,0.014,3.3,0.0,1.1,0.066,0.0,0.1,0.6,0.6,0.1,0.7,0.0,0.0,0.0,174.0,1.1,4.2,362.4,2.8,690.0,608.4,0.0,3.6,292.2
Avelanjas torradas,194,18.7,1.4,14.0,2.5,5.3,1.5,4.5,2.8,0.0,0.0,0.8,0.0,0.1,0.031,0.0,0.074,0.6,0.3,0.2,1.1,0.0,4.6,0.0,36.9,0.5,1.3,51.9,1.7,93.0,226.5,0.061,0.8,70.6
Lupins cozidos,193,4.8,0.6,2.0,1.2,15.4,0.0,25.8,4.6,0.0,0.4,118.0,0.0,0.2,0.083,0.0,0.071,0.8,0.3,0.016,1.8,0.0,0.0,0.0,84.7,0.4,2.0,89.6,1.1,212.5,406.7,0.084,2.3,139.1
Amandos tostados,178,17.3,1.3,13.6,1.6,4.8,1.0,3.9,3.1,0.0,0.0,1.6,0.0,0.1,0.021,0.0,0.049,0.4,0.2,0.2,0.6,0.0,5.0,0.0,42.2,0.5,0.9,45.3,3.6,87.7,186.2,0.015,0.6,72.8
Nozes-do-Brasil secas,33,3.3,0.8,1.2,1.0,0.6,0.1,0.7,0.4,0.0,0.073,0.2,0.0,0.079,0.035,0.0,0.013,0.083,0.051,0.041,0.024,0.0,0.3,0.0,8.0,0.074,0.1,18.8,0.084,36.3,33.0,0.035,0.2,13.139
Sementes de girassol secas torradas,47,4.0,0.4,0.8,2.6,1.9,0.2,1.5,0.9,0.0,0.067,0.076,0.0,0.087,0.072,0.0,0.086,0.6,0.6,0.01,0.1,0.0,2.1,0.037,5.6,0.1,0.3,10.3,0.2,92.4,68.0,0.021,0.4,14.3
Nózes de ginkgo em lata,172,2.5,0.5,0.9,0.9,34.3,0.0,3.5,14.4,0.0,0.5,113.1,0.0,0.2,0.06,0.0,0.052,5.6,0.2,0.3,14.1,0.0,0.0,0.0,6.2,0.3,0.4,24.8,0.1,83.7,279.0,0.067,0.3,75.4
Ameixas cozidas,572,39.6,5.5,19.7,12.5,38.3,4.4,24.3,15.8,0.0,1.4,75.2,0.0,0.5,0.1,0.0,0.1,9.5,1.5,0.3,0.0,0.0,7.4,0.0,99.0,0.9,1.8,183.6,1.8,356.4,324.0,0.027,3.3,218.8
Sementes de abobrinha secas,721,63.3,11.2,21.0,27.1,13.8,1.8,39.0,7.7,0.0,0.013,6.7,0.0,0.4,0.024,0.0,0.2,6.4,1.0,0.2,2.5,0.0,2.8,0.03,59.3,1.7,11.4,763.7,5.9,1590.6,1043.6,0.078,10.1,197.0
Ameixas de caju cruas,156,12.4,2.2,6.7,2.2,8.5,1.7,5.2,0.9,0.0,0.02,1.5,0.0,0.1,0.076,0.0,0.071,0.3,0.2,0.1,0.1,0.0,0.3,0.04,10.5,0.6,1.9,82.6,0.5,167.8,186.8,0.039,1.6,39.5
Sementes de girassol secas,269,23.7,2.0,8.5,10.6,9.2,1.2,9.6,4.0,0.0,0.014,2.2,0.0,0.7,0.1,0.0,0.2,3.8,0.5,0.6,0.6,0.0,16.2,0.0,35.9,0.8,2.4,149.5,0.9,303.6,296.7,0.077,2.3,85.4
Sementes de lótus secas,106,0.6,0.1,0.1,0.4,20.6,0.0,4.9,0.0,0.0,0.024,4.5,0.0,0.2,0.019,0.0,0.059,0.5,0.3,0.2,0.0,0.0,0.0,0.0,52.2,0.1,1.1,67.2,0.7,200.3,437.8,0.0,0.3,79.4
Nozes de castanha secas,734,68.4,1.6,12.5,51.3,14.5,0.0,29.9,5.6,0.0,0.062,4.0,0.0,0.5,0.088,0.0,0.2,1.3,0.8,0.7,3.8,0.0,0.0,0.0,63.6,0.5,4.8,284.4,7.9,535.2,505.2,0.028,3.8,190.6
Sementes de girassol secas,52,4.5,0.6,1.7,2.0,2.1,0.031,1.6,1.1,0.0,0.049,0.4,0.0,0.037,0.05,0.0,0.057,0.4,0.082,0.096,0.0,0.0,0.099,0.0,87.8,0.4,1.3,31.6,0.2,56.6,42.1,0.047,0.7,98.4
Sementes de breadfruit,57,1.7,0.5,0.2,0.9,8.8,0.0,2.2,1.6,0.0,0.04,16.9,0.0,0.1,0.095,0.0,0.066,0.1,0.3,0.024,2.0,0.0,0.0,0.0,10.8,0.3,1.1,16.2,0.049,52.5,282.3,0.0,0.3,28.2
Amêndoa de pinheirinho secada,1,0.073,0.022,0.044,0.074,0.01,0.0,0.083,0.005,0.0,0.07,0.045,0.0,0.02,0.066,0.0,0.04,0.027,0.0,0.048,0.004,0.0,0.0,0.0,0.022,0.078,0.007,0.2,0.012,0.098,0.6,0.0,0.049,0.359
Amandos de pinheiro secos,909,92.3,6.6,25.3,46.0,17.7,4.8,18.5,5.0,0.0,0.086,3.1,0.0,0.5,0.018,0.0,0.3,5.9,0.4,0.1,1.1,0.0,12.6,0.002,21.6,1.8,7.5,338.9,11.9,776.3,806.0,0.061,8.7,163.7
Sementes de flocio,55,4.3,0.4,0.8,3.0,3.0,0.2,1.9,2.8,0.0,0.035,0.7,0.0,0.2,0.015,0.0,0.095,0.3,0.1,0.056,0.023,0.0,0.042,0.053,26.3,0.1,0.6,40.4,0.3,66.1,83.7,0.05,0.4,38.994
Sementes de amora secas,146,10.9,1.0,1.4,8.0,9.7,0.0,4.6,0.0,0.0,0.042,1.6,0.0,0.3,0.055,0.0,0.1,0.6,1.1,0.3,0.0,0.0,0.0,0.0,22.1,0.5,1.4,99.9,0.6,182.3,194.4,0.0,1.4,48.7
Ameixas-crunch de pistache in natura,691,55.8,6.8,29.3,16.9,33.8,9.4,24.9,12.7,0.0,0.037,4.8,0.0,1.1,0.087,0.0,0.2,1.6,0.6,2.1,6.9,0.0,2.8,0.0,129.2,1.6,4.8,148.8,1.5,602.7,1260.8,0.078,2.7,268.1
Ameixas cruas,828,71.9,10.0,35.7,22.7,23.5,5.8,37.7,12.4,0.0,0.038,9.5,0.0,0.9,0.4,0.0,0.2,17.6,2.6,0.5,0.0,0.0,12.2,0.0,134.3,1.7,6.7,245.3,2.8,549.0,1029.3,0.032,4.8,286.5
Sementes de amora,46,3.7,0.4,0.5,2.5,2.5,0.3,1.6,1.7,0.0,0.079,0.5,0.0,0.034,0.044,0.0,0.04,0.069,0.071,0.09,0.061,0.0,0.2,0.0,126.5,0.1,0.9,30.5,0.6,76.6,63.3,0.059,0.7,136.934
Ameixas de Valencia crúas,832,69.5,10.7,31.3,24.1,30.5,0.0,36.6,12.7,0.0,0.094,6.2,0.0,0.9,0.4,0.0,0.4,18.8,2.6,0.5,0.0,0.0,0.0,0.0,90.5,1.7,3.1,268.6,2.9,490.6,484.7,0.056,4.9,242.9
Amendoins espanhóis,832,72.4,11.2,32.6,25.1,23.1,0.0,38.2,13.9,0.0,0.036,9.3,0.0,1.0,0.4,0.0,0.2,23.3,2.6,0.5,0.0,0.0,0.0,0.0,154.8,1.3,5.7,274.5,3.9,566.5,1086.2,0.077,3.1,308.1
Sementes de alfavaca,20,1.0,0.018,0.6,0.041,3.6,0.0,1.1,1.4,0.0,0.037,0.5,0.0,0.011,0.085,0.0,0.059,0.2,0.0,0.001,1.4,0.0,0.0,0.0,100.1,0.009,1.1,16.9,0.1,18.3,78.3,0.075,0.3,109.7
Sementes de caril,22,1.0,0.03,0.5,0.2,3.3,0.038,1.3,2.5,0.0,0.014,0.7,0.0,0.096,0.052,0.0,0.075,0.2,0.0,0.099,1.4,0.0,0.2,0.0,46.2,0.077,1.1,17.3,0.034,38.1,90.5,0.062,0.4,56.8
Avela crua,110,6.8,0.9,4.3,1.3,11.5,0.0,1.7,0.0,0.0,0.0,7.9,0.0,0.016,0.06,0.0,0.045,0.5,0.2,0.1,0.0,0.0,0.0,0.0,11.6,0.2,0.2,17.5,0.4,22.4,152.5,0.0,0.1,31.8
Amandos torrados,182,16.6,1.3,10.4,4.1,5.3,1.4,6.4,3.2,0.0,0.029,0.8,0.0,0.055,0.032,0.0,0.2,1.1,0.049,0.065,0.0,0.0,7.8,0.0,87.3,0.3,1.1,82.2,0.7,139.8,209.7,0.017,0.9,119.9
Sementes de lótus crua,25,0.1,0.097,0.011,0.002,4.9,0.0,1.2,0.0,0.0,0.02,21.8,0.0,0.073,0.052,0.0,0.07,0.1,0.088,0.074,0.0,0.0,0.0,0.0,12.5,0.079,0.3,15.8,0.2,47.5,103.9,0.0,0.043,19.0
Castanhas cozidas,37,0.4,0.016,0.1,0.2,7.9,0.0,0.6,0.0,0.0,0.046,19.3,0.0,0.095,0.099,0.0,0.053,0.2,0.046,0.021,7.6,0.0,0.0,0.0,13.0,0.1,0.5,15.3,0.2,28.0,202.3,0.0,0.02,30.0
Sementes de alfafa,1,0.075,0.029,0.067,0.057,0.002,0.058,0.1,0.015,0.0,0.048,2.8,0.0,0.065,0.008,0.0,0.078,0.02,0.051,0.021,0.2,0.0,0.036,0.042,1.0,0.048,0.034,0.8,0.024,2.1,2.4,0.076,0.071,1.435
Avelãs de Virgínia tostadas,173,14.6,1.9,7.6,4.4,6.0,0.0,7.8,2.7,0.0,0.018,0.7,0.0,0.066,0.061,0.0,0.022,4.4,0.4,0.099,0.0,0.0,0.0,0.0,25.8,0.4,0.5,56.4,0.6,151.8,195.6,0.006,2.0,57.4
Ameixas cruas,471,45.6,3.3,34.2,5.9,12.5,3.3,11.2,7.3,0.0,0.0,4.0,0.0,0.5,0.034,0.0,0.022,1.4,0.7,0.4,4.7,0.0,11.3,0.097,85.5,1.3,3.5,122.3,4.6,217.5,510.0,0.012,1.8,170.3
Sementes de anís,7,0.3,0.06,0.2,0.066,1.1,0.0,0.4,0.3,0.0,0.1,0.2,0.0,0.058,0.002,0.0,0.091,0.09,0.058,0.01,0.4,0.0,0.0,0.0,13.6,0.024,0.8,3.6,0.031,9.2,30.3,0.05,0.1,16.9
Azeitonas de macadâmia tostadas,215,22.8,3.6,17.8,0.4,4.0,1.2,2.3,2.4,0.0,0.064,0.5,0.0,0.2,0.002,0.0,0.086,0.7,0.2,0.1,0.2,0.0,0.2,0.0,21.0,0.2,0.8,35.4,0.9,59.4,108.9,0.085,0.4,53.5
Alimentos para estudantes Alnatura,139,7.8,0.9,4.8,2.0,13.2,11.7,3.1,0.031,1.7,0.0,0.0,0.0,0.0,0.0,0.0,0.0,0.0,0.0,0.0,0.0,0.0,0.0,0.0,0.0,0.0,0.0,0.0,0.0,0.0,0.0,0.0,0.0,24.152
Sementes de abobrinha assadas,46,3.9,0.7,1.3,1.6,1.2,0.1,2.4,0.5,0.0,0.045,0.2,0.0,0.046,0.041,0.0,0.046,0.4,0.02,0.012,0.1,0.0,0.049,0.002,4.2,0.1,0.6,44.0,0.4,93.9,63.0,0.05,0.6,12.9
Chestinha de água crua,120,0.1,0.039,0.055,0.089,29.7,6.0,1.7,3.7,0.0,0.097,91.1,0.0,0.2,0.011,0.0,0.2,1.2,0.6,0.4,5.0,0.0,1.5,0.058,13.6,0.4,0.034,27.3,0.4,78.1,724.2,0.004,0.6,53.84
Aromelhos de castanha,37,0.3,0.009,0.1,0.1,7.9,1.6,0.5,0.8,0.0,0.043,6.1,0.0,0.08,0.096,0.0,0.011,0.2,0.046,0.075,3.9,0.0,0.08,0.008,4.4,0.075,0.1,5.0,0.2,16.1,88.8,0.037,0.086,17.9
Nozes de ginkgo crúas,52,0.5,0.029,0.2,0.2,10.6,0.0,1.2,0.0,0.0,0.067,15.6,0.0,0.013,0.085,0.0,0.04,1.7,0.078,0.098,4.2,0.0,0.0,0.0,0.6,0.029,0.3,7.6,0.027,35.1,144.3,0.0,0.079,17.4
Amandos crus,9,0.7,0.04,0.5,0.2,0.3,0.026,0.3,0.2,0.0,0.043,0.026,0.0,0.079,0.073,0.0,0.066,0.052,0.068,0.029,0.0,0.0,0.4,0.0,4.0,0.007,0.082,4.0,0.007,7.3,10.6,0.013,0.061,5.554
Amandoinas torradas,180,15.8,2.6,7.8,4.6,4.6,1.3,8.4,2.8,0.0,0.069,0.4,0.0,0.057,0.051,0.0,0.02,4.1,0.4,0.1,0.2,0.0,2.1,0.0,18.3,0.2,0.5,52.8,0.6,119.1,217.8,0.066,1.0,50.6
Sementes de girassol tostadas,829,76.1,8.0,14.5,50.3,27.6,0.0,23.1,15.4,0.0,0.8,1.3,0.0,0.4,0.3,0.0,0.4,5.6,9.5,1.1,1.9,0.0,0.0,0.0,76.4,2.5,9.1,172.9,2.8,1551.7,657.9,0.066,7.1,229.6
Sementes de sisymbrium,235,3.4,0.7,1.1,1.5,43.1,0.0,9.0,0.0,0.0,0.047,4.5,0.0,0.1,0.072,0.0,0.3,12.5,0.7,0.6,22.7,0.0,0.0,0.0,1208.4,0.052,0.098,232.4,1.1,4.4,1576.2,0.0,0.2,1286.643
Sementes de árvore de panetão secas,587,2.7,0.7,0.3,1.4,127.0,0.0,13.8,23.8,0.0,0.091,10.4,0.0,0.04,0.2,0.0,0.2,3.4,3.0,1.1,74.6,0.0,0.0,0.0,150.4,3.9,7.4,184.0,0.5,284.8,3217.6,0.011,3.1,399.7
Nozes pecan crúas,753,78.4,6.7,44.5,23.6,15.1,4.3,10.0,10.5,0.0,0.0,3.8,0.0,0.7,0.019,0.0,0.1,1.3,0.9,0.2,1.2,0.0,1.5,0.033,76.3,1.3,2.8,131.9,4.9,301.9,446.9,0.039,4.9,194.3
Sementes de chia secas,138,8.7,0.9,0.7,6.7,11.9,0.0,4.7,9.7,0.0,0.047,1.6,0.0,0.2,0.098,0.0,0.08,2.5,0.0,0.0,0.5,0.0,0.1,0.0,178.6,0.3,2.2,94.8,0.8,243.4,115.2,0.035,1.3,216.3
Castanhas japonesas assadas,57,0.2,0.08,0.1,0.094,12.8,0.0,0.8,0.0,0.0,0.079,14.1,0.0,0.1,0.022,0.0,0.0,0.2,0.1,0.1,7.9,0.0,0.0,0.0,9.9,0.2,0.6,18.1,0.6,26.3,120.8,0.0,0.4,32.2
Sementes de sésamo torradas,45,3.8,0.5,1.5,1.7,2.1,0.0,1.4,1.1,0.0,0.07,0.3,0.0,0.084,0.075,0.0,0.022,0.4,0.074,0.002,0.0,0.0,0.0,0.0,79.1,0.2,1.2,28.5,0.2,51.0,38.0,0.03,0.6,88.7
Amandos de cashew tostados,174,14.3,2.5,7.8,2.6,9.0,1.5,5.1,1.0,0.0,0.091,0.7,0.0,0.1,0.08,0.0,0.025,0.5,0.3,0.056,0.071,0.0,0.3,0.041,12.9,0.6,1.8,81.9,0.5,159.3,189.6,0.02,1.6,44.12
Lupinos crus,668,17.5,2.1,7.1,4.4,72.7,0.0,65.1,34.0,0.0,0.009,18.8,0.0,1.2,0.6,0.0,0.4,3.9,1.4,0.6,8.6,0.0,0.0,0.0,316.8,1.8,7.8,356.4,4.3,792.0,1823.4,0.09,8.6,522.5
Sementes de mostarda moinhadas,10,0.7,0.012,0.5,0.2,0.6,0.1,0.5,0.2,0.0,0.017,0.1,0.0,0.072,0.093,0.0,0.02,0.093,0.018,0.0,0.1,0.0,0.1,0.086,5.3,0.055,0.2,7.4,0.078,16.6,14.8,0.003,0.1,7.6
Ameixas mistas torradas,178,15.4,2.0,9.4,3.2,7.6,1.4,5.2,2.7,0.0,0.1,0.5,0.0,0.063,0.008,0.0,0.074,1.4,0.4,0.073,0.1,0.0,3.3,0.017,21.0,0.4,1.1,67.5,0.6,130.5,207.9,0.053,1.1,53.1
Mistura de salada Alestron,61,5.2,0.9,0.1,0.3,2.4,0.0,0.0,0.0,0.0,0.0,0.0,0.0,0.0,0.0,0.0,0.0,0.0,0.0,0.0,0.0,0.0,0.0,0.0,0.0,0.0,0.0,0.0,0.0,0.0,0.0,0.0,0.0,7.6
Castanhas cruas,309,3.3,0.6,1.1,1.3,66.0,0.0,3.5,11.7,0.0,0.02,70.5,0.0,0.3,0.03,0.0,0.2,1.7,0.7,0.5,62.4,0.0,0.0,0.0,39.2,0.6,1.5,46.4,1.4,134.9,751.1,0.0,0.8,187.6
Ameixas pistache torradas,172,13.7,1.7,7.4,4.0,8.5,2.3,6.3,3.1,0.0,0.008,0.6,0.0,0.0,0.2,0.009,0.0,0.072,0.4,0.2,0.3,0.9,0.0,0.7,0.054,32.1,0.4,1.2,32.7,0.4,140.7,302.1,0.021,32.348
"Noz

(Note: ""Noz"" is the Portuguese translation for ""walnut"")",33,3.3,0.3,0.4,2.4,0.7,0.1,0.8,0.3,0.0,0.041,0.2,0.0,0.064,0.004,0.0,0.037,0.075,0.029,0.018,0.037,0.0,0.06,0.029,4.9,0.058,0.1,7.9,0.2,17.3,22.1,0.06,0.2,10.109
Sementes de cebola,25,1.6,0.1,1.0,0.2,2.7,0.078,1.2,0.8,0.0,0.068,0.4,0.0,0.098,0.05,0.0,0.022,0.2,0.0,0.039,1.1,0.0,0.06,0.0,114.9,0.029,2.9,28.6,0.5,35.6,91.0,0.057,0.5,125.2
Nós de hickory secas,788,77.2,8.4,39.1,26.3,21.9,0.0,15.3,7.7,0.0,0.053,3.2,0.0,1.0,0.042,0.0,0.2,1.1,2.1,0.2,2.4,0.0,0.0,0.0,73.2,0.9,2.5,207.6,5.5,403.2,523.2,0.038,5.2,200.2
Amandos espanhóis torrados,851,72.1,11.1,32.4,25.0,25.7,0.0,41.2,13.1,0.0,0.6,2.6,0.0,0.5,0.2,0.0,0.1,22.0,2.0,0.4,0.0,0.0,0.0,0.0,147.0,1.0,3.4,247.0,3.5,568.9,1140.7,0.083,2.9,302.5
Sementes de woca secas,102,0.3,0.025,0.044,0.059,22.6,0.1,2.2,5.4,0.0,0.048,2.6,0.0,0.029,0.092,0.0,0.042,1.2,0.4,0.3,0.0,0.0,10.1,0.0,7.6,0.041,0.4,24.3,0.3,64.8,156.5,0.021,1.8,38.5
Azeitonas torradas,215,22.6,2.2,12.3,7.1,3.9,1.2,2.8,2.9,0.0,0.062,0.3,0.0,0.1,0.053,0.0,0.02,0.4,0.2,0.071,0.2,0.0,0.8,0.0,20.1,0.4,0.7,36.3,1.1,78.9,117.6,0.004,1.3,53.2
Sementes de hortelã,7,0.3,0.008,0.2,0.065,1.0,0.0,0.3,0.8,0.0,0.097,0.2,0.0,0.021,0.0,0.0,0.092,0.1,0.0,0.045,0.4,0.0,0.0,0.0,23.9,0.051,0.4,7.7,0.1,9.7,33.9,0.0,0.042,27.1
Castanhas chinesas assadas,68,0.3,0.027,0.2,0.073,14.8,0.0,1.3,0.0,0.0,0.052,11.4,0.0,0.036,0.1,0.0,0.037,0.4,0.2,0.1,10.9,0.0,0.0,0.0,5.4,0.1,0.4,25.5,0.5,28.9,135.0,0.0,0.3,33.1
Sementes de melão seco,602,51.2,10.6,8.0,30.3,16.5,0.0,30.6,0.0,0.0,0.1,5.5,0.0,0.2,0.038,0.0,0.2,3.8,0.4,0.032,0.0,0.0,0.0,0.0,58.3,0.7,7.9,556.2,1.7,815.4,699.8,0.0,11.1,164.5
Amêndoa-do-macadâmia crua,38,4.0,0.6,3.1,0.059,0.7,0.2,0.4,0.5,0.0,0.011,0.011,0.0,0.032,0.061,0.0,0.042,0.1,0.066,0.035,0.062,0.0,0.058,0.0,4.5,0.009,0.2,6.8,0.2,9.9,19.3,0.064,0.034,10.387
pectina,163,0.2,0.052,0.093,0.076,45.2,0.0,0.2,4.3,0.0,0.1,4.4,0.0,0.042,0.025,0.0,0.021,0.017,0.023,0.063,0.0,0.0,0.0,0.0,3.5,0.2,1.4,0.5,0.094,1.0,3.5,0.0,0.2,54.8
Noz de castanho secas,31,3.0,0.2,0.8,1.8,0.5,0.018,1.2,0.3,0.0,0.028,0.2,0.0,0.014,0.083,0.0,0.097,0.036,0.056,0.067,0.032,0.0,0.091,0.029,3.1,0.071,0.2,10.1,0.2,25.7,26.2,0.046,0.2,8.347
Castanha d'água enlatada,70,0.015,0.05,0.068,0.053,17.2,3.4,1.2,3.5,0.0,0.011,121.0,0.0,0.035,0.016,0.0,0.03,0.5,0.3,0.2,1.8,0.0,0.7,0.043,5.6,0.1,1.2,7.0,0.2,26.6,165.2,0.099,0.5,30.594
"Nozes de Ginkgo secas

(Note: ""Ginkgo"" is a proper noun and remains unchanged in the translation ""Nuts"" is translated to ""nozes"", which is the plural form of ""nó"" in Portuguese)",98,0.6,0.1,0.2,0.2,20.5,0.0,2.9,0.0,0.0,0.045,3.5,0.0,0.1,0.054,0.0,0.01,3.3,0.4,0.2,8.3,0.0,0.0,0.0,5.7,0.2,0.5,15.0,0.059,76.1,282.4,0.0,0.2,38.5
Ameixas de Virgínia crúas,822,71.2,9.3,36.9,21.5,24.1,5.8,36.8,12.4,0.0,0.008,10.1,0.0,1.0,0.3,0.0,0.2,18.1,2.6,0.5,0.0,0.0,9.6,0.0,129.9,1.6,3.7,249.7,2.5,554.8,1007.4,0.042,6.5,278.1
Amandos de Valencia tostados,177,15.4,2.4,6.9,5.3,4.9,0.0,8.1,2.7,0.0,0.004,0.6,0.0,0.052,0.003,0.0,0.068,4.3,0.4,0.072,0.0,0.0,0.0,0.0,16.2,0.3,0.5,48.0,0.5,95.7,183.6,0.046,0.9,47.8
Ração de cereal Nestle Nesfit,75,0.0,14.5,2.8,0.0,0.0,0.0,0.0,0.0,0.0,0.0,0.0,0.0,0.0,0.0,0.0,0.0,0.0,0.0,0.0,0.0,0.0,0.0,0.0,0.0,0.0,0.0,0.0,0.0,0.0,0.0,0.0,0.0,0.0
Avena cozida,182,1.2,0.2,0.2,0.4,37.9,0.3,4.4,2.1,0.0,0.6,213.1,0.0,0.2,0.002,0.0,0.1,2.1,0.1,0.1,0.0,0.0,0.03,0.0,2.6,0.0,1.5,18.0,0.008,51.4,69.4,0.052,0.5,49.7
Flocos de amaranto,134,2.7,0.5,0.8,1.0,27.0,0.2,5.9,3.6,0.0,0.067,1.1,0.0,0.033,0.025,0.0,0.0,1.0,0.0,0.006,1.0,0.0,0.5,0.007,6.5,0.011,0.7,9.5,0.0,125.8,134.1,0.009,0.011,47.4
Granola,293,14.6,2.4,6.6,4.7,32.3,11.9,8.2,5.3,0.0,0.01,3.5,0.008,0.3,0.017,0.0,0.2,1.6,0.9,0.2,0.7,0.0,6.7,0.035,45.6,0.4,2.4,100.8,2.4,258.6,323.4,0.087,2.5,109.142
Muesli com frutas e nozes,231,3.4,0.5,1.2,1.4,45.7,14.2,4.3,5.8,0.0,0.1,5.1,0.2,0.4,177.6,0.047,0.5,5.5,2.8,0.5,0.0,0.028,1.4,0.038,25.8,0.2,5.9,72.0,1.3,176.4,229.2,0.083,1.6,91.1
Crumbe master muesli,124,2.4,1.0,19.8,8.5,4.5,0.042,2.4,0.0,0.0,0.0,0.0,0.0,0.0,0.0,0.0,0.0,0.0,0.0,0.0,0.0,0.0,0.0,0.0,0.0,0.0,0.0,0.0,0.0,0.0,0.0,0.0,0.0,9.3
Flocos de aveia,131,0.8,0.2,0.1,0.5,32.2,7.4,4.0,7.3,0.0,0.2,1.4,0.0,0.3,0.5,0.4,0.011,0.6,6.7,0.3,0.7,0.0,0.09,0.3,0.025,17.6,0.3,11.2,91.6,1.4,179.6,213.2,0.083,45.358
Cereal de nozes,245,5.9,1.0,3.9,0.5,46.2,17.2,4.0,3.6,0.0,0.3,2.6,0.2,0.5,0.3,0.0,0.6,6.5,0.3,0.7,10.7,0.002,0.0,0.0,75.6,0.2,10.3,39.0,1.0,106.8,134.4,0.066,3.0,156.5
Flakes de milho,108,0.3,0.098,0.071,0.018,24.6,2.2,1.7,0.8,0.0,0.2,0.9,0.0,0.3,1.3,0.026,0.056,0.5,5.9,0.022,0.5,18.2,0.011,0.011,0.0,0.6,0.083,5.4,2.0,0.06,9.2,30.0,0.077,27.947
Avena em flocos secos,36,0.2,0.022,0.018,0.032,7.7,0.008,0.7,0.4,0.0,0.054,1.1,0.0,0.1,0.08,0.0,0.032,0.4,0.072,0.097,0.0,0.0,0.07,0.0,0.4,0.086,0.3,3.5,0.029,10.8,13.7,0.024,0.046,9.7
